<?xml version="1.0" encoding="UTF-8"?>
<gpx creator="StravaGPX" version="1.1" xmlns="http://www.topografix.com/GPX/1/1" xmlns:xsi="http://www.w3.org/2001/XMLSchema-instance" xsi:schemaLocation="http://www.topografix.com/GPX/1/1 http://www.topografix.com/GPX/1/1/gpx.xsd">
 <metadata>
  <name>14 sommets de 2000m des Bauges </name>
  <author>
   <name>emilien Marion</name>
   <link href="https://www.strava.com/athletes/79224240"/>
  </author>
  <copyright author="OpenStreetMap contributors">
   <year>2020</year>
   <license>https://www.openstreetmap.org/copyright</license>
  </copyright>
  <link href="https://www.strava.com/routes/3203751822750265220"/>
 </metadata>
 <trk>
  <name>14 sommets de 2000m des Bauges </name>
  <link href="https://www.strava.com/routes/3203751822750265220"/>
  <type>running</type>
  <trkseg>
   <trkpt lat="45.73693" lon="6.369000000000001">
    <ele>1200.52</ele>
   </trkpt>
   <trkpt lat="45.73716" lon="6.36929">
    <ele>1211.68</ele>
   </trkpt>
   <trkpt lat="45.73767" lon="6.369580000000001">
    <ele>1230.7100000000003</ele>
   </trkpt>
   <trkpt lat="45.738060000000004" lon="6.36988">
    <ele>1239.5200000000002</ele>
   </trkpt>
   <trkpt lat="45.73834" lon="6.370030000000001">
    <ele>1244.7400000000002</ele>
   </trkpt>
   <trkpt lat="45.738400000000006" lon="6.369980000000001">
    <ele>1246.46</ele>
   </trkpt>
   <trkpt lat="45.73841" lon="6.369750000000001">
    <ele>1250.38</ele>
   </trkpt>
   <trkpt lat="45.73847000000001" lon="6.369630000000001">
    <ele>1252.25</ele>
   </trkpt>
   <trkpt lat="45.73856000000001" lon="6.369630000000001">
    <ele>1253.7600000000002</ele>
   </trkpt>
   <trkpt lat="45.73895" lon="6.370120000000001">
    <ele>1263.8500000000001</ele>
   </trkpt>
   <trkpt lat="45.73906" lon="6.3702000000000005">
    <ele>1263.8500000000001</ele>
   </trkpt>
   <trkpt lat="45.73921000000001" lon="6.370480000000001">
    <ele>1271.83</ele>
   </trkpt>
   <trkpt lat="45.739270000000005" lon="6.370550000000001">
    <ele>1271.83</ele>
   </trkpt>
   <trkpt lat="45.73933" lon="6.370570000000001">
    <ele>1271.83</ele>
   </trkpt>
   <trkpt lat="45.73941000000001" lon="6.3705300000000005">
    <ele>1271.83</ele>
   </trkpt>
   <trkpt lat="45.73955" lon="6.37039">
    <ele>1276.15</ele>
   </trkpt>
   <trkpt lat="45.73968000000001" lon="6.37035">
    <ele>1281.5800000000002</ele>
   </trkpt>
   <trkpt lat="45.7398" lon="6.370380000000001">
    <ele>1286.52</ele>
   </trkpt>
   <trkpt lat="45.740280000000006" lon="6.37028">
    <ele>1300.3999999999999</ele>
   </trkpt>
   <trkpt lat="45.74063" lon="6.36974">
    <ele>1321.4800000000002</ele>
   </trkpt>
   <trkpt lat="45.740730000000006" lon="6.369610000000001">
    <ele>1326.5300000000002</ele>
   </trkpt>
   <trkpt lat="45.74089" lon="6.369490000000001">
    <ele>1334.47</ele>
   </trkpt>
   <trkpt lat="45.741600000000005" lon="6.36915">
    <ele>1363.31</ele>
   </trkpt>
   <trkpt lat="45.741890000000005" lon="6.3689100000000005">
    <ele>1378.0</ele>
   </trkpt>
   <trkpt lat="45.74197" lon="6.36889">
    <ele>1386.71</ele>
   </trkpt>
   <trkpt lat="45.742050000000006" lon="6.36892">
    <ele>1386.71</ele>
   </trkpt>
   <trkpt lat="45.742110000000004" lon="6.36901">
    <ele>1390.8100000000002</ele>
   </trkpt>
   <trkpt lat="45.74217" lon="6.369190000000001">
    <ele>1396.3500000000001</ele>
   </trkpt>
   <trkpt lat="45.742360000000005" lon="6.3693800000000005">
    <ele>1398.7500000000002</ele>
   </trkpt>
   <trkpt lat="45.742470000000004" lon="6.3698500000000005">
    <ele>1393.79</ele>
   </trkpt>
   <trkpt lat="45.742520000000006" lon="6.369940000000001">
    <ele>1392.27</ele>
   </trkpt>
   <trkpt lat="45.7426" lon="6.370010000000001">
    <ele>1390.2800000000002</ele>
   </trkpt>
   <trkpt lat="45.742650000000005" lon="6.37002">
    <ele>1389.18</ele>
   </trkpt>
   <trkpt lat="45.742630000000005" lon="6.36981">
    <ele>1392.17</ele>
   </trkpt>
   <trkpt lat="45.74253" lon="6.369260000000001">
    <ele>1396.53</ele>
   </trkpt>
   <trkpt lat="45.742540000000005" lon="6.36899">
    <ele>1398.98</ele>
   </trkpt>
   <trkpt lat="45.7426" lon="6.368670000000001">
    <ele>1405.52</ele>
   </trkpt>
   <trkpt lat="45.74289" lon="6.367970000000001">
    <ele>1415.69</ele>
   </trkpt>
   <trkpt lat="45.74318" lon="6.3670100000000005">
    <ele>1427.66</ele>
   </trkpt>
   <trkpt lat="45.74333" lon="6.366280000000001">
    <ele>1441.04</ele>
   </trkpt>
   <trkpt lat="45.74336" lon="6.36596">
    <ele>1450.64</ele>
   </trkpt>
   <trkpt lat="45.74329" lon="6.3658600000000005">
    <ele>1450.64</ele>
   </trkpt>
   <trkpt lat="45.743230000000004" lon="6.365880000000001">
    <ele>1450.64</ele>
   </trkpt>
   <trkpt lat="45.74313" lon="6.36598">
    <ele>1454.17</ele>
   </trkpt>
   <trkpt lat="45.743050000000004" lon="6.366130000000001">
    <ele>1461.0700000000002</ele>
   </trkpt>
   <trkpt lat="45.74269" lon="6.366460000000001">
    <ele>1469.91</ele>
   </trkpt>
   <trkpt lat="45.742540000000005" lon="6.366790000000001">
    <ele>1477.1000000000001</ele>
   </trkpt>
   <trkpt lat="45.74250000000001" lon="6.366790000000001">
    <ele>1477.1000000000001</ele>
   </trkpt>
   <trkpt lat="45.74246" lon="6.3667300000000004">
    <ele>1478.28</ele>
   </trkpt>
   <trkpt lat="45.742450000000005" lon="6.36643">
    <ele>1483.84</ele>
   </trkpt>
   <trkpt lat="45.74266" lon="6.365690000000001">
    <ele>1497.64</ele>
   </trkpt>
   <trkpt lat="45.74273" lon="6.365100000000001">
    <ele>1504.22</ele>
   </trkpt>
   <trkpt lat="45.742850000000004" lon="6.364420000000001">
    <ele>1509.8400000000001</ele>
   </trkpt>
   <trkpt lat="45.74287" lon="6.3642">
    <ele>1511.92</ele>
   </trkpt>
   <trkpt lat="45.742830000000005" lon="6.363790000000001">
    <ele>1517.6600000000003</ele>
   </trkpt>
   <trkpt lat="45.742740000000005" lon="6.36352">
    <ele>1522.41</ele>
   </trkpt>
   <trkpt lat="45.7428" lon="6.36329">
    <ele>1527.7800000000002</ele>
   </trkpt>
   <trkpt lat="45.74277000000001" lon="6.363200000000001">
    <ele>1528.46</ele>
   </trkpt>
   <trkpt lat="45.74278" lon="6.3632100000000005">
    <ele>1528.46</ele>
   </trkpt>
   <trkpt lat="45.74273" lon="6.36312">
    <ele>1531.14</ele>
   </trkpt>
   <trkpt lat="45.74264" lon="6.363130000000001">
    <ele>1532.3200000000002</ele>
   </trkpt>
   <trkpt lat="45.74233" lon="6.363230000000001">
    <ele>1542.8000000000002</ele>
   </trkpt>
   <trkpt lat="45.742110000000004" lon="6.363060000000001">
    <ele>1548.72</ele>
   </trkpt>
   <trkpt lat="45.7419" lon="6.36303">
    <ele>1552.5700000000002</ele>
   </trkpt>
   <trkpt lat="45.74172" lon="6.362940000000001">
    <ele>1554.0800000000002</ele>
   </trkpt>
   <trkpt lat="45.741490000000006" lon="6.36296">
    <ele>1556.6000000000001</ele>
   </trkpt>
   <trkpt lat="45.74136" lon="6.363040000000001">
    <ele>1559.0700000000002</ele>
   </trkpt>
   <trkpt lat="45.741170000000004" lon="6.363040000000001">
    <ele>1563.38</ele>
   </trkpt>
   <trkpt lat="45.740860000000005" lon="6.362940000000001">
    <ele>1571.0400000000002</ele>
   </trkpt>
   <trkpt lat="45.74071000000001" lon="6.3627400000000005">
    <ele>1575.38</ele>
   </trkpt>
   <trkpt lat="45.740320000000004" lon="6.362430000000001">
    <ele>1585.8600000000001</ele>
   </trkpt>
   <trkpt lat="45.740170000000006" lon="6.3620600000000005">
    <ele>1591.16</ele>
   </trkpt>
   <trkpt lat="45.740140000000004" lon="6.361910000000001">
    <ele>1592.51</ele>
   </trkpt>
   <trkpt lat="45.74016" lon="6.3617300000000006">
    <ele>1593.96</ele>
   </trkpt>
   <trkpt lat="45.74034" lon="6.36148">
    <ele>1595.2</ele>
   </trkpt>
   <trkpt lat="45.74042" lon="6.3612400000000004">
    <ele>1596.5200000000002</ele>
   </trkpt>
   <trkpt lat="45.74045" lon="6.361070000000001">
    <ele>1597.2700000000002</ele>
   </trkpt>
   <trkpt lat="45.74047" lon="6.360690000000001">
    <ele>1600.8700000000001</ele>
   </trkpt>
   <trkpt lat="45.74035000000001" lon="6.36028">
    <ele>1604.2900000000002</ele>
   </trkpt>
   <trkpt lat="45.7402" lon="6.360200000000001">
    <ele>1604.69</ele>
   </trkpt>
   <trkpt lat="45.740010000000005" lon="6.360030000000001">
    <ele>1604.8600000000001</ele>
   </trkpt>
   <trkpt lat="45.73973" lon="6.35967">
    <ele>1605.6800000000003</ele>
   </trkpt>
   <trkpt lat="45.73957" lon="6.35956">
    <ele>1606.2900000000002</ele>
   </trkpt>
   <trkpt lat="45.73939" lon="6.35958">
    <ele>1608.94</ele>
   </trkpt>
   <trkpt lat="45.73935" lon="6.35963">
    <ele>1611.5100000000002</ele>
   </trkpt>
   <trkpt lat="45.739270000000005" lon="6.35963">
    <ele>1611.5100000000002</ele>
   </trkpt>
   <trkpt lat="45.73921000000001" lon="6.35974">
    <ele>1617.3400000000001</ele>
   </trkpt>
   <trkpt lat="45.73917" lon="6.359750000000001">
    <ele>1617.3400000000001</ele>
   </trkpt>
   <trkpt lat="45.73908" lon="6.35981">
    <ele>1621.3400000000001</ele>
   </trkpt>
   <trkpt lat="45.738980000000005" lon="6.359800000000001">
    <ele>1624.16</ele>
   </trkpt>
   <trkpt lat="45.738890000000005" lon="6.359710000000001">
    <ele>1628.7600000000002</ele>
   </trkpt>
   <trkpt lat="45.73877" lon="6.3597">
    <ele>1633.6100000000001</ele>
   </trkpt>
   <trkpt lat="45.73859" lon="6.359570000000001">
    <ele>1637.7400000000002</ele>
   </trkpt>
   <trkpt lat="45.73847000000001" lon="6.3593">
    <ele>1638.98</ele>
   </trkpt>
   <trkpt lat="45.73841" lon="6.3592200000000005">
    <ele>1639.65</ele>
   </trkpt>
   <trkpt lat="45.73838000000001" lon="6.35895">
    <ele>1641.67</ele>
   </trkpt>
   <trkpt lat="45.73821" lon="6.358200000000001">
    <ele>1643.49</ele>
   </trkpt>
   <trkpt lat="45.73818000000001" lon="6.357500000000001">
    <ele>1645.82</ele>
   </trkpt>
   <trkpt lat="45.738040000000005" lon="6.357130000000001">
    <ele>1650.27</ele>
   </trkpt>
   <trkpt lat="45.737950000000005" lon="6.356980000000001">
    <ele>1652.77</ele>
   </trkpt>
   <trkpt lat="45.737860000000005" lon="6.357080000000001">
    <ele>1661.2600000000002</ele>
   </trkpt>
   <trkpt lat="45.737660000000005" lon="6.3574600000000006">
    <ele>1667.39</ele>
   </trkpt>
   <trkpt lat="45.73762000000001" lon="6.35716">
    <ele>1675.2000000000003</ele>
   </trkpt>
   <trkpt lat="45.73751" lon="6.3567800000000005">
    <ele>1686.0900000000001</ele>
   </trkpt>
   <trkpt lat="45.73745" lon="6.3564300000000005">
    <ele>1693.2</ele>
   </trkpt>
   <trkpt lat="45.73709" lon="6.3570400000000005">
    <ele>1712.63</ele>
   </trkpt>
   <trkpt lat="45.737080000000006" lon="6.356330000000001">
    <ele>1727.4600000000003</ele>
   </trkpt>
   <trkpt lat="45.73698" lon="6.356000000000001">
    <ele>1732.3000000000002</ele>
   </trkpt>
   <trkpt lat="45.73682" lon="6.35606">
    <ele>1734.0300000000002</ele>
   </trkpt>
   <trkpt lat="45.736720000000005" lon="6.3561700000000005">
    <ele>1735.3</ele>
   </trkpt>
   <trkpt lat="45.736250000000005" lon="6.3558200000000005">
    <ele>1742.8500000000001</ele>
   </trkpt>
   <trkpt lat="45.7361" lon="6.3558">
    <ele>1746.93</ele>
   </trkpt>
   <trkpt lat="45.73604" lon="6.355810000000001">
    <ele>1750.2700000000002</ele>
   </trkpt>
   <trkpt lat="45.735960000000006" lon="6.355740000000001">
    <ele>1751.33</ele>
   </trkpt>
   <trkpt lat="45.7359" lon="6.355600000000001">
    <ele>1753.8200000000002</ele>
   </trkpt>
   <trkpt lat="45.735870000000006" lon="6.35561">
    <ele>1754.21</ele>
   </trkpt>
   <trkpt lat="45.73581" lon="6.3554900000000005">
    <ele>1754.38</ele>
   </trkpt>
   <trkpt lat="45.735710000000005" lon="6.3555">
    <ele>1754.3700000000001</ele>
   </trkpt>
   <trkpt lat="45.73561" lon="6.355600000000001">
    <ele>1759.66</ele>
   </trkpt>
   <trkpt lat="45.73556000000001" lon="6.3555600000000005">
    <ele>1761.53</ele>
   </trkpt>
   <trkpt lat="45.73556000000001" lon="6.35564">
    <ele>1765.5600000000002</ele>
   </trkpt>
   <trkpt lat="45.735510000000005" lon="6.35564">
    <ele>1767.74</ele>
   </trkpt>
   <trkpt lat="45.735440000000004" lon="6.355670000000001">
    <ele>1767.74</ele>
   </trkpt>
   <trkpt lat="45.73528" lon="6.35568">
    <ele>1776.8000000000002</ele>
   </trkpt>
   <trkpt lat="45.735290000000006" lon="6.355700000000001">
    <ele>1776.8000000000002</ele>
   </trkpt>
   <trkpt lat="45.735260000000004" lon="6.355700000000001">
    <ele>1783.24</ele>
   </trkpt>
   <trkpt lat="45.735240000000005" lon="6.355770000000001">
    <ele>1783.24</ele>
   </trkpt>
   <trkpt lat="45.73518000000001" lon="6.3557500000000005">
    <ele>1787.3300000000002</ele>
   </trkpt>
   <trkpt lat="45.73509000000001" lon="6.355670000000001">
    <ele>1787.3300000000002</ele>
   </trkpt>
   <trkpt lat="45.73507" lon="6.35571">
    <ele>1787.3300000000002</ele>
   </trkpt>
   <trkpt lat="45.735040000000005" lon="6.355670000000001">
    <ele>1787.3300000000002</ele>
   </trkpt>
   <trkpt lat="45.73496" lon="6.355740000000001">
    <ele>1805.3000000000002</ele>
   </trkpt>
   <trkpt lat="45.734910000000006" lon="6.35571">
    <ele>1805.3000000000002</ele>
   </trkpt>
   <trkpt lat="45.734860000000005" lon="6.35573">
    <ele>1805.3000000000002</ele>
   </trkpt>
   <trkpt lat="45.73483" lon="6.355670000000001">
    <ele>1805.3000000000002</ele>
   </trkpt>
   <trkpt lat="45.734770000000005" lon="6.355720000000001">
    <ele>1809.47</ele>
   </trkpt>
   <trkpt lat="45.734750000000005" lon="6.355770000000001">
    <ele>1809.47</ele>
   </trkpt>
   <trkpt lat="45.73471000000001" lon="6.35578">
    <ele>1809.47</ele>
   </trkpt>
   <trkpt lat="45.73469" lon="6.35573">
    <ele>1818.0600000000002</ele>
   </trkpt>
   <trkpt lat="45.73467" lon="6.355740000000001">
    <ele>1818.0600000000002</ele>
   </trkpt>
   <trkpt lat="45.73467" lon="6.355700000000001">
    <ele>1818.0600000000002</ele>
   </trkpt>
   <trkpt lat="45.73462000000001" lon="6.355620000000001">
    <ele>1820.0900000000001</ele>
   </trkpt>
   <trkpt lat="45.73456" lon="6.355670000000001">
    <ele>1821.98</ele>
   </trkpt>
   <trkpt lat="45.734370000000006" lon="6.35573">
    <ele>1832.39</ele>
   </trkpt>
   <trkpt lat="45.73425" lon="6.35571">
    <ele>1836.38</ele>
   </trkpt>
   <trkpt lat="45.7342" lon="6.35568">
    <ele>1836.38</ele>
   </trkpt>
   <trkpt lat="45.734230000000004" lon="6.35564">
    <ele>1844.92</ele>
   </trkpt>
   <trkpt lat="45.734210000000004" lon="6.355620000000001">
    <ele>1844.92</ele>
   </trkpt>
   <trkpt lat="45.734230000000004" lon="6.35559">
    <ele>1844.92</ele>
   </trkpt>
   <trkpt lat="45.734210000000004" lon="6.35557">
    <ele>1844.92</ele>
   </trkpt>
   <trkpt lat="45.73424000000001" lon="6.355530000000001">
    <ele>1844.92</ele>
   </trkpt>
   <trkpt lat="45.73424000000001" lon="6.3552800000000005">
    <ele>1849.8200000000002</ele>
   </trkpt>
   <trkpt lat="45.73422" lon="6.355160000000001">
    <ele>1858.3700000000001</ele>
   </trkpt>
   <trkpt lat="45.734140000000004" lon="6.35519">
    <ele>1858.3700000000001</ele>
   </trkpt>
   <trkpt lat="45.734100000000005" lon="6.355270000000001">
    <ele>1858.3700000000001</ele>
   </trkpt>
   <trkpt lat="45.734100000000005" lon="6.35491">
    <ele>1872.3400000000001</ele>
   </trkpt>
   <trkpt lat="45.73397000000001" lon="6.354990000000001">
    <ele>1876.99</ele>
   </trkpt>
   <trkpt lat="45.73402" lon="6.35479">
    <ele>1880.3700000000001</ele>
   </trkpt>
   <trkpt lat="45.73389" lon="6.354870000000001">
    <ele>1887.89</ele>
   </trkpt>
   <trkpt lat="45.733920000000005" lon="6.354730000000001">
    <ele>1892.14</ele>
   </trkpt>
   <trkpt lat="45.73391" lon="6.354640000000001">
    <ele>1894.48</ele>
   </trkpt>
   <trkpt lat="45.73384" lon="6.35468">
    <ele>1904.19</ele>
   </trkpt>
   <trkpt lat="45.733830000000005" lon="6.35463">
    <ele>1904.19</ele>
   </trkpt>
   <trkpt lat="45.7338" lon="6.354640000000001">
    <ele>1904.19</ele>
   </trkpt>
   <trkpt lat="45.73378" lon="6.3546000000000005">
    <ele>1904.19</ele>
   </trkpt>
   <trkpt lat="45.733760000000004" lon="6.35461">
    <ele>1908.6200000000001</ele>
   </trkpt>
   <trkpt lat="45.73373" lon="6.35451">
    <ele>1908.6200000000001</ele>
   </trkpt>
   <trkpt lat="45.733720000000005" lon="6.354520000000001">
    <ele>1912.7900000000002</ele>
   </trkpt>
   <trkpt lat="45.73369" lon="6.35449">
    <ele>1912.7900000000002</ele>
   </trkpt>
   <trkpt lat="45.73364" lon="6.35437">
    <ele>1916.5100000000002</ele>
   </trkpt>
   <trkpt lat="45.73362" lon="6.35439">
    <ele>1916.5100000000002</ele>
   </trkpt>
   <trkpt lat="45.733560000000004" lon="6.354310000000001">
    <ele>1921.19</ele>
   </trkpt>
   <trkpt lat="45.733540000000005" lon="6.354240000000001">
    <ele>1922.8600000000001</ele>
   </trkpt>
   <trkpt lat="45.73349" lon="6.3542000000000005">
    <ele>1922.8600000000001</ele>
   </trkpt>
   <trkpt lat="45.73349" lon="6.354150000000001">
    <ele>1928.3500000000001</ele>
   </trkpt>
   <trkpt lat="45.733340000000005" lon="6.354030000000001">
    <ele>1934.9</ele>
   </trkpt>
   <trkpt lat="45.733320000000006" lon="6.354080000000001">
    <ele>1934.9</ele>
   </trkpt>
   <trkpt lat="45.73315" lon="6.353890000000001">
    <ele>1941.8000000000002</ele>
   </trkpt>
   <trkpt lat="45.73306" lon="6.353860000000001">
    <ele>1946.2400000000002</ele>
   </trkpt>
   <trkpt lat="45.73304" lon="6.35388">
    <ele>1946.2400000000002</ele>
   </trkpt>
   <trkpt lat="45.73299" lon="6.353860000000001">
    <ele>1946.2400000000002</ele>
   </trkpt>
   <trkpt lat="45.73266" lon="6.353540000000001">
    <ele>1959.81</ele>
   </trkpt>
   <trkpt lat="45.73256000000001" lon="6.353400000000001">
    <ele>1962.25</ele>
   </trkpt>
   <trkpt lat="45.7325" lon="6.353280000000001">
    <ele>1962.53</ele>
   </trkpt>
   <trkpt lat="45.73245000000001" lon="6.353230000000001">
    <ele>1962.53</ele>
   </trkpt>
   <trkpt lat="45.73225" lon="6.353180000000001">
    <ele>1961.7300000000002</ele>
   </trkpt>
   <trkpt lat="45.73207" lon="6.35303">
    <ele>1961.51</ele>
   </trkpt>
   <trkpt lat="45.73194" lon="6.352950000000001">
    <ele>1961.0900000000001</ele>
   </trkpt>
   <trkpt lat="45.7319" lon="6.35289">
    <ele>1960.9</ele>
   </trkpt>
   <trkpt lat="45.73171000000001" lon="6.3528">
    <ele>1961.88</ele>
   </trkpt>
   <trkpt lat="45.731640000000006" lon="6.35273">
    <ele>1963.4600000000003</ele>
   </trkpt>
   <trkpt lat="45.73125" lon="6.35256">
    <ele>1981.0600000000002</ele>
   </trkpt>
   <trkpt lat="45.73116" lon="6.352480000000001">
    <ele>1984.8100000000002</ele>
   </trkpt>
   <trkpt lat="45.73105" lon="6.35247">
    <ele>1987.51</ele>
   </trkpt>
   <trkpt lat="45.731010000000005" lon="6.35242">
    <ele>1988.5400000000002</ele>
   </trkpt>
   <trkpt lat="45.73096" lon="6.35242">
    <ele>1988.5400000000002</ele>
   </trkpt>
   <trkpt lat="45.73086000000001" lon="6.352360000000001">
    <ele>1991.1000000000001</ele>
   </trkpt>
   <trkpt lat="45.73073" lon="6.35224">
    <ele>1993.63</ele>
   </trkpt>
   <trkpt lat="45.73059000000001" lon="6.352150000000001">
    <ele>2000.5100000000002</ele>
   </trkpt>
   <trkpt lat="45.73055" lon="6.3520900000000005">
    <ele>2000.5100000000002</ele>
   </trkpt>
   <trkpt lat="45.730470000000004" lon="6.35205">
    <ele>2003.6200000000001</ele>
   </trkpt>
   <trkpt lat="45.73044" lon="6.352">
    <ele>2003.6200000000001</ele>
   </trkpt>
   <trkpt lat="45.73031" lon="6.35193">
    <ele>2010.1500000000003</ele>
   </trkpt>
   <trkpt lat="45.73013" lon="6.351800000000001">
    <ele>2016.0400000000002</ele>
   </trkpt>
   <trkpt lat="45.729960000000005" lon="6.35165">
    <ele>2025.9400000000003</ele>
   </trkpt>
   <trkpt lat="45.729910000000004" lon="6.35158">
    <ele>2025.9400000000003</ele>
   </trkpt>
   <trkpt lat="45.729780000000005" lon="6.351500000000001">
    <ele>2030.4900000000002</ele>
   </trkpt>
   <trkpt lat="45.72932" lon="6.35092">
    <ele>2021.82</ele>
   </trkpt>
   <trkpt lat="45.729290000000006" lon="6.350910000000001">
    <ele>2021.16</ele>
   </trkpt>
   <trkpt lat="45.729220000000005" lon="6.3508000000000004">
    <ele>2019.3899999999999</ele>
   </trkpt>
   <trkpt lat="45.729150000000004" lon="6.350740000000001">
    <ele>2018.73</ele>
   </trkpt>
   <trkpt lat="45.72908" lon="6.350750000000001">
    <ele>2017.16</ele>
   </trkpt>
   <trkpt lat="45.72905" lon="6.350720000000001">
    <ele>2017.16</ele>
   </trkpt>
   <trkpt lat="45.728790000000004" lon="6.35064">
    <ele>2012.3500000000001</ele>
   </trkpt>
   <trkpt lat="45.72865" lon="6.35069">
    <ele>2012.7300000000002</ele>
   </trkpt>
   <trkpt lat="45.728500000000004" lon="6.350700000000001">
    <ele>2014.3</ele>
   </trkpt>
   <trkpt lat="45.7284" lon="6.350630000000001">
    <ele>2014.6100000000001</ele>
   </trkpt>
   <trkpt lat="45.728260000000006" lon="6.350460000000001">
    <ele>2012.1200000000003</ele>
   </trkpt>
   <trkpt lat="45.727900000000005" lon="6.35017">
    <ele>2008.0500000000002</ele>
   </trkpt>
   <trkpt lat="45.72751" lon="6.349920000000001">
    <ele>1992.76</ele>
   </trkpt>
   <trkpt lat="45.727450000000005" lon="6.34989">
    <ele>1992.76</ele>
   </trkpt>
   <trkpt lat="45.72751" lon="6.34949">
    <ele>1982.46</ele>
   </trkpt>
   <trkpt lat="45.72764" lon="6.349480000000001">
    <ele>1971.95</ele>
   </trkpt>
   <trkpt lat="45.727560000000004" lon="6.349360000000001">
    <ele>1966.97</ele>
   </trkpt>
   <trkpt lat="45.727430000000005" lon="6.349310000000001">
    <ele>1960.64</ele>
   </trkpt>
   <trkpt lat="45.727540000000005" lon="6.34919">
    <ele>1955.01</ele>
   </trkpt>
   <trkpt lat="45.727430000000005" lon="6.34914">
    <ele>1950.92</ele>
   </trkpt>
   <trkpt lat="45.72757000000001" lon="6.34902">
    <ele>1942.0100000000002</ele>
   </trkpt>
   <trkpt lat="45.727500000000006" lon="6.348960000000001">
    <ele>1939.69</ele>
   </trkpt>
   <trkpt lat="45.727540000000005" lon="6.348940000000001">
    <ele>1932.2800000000002</ele>
   </trkpt>
   <trkpt lat="45.727470000000004" lon="6.34886">
    <ele>1929.8500000000001</ele>
   </trkpt>
   <trkpt lat="45.727590000000006" lon="6.348730000000001">
    <ele>1923.22</ele>
   </trkpt>
   <trkpt lat="45.72768000000001" lon="6.348750000000001">
    <ele>1919.3500000000001</ele>
   </trkpt>
   <trkpt lat="45.727990000000005" lon="6.348450000000001">
    <ele>1907.28</ele>
   </trkpt>
   <trkpt lat="45.728010000000005" lon="6.348350000000001">
    <ele>1905.5900000000001</ele>
   </trkpt>
   <trkpt lat="45.727790000000006" lon="6.3484300000000005">
    <ele>1895.1700000000003</ele>
   </trkpt>
   <trkpt lat="45.727720000000005" lon="6.3483600000000004">
    <ele>1891.0500000000002</ele>
   </trkpt>
   <trkpt lat="45.72791" lon="6.348070000000001">
    <ele>1881.8300000000002</ele>
   </trkpt>
   <trkpt lat="45.72811" lon="6.34768">
    <ele>1872.3100000000002</ele>
   </trkpt>
   <trkpt lat="45.727970000000006" lon="6.34754">
    <ele>1868.2800000000002</ele>
   </trkpt>
   <trkpt lat="45.727990000000005" lon="6.3474">
    <ele>1859.5700000000002</ele>
   </trkpt>
   <trkpt lat="45.72823" lon="6.347150000000001">
    <ele>1839.23</ele>
   </trkpt>
   <trkpt lat="45.72804000000001" lon="6.347080000000001">
    <ele>1831.8700000000001</ele>
   </trkpt>
   <trkpt lat="45.72822" lon="6.34689">
    <ele>1824.3500000000001</ele>
   </trkpt>
   <trkpt lat="45.72795000000001" lon="6.346900000000001">
    <ele>1811.2700000000002</ele>
   </trkpt>
   <trkpt lat="45.728080000000006" lon="6.34672">
    <ele>1800.99</ele>
   </trkpt>
   <trkpt lat="45.728120000000004" lon="6.346780000000001">
    <ele>1800.99</ele>
   </trkpt>
   <trkpt lat="45.728030000000004" lon="6.34672">
    <ele>1802.9800000000002</ele>
   </trkpt>
   <trkpt lat="45.728060000000006" lon="6.34656">
    <ele>1787.19</ele>
   </trkpt>
   <trkpt lat="45.72815000000001" lon="6.34649">
    <ele>1787.19</ele>
   </trkpt>
   <trkpt lat="45.72827" lon="6.3465300000000004">
    <ele>1783.14</ele>
   </trkpt>
   <trkpt lat="45.728390000000005" lon="6.3465300000000004">
    <ele>1778.0600000000002</ele>
   </trkpt>
   <trkpt lat="45.728500000000004" lon="6.346520000000001">
    <ele>1776.5100000000002</ele>
   </trkpt>
   <trkpt lat="45.72862000000001" lon="6.346470000000001">
    <ele>1770.39</ele>
   </trkpt>
   <trkpt lat="45.728730000000006" lon="6.346450000000001">
    <ele>1770.39</ele>
   </trkpt>
   <trkpt lat="45.72881" lon="6.34637">
    <ele>1767.9600000000003</ele>
   </trkpt>
   <trkpt lat="45.7289" lon="6.346220000000001">
    <ele>1748.38</ele>
   </trkpt>
   <trkpt lat="45.72901" lon="6.3462000000000005">
    <ele>1748.38</ele>
   </trkpt>
   <trkpt lat="45.729130000000005" lon="6.3462000000000005">
    <ele>1741.8700000000001</ele>
   </trkpt>
   <trkpt lat="45.729330000000004" lon="6.3460600000000005">
    <ele>1721.69</ele>
   </trkpt>
   <trkpt lat="45.72923" lon="6.3460600000000005">
    <ele>1721.69</ele>
   </trkpt>
   <trkpt lat="45.72907000000001" lon="6.34604">
    <ele>1731.7300000000002</ele>
   </trkpt>
   <trkpt lat="45.72919" lon="6.345940000000001">
    <ele>1720.9200000000003</ele>
   </trkpt>
   <trkpt lat="45.729130000000005" lon="6.345840000000001">
    <ele>1720.9200000000003</ele>
   </trkpt>
   <trkpt lat="45.729220000000005" lon="6.34576">
    <ele>1707.6700000000003</ele>
   </trkpt>
   <trkpt lat="45.72909000000001" lon="6.345700000000001">
    <ele>1706.3700000000001</ele>
   </trkpt>
   <trkpt lat="45.72899" lon="6.34564">
    <ele>1706.3700000000001</ele>
   </trkpt>
   <trkpt lat="45.7291" lon="6.3456">
    <ele>1705.14</ele>
   </trkpt>
   <trkpt lat="45.729040000000005" lon="6.345470000000001">
    <ele>1700.0300000000002</ele>
   </trkpt>
   <trkpt lat="45.729150000000004" lon="6.34543">
    <ele>1687.1200000000001</ele>
   </trkpt>
   <trkpt lat="45.72908" lon="6.345320000000001">
    <ele>1678.56</ele>
   </trkpt>
   <trkpt lat="45.72921" lon="6.3453800000000005">
    <ele>1668.19</ele>
   </trkpt>
   <trkpt lat="45.729380000000006" lon="6.345280000000001">
    <ele>1664.68</ele>
   </trkpt>
   <trkpt lat="45.729240000000004" lon="6.345230000000001">
    <ele>1659.1000000000001</ele>
   </trkpt>
   <trkpt lat="45.72909000000001" lon="6.3450500000000005">
    <ele>1650.0400000000002</ele>
   </trkpt>
   <trkpt lat="45.72905" lon="6.34489">
    <ele>1645.68</ele>
   </trkpt>
   <trkpt lat="45.729220000000005" lon="6.344740000000001">
    <ele>1632.23</ele>
   </trkpt>
   <trkpt lat="45.72959" lon="6.344570000000001">
    <ele>1617.5000000000002</ele>
   </trkpt>
   <trkpt lat="45.72968" lon="6.34449">
    <ele>1613.04</ele>
   </trkpt>
   <trkpt lat="45.729960000000005" lon="6.3443000000000005">
    <ele>1602.1200000000001</ele>
   </trkpt>
   <trkpt lat="45.72999" lon="6.344250000000001">
    <ele>1602.1200000000001</ele>
   </trkpt>
   <trkpt lat="45.72999" lon="6.34419">
    <ele>1600.47</ele>
   </trkpt>
   <trkpt lat="45.730030000000006" lon="6.344110000000001">
    <ele>1596.8600000000001</ele>
   </trkpt>
   <trkpt lat="45.730180000000004" lon="6.3439700000000006">
    <ele>1591.1000000000001</ele>
   </trkpt>
   <trkpt lat="45.730250000000005" lon="6.343940000000001">
    <ele>1583.6000000000001</ele>
   </trkpt>
   <trkpt lat="45.73028" lon="6.3439000000000005">
    <ele>1583.6000000000001</ele>
   </trkpt>
   <trkpt lat="45.73021000000001" lon="6.34381">
    <ele>1583.6000000000001</ele>
   </trkpt>
   <trkpt lat="45.730270000000004" lon="6.34372">
    <ele>1575.77</ele>
   </trkpt>
   <trkpt lat="45.730360000000005" lon="6.3436900000000005">
    <ele>1572.1100000000001</ele>
   </trkpt>
   <trkpt lat="45.730380000000004" lon="6.343640000000001">
    <ele>1572.1100000000001</ele>
   </trkpt>
   <trkpt lat="45.73012000000001" lon="6.343660000000001">
    <ele>1566.3400000000001</ele>
   </trkpt>
   <trkpt lat="45.729910000000004" lon="6.3436">
    <ele>1555.2100000000003</ele>
   </trkpt>
   <trkpt lat="45.730030000000006" lon="6.343500000000001">
    <ele>1555.2100000000003</ele>
   </trkpt>
   <trkpt lat="45.729910000000004" lon="6.343450000000001">
    <ele>1555.2100000000003</ele>
   </trkpt>
   <trkpt lat="45.72981" lon="6.3434800000000005">
    <ele>1546.51</ele>
   </trkpt>
   <trkpt lat="45.72974000000001" lon="6.343540000000001">
    <ele>1546.51</ele>
   </trkpt>
   <trkpt lat="45.729490000000006" lon="6.34346">
    <ele>1537.2700000000002</ele>
   </trkpt>
   <trkpt lat="45.7297" lon="6.34327">
    <ele>1533.0400000000002</ele>
   </trkpt>
   <trkpt lat="45.72955" lon="6.34327">
    <ele>1531.95</ele>
   </trkpt>
   <trkpt lat="45.72966" lon="6.34313">
    <ele>1526.1200000000001</ele>
   </trkpt>
   <trkpt lat="45.72948" lon="6.34306">
    <ele>1522.7100000000003</ele>
   </trkpt>
   <trkpt lat="45.729710000000004" lon="6.34285">
    <ele>1514.0000000000002</ele>
   </trkpt>
   <trkpt lat="45.729420000000005" lon="6.3427500000000006">
    <ele>1508.73</ele>
   </trkpt>
   <trkpt lat="45.7297" lon="6.342530000000001">
    <ele>1501.5</ele>
   </trkpt>
   <trkpt lat="45.729440000000004" lon="6.34243">
    <ele>1491.65</ele>
   </trkpt>
   <trkpt lat="45.729710000000004" lon="6.342250000000001">
    <ele>1481.33</ele>
   </trkpt>
   <trkpt lat="45.72981" lon="6.342230000000001">
    <ele>1480.02</ele>
   </trkpt>
   <trkpt lat="45.72983000000001" lon="6.34217">
    <ele>1474.47</ele>
   </trkpt>
   <trkpt lat="45.729670000000006" lon="6.342130000000001">
    <ele>1473.0200000000002</ele>
   </trkpt>
   <trkpt lat="45.72954000000001" lon="6.342040000000001">
    <ele>1469.95</ele>
   </trkpt>
   <trkpt lat="45.72955" lon="6.34198">
    <ele>1461.8300000000002</ele>
   </trkpt>
   <trkpt lat="45.72963" lon="6.34194">
    <ele>1461.8300000000002</ele>
   </trkpt>
   <trkpt lat="45.729670000000006" lon="6.34189">
    <ele>1458.72</ele>
   </trkpt>
   <trkpt lat="45.729580000000006" lon="6.34182">
    <ele>1457.27</ele>
   </trkpt>
   <trkpt lat="45.72945000000001" lon="6.34175">
    <ele>1452.13</ele>
   </trkpt>
   <trkpt lat="45.72937" lon="6.341670000000001">
    <ele>1449.98</ele>
   </trkpt>
   <trkpt lat="45.729380000000006" lon="6.341600000000001">
    <ele>1449.01</ele>
   </trkpt>
   <trkpt lat="45.72983000000001" lon="6.34142">
    <ele>1438.8</ele>
   </trkpt>
   <trkpt lat="45.73015" lon="6.341270000000001">
    <ele>1428.9</ele>
   </trkpt>
   <trkpt lat="45.73024" lon="6.34119">
    <ele>1428.9</ele>
   </trkpt>
   <trkpt lat="45.730160000000005" lon="6.34114">
    <ele>1419.71</ele>
   </trkpt>
   <trkpt lat="45.730250000000005" lon="6.34105">
    <ele>1417.7700000000002</ele>
   </trkpt>
   <trkpt lat="45.730160000000005" lon="6.341060000000001">
    <ele>1411.76</ele>
   </trkpt>
   <trkpt lat="45.73012000000001" lon="6.3410400000000005">
    <ele>1411.76</ele>
   </trkpt>
   <trkpt lat="45.73011" lon="6.340980000000001">
    <ele>1409.89</ele>
   </trkpt>
   <trkpt lat="45.73026" lon="6.34074">
    <ele>1399.85</ele>
   </trkpt>
   <trkpt lat="45.73062" lon="6.34036">
    <ele>1388.14</ele>
   </trkpt>
   <trkpt lat="45.73075" lon="6.340280000000001">
    <ele>1380.46</ele>
   </trkpt>
   <trkpt lat="45.730900000000005" lon="6.340140000000001">
    <ele>1375.48</ele>
   </trkpt>
   <trkpt lat="45.73106000000001" lon="6.340020000000001">
    <ele>1368.48</ele>
   </trkpt>
   <trkpt lat="45.73116" lon="6.339810000000001">
    <ele>1363.8700000000001</ele>
   </trkpt>
   <trkpt lat="45.731300000000005" lon="6.3396300000000005">
    <ele>1354.36</ele>
   </trkpt>
   <trkpt lat="45.731300000000005" lon="6.33959">
    <ele>1354.36</ele>
   </trkpt>
   <trkpt lat="45.73129" lon="6.3396300000000005">
    <ele>1354.36</ele>
   </trkpt>
   <trkpt lat="45.731300000000005" lon="6.3395600000000005">
    <ele>1353.39</ele>
   </trkpt>
   <trkpt lat="45.731170000000006" lon="6.339510000000001">
    <ele>1349.28</ele>
   </trkpt>
   <trkpt lat="45.73115000000001" lon="6.33945">
    <ele>1346.51</ele>
   </trkpt>
   <trkpt lat="45.731170000000006" lon="6.33933">
    <ele>1346.51</ele>
   </trkpt>
   <trkpt lat="45.73127" lon="6.339180000000001">
    <ele>1339.3799999999999</ele>
   </trkpt>
   <trkpt lat="45.73127" lon="6.339110000000001">
    <ele>1338.15</ele>
   </trkpt>
   <trkpt lat="45.731080000000006" lon="6.338940000000001">
    <ele>1332.1900000000003</ele>
   </trkpt>
   <trkpt lat="45.731030000000004" lon="6.338830000000001">
    <ele>1328.18</ele>
   </trkpt>
   <trkpt lat="45.7312" lon="6.3386000000000005">
    <ele>1322.8300000000002</ele>
   </trkpt>
   <trkpt lat="45.73122" lon="6.338540000000001">
    <ele>1321.3300000000002</ele>
   </trkpt>
   <trkpt lat="45.731190000000005" lon="6.338430000000001">
    <ele>1316.7000000000003</ele>
   </trkpt>
   <trkpt lat="45.73114" lon="6.338400000000001">
    <ele>1316.7000000000003</ele>
   </trkpt>
   <trkpt lat="45.731" lon="6.338380000000001">
    <ele>1309.95</ele>
   </trkpt>
   <trkpt lat="45.73091" lon="6.33839">
    <ele>1306.28</ele>
   </trkpt>
   <trkpt lat="45.730760000000004" lon="6.33837">
    <ele>1301.4800000000002</ele>
   </trkpt>
   <trkpt lat="45.73069" lon="6.33832">
    <ele>1300.39</ele>
   </trkpt>
   <trkpt lat="45.73059000000001" lon="6.338660000000001">
    <ele>1312.4900000000002</ele>
   </trkpt>
   <trkpt lat="45.730520000000006" lon="6.338830000000001">
    <ele>1319.3000000000002</ele>
   </trkpt>
   <trkpt lat="45.730430000000005" lon="6.33886">
    <ele>1319.0300000000002</ele>
   </trkpt>
   <trkpt lat="45.73035" lon="6.339040000000001">
    <ele>1326.8700000000001</ele>
   </trkpt>
   <trkpt lat="45.73033" lon="6.339200000000001">
    <ele>1338.71</ele>
   </trkpt>
   <trkpt lat="45.730230000000006" lon="6.339530000000001">
    <ele>1354.5200000000002</ele>
   </trkpt>
   <trkpt lat="45.730030000000006" lon="6.33959">
    <ele>1357.11</ele>
   </trkpt>
   <trkpt lat="45.72973" lon="6.339580000000001">
    <ele>1349.5900000000001</ele>
   </trkpt>
   <trkpt lat="45.72965000000001" lon="6.339650000000001">
    <ele>1355.43</ele>
   </trkpt>
   <trkpt lat="45.72957" lon="6.339700000000001">
    <ele>1361.73</ele>
   </trkpt>
   <trkpt lat="45.729470000000006" lon="6.33971">
    <ele>1361.73</ele>
   </trkpt>
   <trkpt lat="45.72928" lon="6.339690000000001">
    <ele>1359.6100000000001</ele>
   </trkpt>
   <trkpt lat="45.72905" lon="6.339740000000001">
    <ele>1364.0400000000002</ele>
   </trkpt>
   <trkpt lat="45.728950000000005" lon="6.339720000000001">
    <ele>1363.89</ele>
   </trkpt>
   <trkpt lat="45.7287" lon="6.339760000000001">
    <ele>1363.9800000000002</ele>
   </trkpt>
   <trkpt lat="45.728590000000004" lon="6.339840000000001">
    <ele>1365.4400000000003</ele>
   </trkpt>
   <trkpt lat="45.728480000000005" lon="6.33985">
    <ele>1366.92</ele>
   </trkpt>
   <trkpt lat="45.7284" lon="6.339950000000001">
    <ele>1371.3500000000001</ele>
   </trkpt>
   <trkpt lat="45.72822" lon="6.34006">
    <ele>1378.56</ele>
   </trkpt>
   <trkpt lat="45.728060000000006" lon="6.340190000000001">
    <ele>1385.45</ele>
   </trkpt>
   <trkpt lat="45.727900000000005" lon="6.34006">
    <ele>1381.88</ele>
   </trkpt>
   <trkpt lat="45.72787" lon="6.33994">
    <ele>1376.64</ele>
   </trkpt>
   <trkpt lat="45.72773" lon="6.339840000000001">
    <ele>1373.22</ele>
   </trkpt>
   <trkpt lat="45.727610000000006" lon="6.339790000000001">
    <ele>1374.4</ele>
   </trkpt>
   <trkpt lat="45.727500000000006" lon="6.339790000000001">
    <ele>1380.3100000000002</ele>
   </trkpt>
   <trkpt lat="45.72739000000001" lon="6.339740000000001">
    <ele>1380.17</ele>
   </trkpt>
   <trkpt lat="45.72729" lon="6.3396300000000005">
    <ele>1381.85</ele>
   </trkpt>
   <trkpt lat="45.727230000000006" lon="6.33952">
    <ele>1379.6000000000001</ele>
   </trkpt>
   <trkpt lat="45.72717" lon="6.339200000000001">
    <ele>1369.7800000000002</ele>
   </trkpt>
   <trkpt lat="45.727120000000006" lon="6.33903">
    <ele>1363.02</ele>
   </trkpt>
   <trkpt lat="45.72701000000001" lon="6.33882">
    <ele>1361.1000000000001</ele>
   </trkpt>
   <trkpt lat="45.72695" lon="6.338640000000001">
    <ele>1358.19</ele>
   </trkpt>
   <trkpt lat="45.72686" lon="6.338430000000001">
    <ele>1353.4</ele>
   </trkpt>
   <trkpt lat="45.726800000000004" lon="6.33832">
    <ele>1353.4</ele>
   </trkpt>
   <trkpt lat="45.7267" lon="6.33818">
    <ele>1354.94</ele>
   </trkpt>
   <trkpt lat="45.726710000000004" lon="6.33804">
    <ele>1347.35</ele>
   </trkpt>
   <trkpt lat="45.726690000000005" lon="6.337890000000001">
    <ele>1342.33</ele>
   </trkpt>
   <trkpt lat="45.726620000000004" lon="6.33776">
    <ele>1340.66</ele>
   </trkpt>
   <trkpt lat="45.72636000000001" lon="6.337560000000001">
    <ele>1344.92</ele>
   </trkpt>
   <trkpt lat="45.726240000000004" lon="6.3375">
    <ele>1344.68</ele>
   </trkpt>
   <trkpt lat="45.7261" lon="6.33748">
    <ele>1346.67</ele>
   </trkpt>
   <trkpt lat="45.726000000000006" lon="6.3375200000000005">
    <ele>1348.0500000000002</ele>
   </trkpt>
   <trkpt lat="45.72605" lon="6.337350000000001">
    <ele>1342.68</ele>
   </trkpt>
   <trkpt lat="45.72616000000001" lon="6.33724">
    <ele>1335.96</ele>
   </trkpt>
   <trkpt lat="45.7263" lon="6.33713">
    <ele>1327.3000000000002</ele>
   </trkpt>
   <trkpt lat="45.726420000000005" lon="6.33708">
    <ele>1322.0700000000002</ele>
   </trkpt>
   <trkpt lat="45.72652" lon="6.337090000000001">
    <ele>1316.2500000000002</ele>
   </trkpt>
   <trkpt lat="45.726870000000005" lon="6.337280000000001">
    <ele>1310.14</ele>
   </trkpt>
   <trkpt lat="45.72692000000001" lon="6.33715">
    <ele>1302.3200000000002</ele>
   </trkpt>
   <trkpt lat="45.726890000000004" lon="6.336930000000001">
    <ele>1297.9</ele>
   </trkpt>
   <trkpt lat="45.72683000000001" lon="6.336810000000001">
    <ele>1296.3999999999999</ele>
   </trkpt>
   <trkpt lat="45.726710000000004" lon="6.336720000000001">
    <ele>1297.2100000000003</ele>
   </trkpt>
   <trkpt lat="45.726620000000004" lon="6.336670000000001">
    <ele>1298.54</ele>
   </trkpt>
   <trkpt lat="45.72646" lon="6.336620000000001">
    <ele>1299.7</ele>
   </trkpt>
   <trkpt lat="45.72636000000001" lon="6.33661">
    <ele>1302.28</ele>
   </trkpt>
   <trkpt lat="45.726470000000006" lon="6.33661">
    <ele>1298.8400000000001</ele>
   </trkpt>
   <trkpt lat="45.72668" lon="6.3364400000000005">
    <ele>1286.04</ele>
   </trkpt>
   <trkpt lat="45.726910000000004" lon="6.33635">
    <ele>1274.92</ele>
   </trkpt>
   <trkpt lat="45.727250000000005" lon="6.33652">
    <ele>1267.7200000000003</ele>
   </trkpt>
   <trkpt lat="45.72735" lon="6.336670000000001">
    <ele>1267.3500000000001</ele>
   </trkpt>
   <trkpt lat="45.727450000000005" lon="6.3367">
    <ele>1263.9</ele>
   </trkpt>
   <trkpt lat="45.72748000000001" lon="6.33654">
    <ele>1258.51</ele>
   </trkpt>
   <trkpt lat="45.72744" lon="6.3363700000000005">
    <ele>1255.8700000000001</ele>
   </trkpt>
   <trkpt lat="45.72739000000001" lon="6.3362300000000005">
    <ele>1251.8200000000002</ele>
   </trkpt>
   <trkpt lat="45.727160000000005" lon="6.33577">
    <ele>1244.7</ele>
   </trkpt>
   <trkpt lat="45.72699" lon="6.33558">
    <ele>1241.12</ele>
   </trkpt>
   <trkpt lat="45.72711" lon="6.335500000000001">
    <ele>1234.2900000000002</ele>
   </trkpt>
   <trkpt lat="45.72726" lon="6.33553">
    <ele>1231.98</ele>
   </trkpt>
   <trkpt lat="45.727340000000005" lon="6.3356200000000005">
    <ele>1231.98</ele>
   </trkpt>
   <trkpt lat="45.727430000000005" lon="6.335750000000001">
    <ele>1233.0400000000002</ele>
   </trkpt>
   <trkpt lat="45.727520000000005" lon="6.335820000000001">
    <ele>1230.7400000000002</ele>
   </trkpt>
   <trkpt lat="45.72775" lon="6.335890000000001">
    <ele>1224.21</ele>
   </trkpt>
   <trkpt lat="45.72784" lon="6.33598">
    <ele>1222.5300000000002</ele>
   </trkpt>
   <trkpt lat="45.72791" lon="6.336110000000001">
    <ele>1218.2</ele>
   </trkpt>
   <trkpt lat="45.728010000000005" lon="6.336180000000001">
    <ele>1209.2200000000003</ele>
   </trkpt>
   <trkpt lat="45.728080000000006" lon="6.33605">
    <ele>1207.6200000000001</ele>
   </trkpt>
   <trkpt lat="45.72807" lon="6.335920000000001">
    <ele>1207.33</ele>
   </trkpt>
   <trkpt lat="45.72802" lon="6.33579">
    <ele>1208.17</ele>
   </trkpt>
   <trkpt lat="45.72787" lon="6.33558">
    <ele>1205.6100000000001</ele>
   </trkpt>
   <trkpt lat="45.727740000000004" lon="6.335120000000001">
    <ele>1195.27</ele>
   </trkpt>
   <trkpt lat="45.72769" lon="6.33499">
    <ele>1195.27</ele>
   </trkpt>
   <trkpt lat="45.727590000000006" lon="6.334820000000001">
    <ele>1191.2600000000002</ele>
   </trkpt>
   <trkpt lat="45.727360000000004" lon="6.334600000000001">
    <ele>1191.77</ele>
   </trkpt>
   <trkpt lat="45.72715" lon="6.3345">
    <ele>1185.15</ele>
   </trkpt>
   <trkpt lat="45.727160000000005" lon="6.334370000000001">
    <ele>1185.15</ele>
   </trkpt>
   <trkpt lat="45.727250000000005" lon="6.33424">
    <ele>1178.7800000000002</ele>
   </trkpt>
   <trkpt lat="45.72767" lon="6.334230000000001">
    <ele>1157.6200000000001</ele>
   </trkpt>
   <trkpt lat="45.72776" lon="6.334250000000001">
    <ele>1153.68</ele>
   </trkpt>
   <trkpt lat="45.727850000000004" lon="6.33429">
    <ele>1155.3600000000001</ele>
   </trkpt>
   <trkpt lat="45.727920000000005" lon="6.3344000000000005">
    <ele>1155.3600000000001</ele>
   </trkpt>
   <trkpt lat="45.728010000000005" lon="6.334490000000001">
    <ele>1153.72</ele>
   </trkpt>
   <trkpt lat="45.72823" lon="6.3344700000000005">
    <ele>1136.0</ele>
   </trkpt>
   <trkpt lat="45.728440000000006" lon="6.33452">
    <ele>1127.15</ele>
   </trkpt>
   <trkpt lat="45.72854" lon="6.334600000000001">
    <ele>1124.44</ele>
   </trkpt>
   <trkpt lat="45.72863" lon="6.334700000000001">
    <ele>1124.8</ele>
   </trkpt>
   <trkpt lat="45.72863" lon="6.334510000000001">
    <ele>1114.9900000000002</ele>
   </trkpt>
   <trkpt lat="45.728570000000005" lon="6.33436">
    <ele>1113.41</ele>
   </trkpt>
   <trkpt lat="45.72849" lon="6.334280000000001">
    <ele>1113.41</ele>
   </trkpt>
   <trkpt lat="45.72838" lon="6.33375">
    <ele>1086.6100000000001</ele>
   </trkpt>
   <trkpt lat="45.72836" lon="6.333590000000001">
    <ele>1086.6100000000001</ele>
   </trkpt>
   <trkpt lat="45.728260000000006" lon="6.33347">
    <ele>1086.6100000000001</ele>
   </trkpt>
   <trkpt lat="45.72791" lon="6.333220000000001">
    <ele>1096.12</ele>
   </trkpt>
   <trkpt lat="45.727810000000005" lon="6.3329200000000005">
    <ele>1088.2800000000002</ele>
   </trkpt>
   <trkpt lat="45.72773" lon="6.332750000000001">
    <ele>1084.6</ele>
   </trkpt>
   <trkpt lat="45.727650000000004" lon="6.33265">
    <ele>1076.23</ele>
   </trkpt>
   <trkpt lat="45.72775" lon="6.33262">
    <ele>1076.23</ele>
   </trkpt>
   <trkpt lat="45.72787" lon="6.33267">
    <ele>1065.39</ele>
   </trkpt>
   <trkpt lat="45.72784" lon="6.332540000000001">
    <ele>1064.51</ele>
   </trkpt>
   <trkpt lat="45.72777000000001" lon="6.332440000000001">
    <ele>1064.51</ele>
   </trkpt>
   <trkpt lat="45.727650000000004" lon="6.332520000000001">
    <ele>1077.04</ele>
   </trkpt>
   <trkpt lat="45.72753" lon="6.3326400000000005">
    <ele>1095.0300000000002</ele>
   </trkpt>
   <trkpt lat="45.72742" lon="6.332590000000001">
    <ele>1095.0300000000002</ele>
   </trkpt>
   <trkpt lat="45.72728" lon="6.332560000000001">
    <ele>1095.8300000000002</ele>
   </trkpt>
   <trkpt lat="45.727180000000004" lon="6.332470000000001">
    <ele>1095.8300000000002</ele>
   </trkpt>
   <trkpt lat="45.727180000000004" lon="6.332280000000001">
    <ele>1085.43</ele>
   </trkpt>
   <trkpt lat="45.727320000000006" lon="6.33222">
    <ele>1067.59</ele>
   </trkpt>
   <trkpt lat="45.7274" lon="6.3321000000000005">
    <ele>1062.0</ele>
   </trkpt>
   <trkpt lat="45.7274" lon="6.331950000000001">
    <ele>1062.0</ele>
   </trkpt>
   <trkpt lat="45.727450000000005" lon="6.331770000000001">
    <ele>1051.56</ele>
   </trkpt>
   <trkpt lat="45.727630000000005" lon="6.331480000000001">
    <ele>1031.83</ele>
   </trkpt>
   <trkpt lat="45.72762" lon="6.33133">
    <ele>1031.83</ele>
   </trkpt>
   <trkpt lat="45.727755002494895" lon="6.330575001777304">
    <ele>1017.7500000000001</ele>
   </trkpt>
   <trkpt lat="45.72789" lon="6.329820000000001">
    <ele>1017.7500000000001</ele>
   </trkpt>
   <trkpt lat="45.72775" lon="6.329770000000001">
    <ele>1026.22</ele>
   </trkpt>
   <trkpt lat="45.727810000000005" lon="6.329630000000001">
    <ele>1021.44</ele>
   </trkpt>
   <trkpt lat="45.727830000000004" lon="6.3293800000000005">
    <ele>1022.0500000000001</ele>
   </trkpt>
   <trkpt lat="45.7278" lon="6.32917">
    <ele>1023.49</ele>
   </trkpt>
   <trkpt lat="45.727720000000005" lon="6.32901">
    <ele>1025.14</ele>
   </trkpt>
   <trkpt lat="45.727740000000004" lon="6.32887">
    <ele>1025.14</ele>
   </trkpt>
   <trkpt lat="45.727700000000006" lon="6.32868">
    <ele>1024.84</ele>
   </trkpt>
   <trkpt lat="45.72755" lon="6.32845">
    <ele>1025.6000000000001</ele>
   </trkpt>
   <trkpt lat="45.72726" lon="6.32824">
    <ele>1032.39</ele>
   </trkpt>
   <trkpt lat="45.727120000000006" lon="6.328100000000001">
    <ele>1035.41</ele>
   </trkpt>
   <trkpt lat="45.726910000000004" lon="6.328030000000001">
    <ele>1043.49</ele>
   </trkpt>
   <trkpt lat="45.72679" lon="6.327920000000001">
    <ele>1045.92</ele>
   </trkpt>
   <trkpt lat="45.72672" lon="6.327800000000001">
    <ele>1047.0900000000001</ele>
   </trkpt>
   <trkpt lat="45.72666" lon="6.327540000000001">
    <ele>1044.3200000000002</ele>
   </trkpt>
   <trkpt lat="45.72659" lon="6.32737">
    <ele>1042.19</ele>
   </trkpt>
   <trkpt lat="45.726510000000005" lon="6.3270800000000005">
    <ele>1036.98</ele>
   </trkpt>
   <trkpt lat="45.72632" lon="6.3267500000000005">
    <ele>1036.6200000000001</ele>
   </trkpt>
   <trkpt lat="45.726110000000006" lon="6.32657">
    <ele>1040.67</ele>
   </trkpt>
   <trkpt lat="45.726060000000004" lon="6.326460000000001">
    <ele>1041.6000000000001</ele>
   </trkpt>
   <trkpt lat="45.7259" lon="6.32626">
    <ele>1042.91</ele>
   </trkpt>
   <trkpt lat="45.725730000000006" lon="6.3261400000000005">
    <ele>1047.71</ele>
   </trkpt>
   <trkpt lat="45.72554" lon="6.32629">
    <ele>1057.21</ele>
   </trkpt>
   <trkpt lat="45.725370000000005" lon="6.32612">
    <ele>1056.81</ele>
   </trkpt>
   <trkpt lat="45.72524000000001" lon="6.325950000000001">
    <ele>1056.2900000000002</ele>
   </trkpt>
   <trkpt lat="45.72513000000001" lon="6.3257200000000005">
    <ele>1055.52</ele>
   </trkpt>
   <trkpt lat="45.72507" lon="6.325520000000001">
    <ele>1054.93</ele>
   </trkpt>
   <trkpt lat="45.724970000000006" lon="6.325310000000001">
    <ele>1054.51</ele>
   </trkpt>
   <trkpt lat="45.7246" lon="6.32469">
    <ele>1053.2700000000002</ele>
   </trkpt>
   <trkpt lat="45.72417" lon="6.323790000000001">
    <ele>1048.71</ele>
   </trkpt>
   <trkpt lat="45.72377" lon="6.3235">
    <ele>1043.3700000000001</ele>
   </trkpt>
   <trkpt lat="45.723490000000005" lon="6.32324">
    <ele>1039.56</ele>
   </trkpt>
   <trkpt lat="45.72326" lon="6.323160000000001">
    <ele>1037.7500000000002</ele>
   </trkpt>
   <trkpt lat="45.72296" lon="6.323200000000001">
    <ele>1033.71</ele>
   </trkpt>
   <trkpt lat="45.722820000000006" lon="6.32324">
    <ele>1031.65</ele>
   </trkpt>
   <trkpt lat="45.72242000000001" lon="6.32291">
    <ele>1025.46</ele>
   </trkpt>
   <trkpt lat="45.72214" lon="6.32282">
    <ele>1022.27</ele>
   </trkpt>
   <trkpt lat="45.72182" lon="6.322800000000001">
    <ele>1018.32</ele>
   </trkpt>
   <trkpt lat="45.721680000000006" lon="6.32282">
    <ele>1017.1600000000001</ele>
   </trkpt>
   <trkpt lat="45.72137" lon="6.322710000000001">
    <ele>1012.64</ele>
   </trkpt>
   <trkpt lat="45.72126" lon="6.322640000000001">
    <ele>1010.3900000000001</ele>
   </trkpt>
   <trkpt lat="45.72113" lon="6.32265">
    <ele>1010.3900000000001</ele>
   </trkpt>
   <trkpt lat="45.720850000000006" lon="6.322550000000001">
    <ele>1005.8900000000001</ele>
   </trkpt>
   <trkpt lat="45.72072000000001" lon="6.322310000000001">
    <ele>1003.76</ele>
   </trkpt>
   <trkpt lat="45.720490000000005" lon="6.3222700000000005">
    <ele>1001.6700000000001</ele>
   </trkpt>
   <trkpt lat="45.72004500010102" lon="6.3221399989726">
    <ele>995.44</ele>
   </trkpt>
   <trkpt lat="45.71960000000001" lon="6.322010000000001">
    <ele>988.5800000000002</ele>
   </trkpt>
   <trkpt lat="45.71934" lon="6.32197">
    <ele>985.89</ele>
   </trkpt>
   <trkpt lat="45.719150000000006" lon="6.321980000000001">
    <ele>983.84</ele>
   </trkpt>
   <trkpt lat="45.718830000000004" lon="6.322190000000001">
    <ele>980.9300000000001</ele>
   </trkpt>
   <trkpt lat="45.718380000316586" lon="6.322039998864797">
    <ele>980.11</ele>
   </trkpt>
   <trkpt lat="45.71793" lon="6.321890000000001">
    <ele>975.1</ele>
   </trkpt>
   <trkpt lat="45.717710000000004" lon="6.3218000000000005">
    <ele>974.0600000000001</ele>
   </trkpt>
   <trkpt lat="45.71728" lon="6.321750000000001">
    <ele>968.0600000000001</ele>
   </trkpt>
   <trkpt lat="45.71654000009695" lon="6.321743333157636">
    <ele>960.8900000000001</ele>
   </trkpt>
   <trkpt lat="45.715800000193475" lon="6.321736666491843">
    <ele>956.2700000000001</ele>
   </trkpt>
   <trkpt lat="45.71506" lon="6.3217300000000005">
    <ele>948.3600000000001</ele>
   </trkpt>
   <trkpt lat="45.71454000000001" lon="6.321820000000001">
    <ele>943.2</ele>
   </trkpt>
   <trkpt lat="45.71428" lon="6.32192">
    <ele>940.5000000000001</ele>
   </trkpt>
   <trkpt lat="45.71403" lon="6.322080000000001">
    <ele>937.58</ele>
   </trkpt>
   <trkpt lat="45.71361" lon="6.32244">
    <ele>932.1400000000001</ele>
   </trkpt>
   <trkpt lat="45.71304000000001" lon="6.32329">
    <ele>922.3800000000001</ele>
   </trkpt>
   <trkpt lat="45.71294" lon="6.323550000000001">
    <ele>920.4300000000001</ele>
   </trkpt>
   <trkpt lat="45.71291" lon="6.32359">
    <ele>920.07</ele>
   </trkpt>
   <trkpt lat="45.71278" lon="6.32357">
    <ele>919.4100000000001</ele>
   </trkpt>
   <trkpt lat="45.712630000000004" lon="6.323480000000001">
    <ele>919.0300000000001</ele>
   </trkpt>
   <trkpt lat="45.712720002142404" lon="6.32278000108808">
    <ele>910.1600000000001</ele>
   </trkpt>
   <trkpt lat="45.712810000000005" lon="6.322080000000001">
    <ele>903.29</ele>
   </trkpt>
   <trkpt lat="45.7128" lon="6.32085">
    <ele>893.47</ele>
   </trkpt>
   <trkpt lat="45.71314" lon="6.319920000000001">
    <ele>888.14</ele>
   </trkpt>
   <trkpt lat="45.713150000000006" lon="6.319750000000001">
    <ele>886.1800000000001</ele>
   </trkpt>
   <trkpt lat="45.71322000000001" lon="6.319420000000001">
    <ele>883.2700000000001</ele>
   </trkpt>
   <trkpt lat="45.713210000000004" lon="6.3192">
    <ele>878.7300000000001</ele>
   </trkpt>
   <trkpt lat="45.71316" lon="6.319050000000001">
    <ele>877.2500000000001</ele>
   </trkpt>
   <trkpt lat="45.71302" lon="6.319030000000001">
    <ele>876.87</ele>
   </trkpt>
   <trkpt lat="45.712860000000006" lon="6.318880000000001">
    <ele>875.02</ele>
   </trkpt>
   <trkpt lat="45.712700000000005" lon="6.31876">
    <ele>872.62</ele>
   </trkpt>
   <trkpt lat="45.71226" lon="6.318670000000001">
    <ele>870.4000000000001</ele>
   </trkpt>
   <trkpt lat="45.712210000000006" lon="6.3187500000000005">
    <ele>870.7600000000001</ele>
   </trkpt>
   <trkpt lat="45.71190000000001" lon="6.3189">
    <ele>870.7800000000001</ele>
   </trkpt>
   <trkpt lat="45.711740000000006" lon="6.318950000000001">
    <ele>870.6800000000001</ele>
   </trkpt>
   <trkpt lat="45.71155" lon="6.31892">
    <ele>870.14</ele>
   </trkpt>
   <trkpt lat="45.71141" lon="6.318880000000001">
    <ele>869.3700000000001</ele>
   </trkpt>
   <trkpt lat="45.711330000000004" lon="6.31878">
    <ele>868.9300000000001</ele>
   </trkpt>
   <trkpt lat="45.71097" lon="6.31822">
    <ele>864.6600000000001</ele>
   </trkpt>
   <trkpt lat="45.710860000000004" lon="6.317970000000001">
    <ele>863.25</ele>
   </trkpt>
   <trkpt lat="45.71074" lon="6.31744">
    <ele>861.7</ele>
   </trkpt>
   <trkpt lat="45.710460000000005" lon="6.316980000000001">
    <ele>859.28</ele>
   </trkpt>
   <trkpt lat="45.71032" lon="6.3166">
    <ele>858.2</ele>
   </trkpt>
   <trkpt lat="45.71018" lon="6.31599">
    <ele>857.9100000000001</ele>
   </trkpt>
   <trkpt lat="45.71009" lon="6.315180000000001">
    <ele>858.45</ele>
   </trkpt>
   <trkpt lat="45.71005" lon="6.315">
    <ele>858.6600000000001</ele>
   </trkpt>
   <trkpt lat="45.70994" lon="6.314870000000001">
    <ele>858.6800000000001</ele>
   </trkpt>
   <trkpt lat="45.709500000000006" lon="6.3146">
    <ele>856.0300000000001</ele>
   </trkpt>
   <trkpt lat="45.709300000000006" lon="6.314450000000001">
    <ele>853.7300000000001</ele>
   </trkpt>
   <trkpt lat="45.70922" lon="6.3142700000000005">
    <ele>850.7800000000001</ele>
   </trkpt>
   <trkpt lat="45.70918" lon="6.314050000000001">
    <ele>849.8500000000001</ele>
   </trkpt>
   <trkpt lat="45.709160000000004" lon="6.31381">
    <ele>848.0500000000001</ele>
   </trkpt>
   <trkpt lat="45.70917" lon="6.312950000000001">
    <ele>842.07</ele>
   </trkpt>
   <trkpt lat="45.70911" lon="6.31273">
    <ele>840.34</ele>
   </trkpt>
   <trkpt lat="45.708940000000005" lon="6.3123700000000005">
    <ele>837.8700000000001</ele>
   </trkpt>
   <trkpt lat="45.708650000000006" lon="6.31127">
    <ele>830.13</ele>
   </trkpt>
   <trkpt lat="45.708200000000005" lon="6.31123">
    <ele>825.6500000000001</ele>
   </trkpt>
   <trkpt lat="45.70768" lon="6.3110800000000005">
    <ele>821.5000000000001</ele>
   </trkpt>
   <trkpt lat="45.70740000000001" lon="6.311070000000001">
    <ele>818.8900000000001</ele>
   </trkpt>
   <trkpt lat="45.70718" lon="6.31118">
    <ele>815.27</ele>
   </trkpt>
   <trkpt lat="45.7068" lon="6.31123">
    <ele>811.82</ele>
   </trkpt>
   <trkpt lat="45.70604" lon="6.3112200000000005">
    <ele>805.4100000000001</ele>
   </trkpt>
   <trkpt lat="45.70588" lon="6.311140000000001">
    <ele>804.15</ele>
   </trkpt>
   <trkpt lat="45.70588" lon="6.310740000000001">
    <ele>799.3</ele>
   </trkpt>
   <trkpt lat="45.706050000000005" lon="6.309830000000001">
    <ele>789.1600000000001</ele>
   </trkpt>
   <trkpt lat="45.70606" lon="6.309430000000001">
    <ele>785.59</ele>
   </trkpt>
   <trkpt lat="45.705960000000005" lon="6.309100000000001">
    <ele>782.45</ele>
   </trkpt>
   <trkpt lat="45.705980000000004" lon="6.308330000000001">
    <ele>775.2</ele>
   </trkpt>
   <trkpt lat="45.70591" lon="6.308000000000001">
    <ele>765.8100000000001</ele>
   </trkpt>
   <trkpt lat="45.705670000000005" lon="6.307760000000001">
    <ele>763.3700000000001</ele>
   </trkpt>
   <trkpt lat="45.70555000210071" lon="6.307069998656574">
    <ele>763.5400000000001</ele>
   </trkpt>
   <trkpt lat="45.70543000000001" lon="6.306380000000001">
    <ele>763.35</ele>
   </trkpt>
   <trkpt lat="45.705420000000004" lon="6.30616">
    <ele>763.5400000000001</ele>
   </trkpt>
   <trkpt lat="45.705490000000005" lon="6.30599">
    <ele>764.2700000000001</ele>
   </trkpt>
   <trkpt lat="45.70561000000001" lon="6.305860000000001">
    <ele>765.4200000000001</ele>
   </trkpt>
   <trkpt lat="45.705850000000005" lon="6.305750000000001">
    <ele>767.47</ele>
   </trkpt>
   <trkpt lat="45.70665" lon="6.305460000000001">
    <ele>775.57</ele>
   </trkpt>
   <trkpt lat="45.707" lon="6.30531">
    <ele>779.49</ele>
   </trkpt>
   <trkpt lat="45.70734" lon="6.3051200000000005">
    <ele>781.71</ele>
   </trkpt>
   <trkpt lat="45.707860000000004" lon="6.30475">
    <ele>782.46</ele>
   </trkpt>
   <trkpt lat="45.70808" lon="6.304640000000001">
    <ele>791.57</ele>
   </trkpt>
   <trkpt lat="45.708000000000006" lon="6.30433">
    <ele>797.85</ele>
   </trkpt>
   <trkpt lat="45.70799" lon="6.30419">
    <ele>801.0400000000001</ele>
   </trkpt>
   <trkpt lat="45.70792" lon="6.30412">
    <ele>803.7800000000001</ele>
   </trkpt>
   <trkpt lat="45.707860000000004" lon="6.304">
    <ele>806.9900000000001</ele>
   </trkpt>
   <trkpt lat="45.70783" lon="6.303870000000001">
    <ele>812.21</ele>
   </trkpt>
   <trkpt lat="45.707820000000005" lon="6.303730000000001">
    <ele>818.8100000000001</ele>
   </trkpt>
   <trkpt lat="45.70774" lon="6.30367">
    <ele>821.7</ele>
   </trkpt>
   <trkpt lat="45.70758000000001" lon="6.303470000000001">
    <ele>835.5</ele>
   </trkpt>
   <trkpt lat="45.7075" lon="6.30341">
    <ele>839.0600000000001</ele>
   </trkpt>
   <trkpt lat="45.70740000000001" lon="6.30344">
    <ele>841.2600000000001</ele>
   </trkpt>
   <trkpt lat="45.707300000000004" lon="6.3034300000000005">
    <ele>842.6</ele>
   </trkpt>
   <trkpt lat="45.706570000000006" lon="6.3028200000000005">
    <ele>891.53</ele>
   </trkpt>
   <trkpt lat="45.706500000000005" lon="6.302720000000001">
    <ele>897.2500000000001</ele>
   </trkpt>
   <trkpt lat="45.706410000000005" lon="6.302490000000001">
    <ele>913.58</ele>
   </trkpt>
   <trkpt lat="45.70629" lon="6.3024000000000004">
    <ele>917.8000000000001</ele>
   </trkpt>
   <trkpt lat="45.70609" lon="6.302340000000001">
    <ele>918.83</ele>
   </trkpt>
   <trkpt lat="45.706010000000006" lon="6.302230000000001">
    <ele>924.1</ele>
   </trkpt>
   <trkpt lat="45.705920000000006" lon="6.302090000000001">
    <ele>928.95</ele>
   </trkpt>
   <trkpt lat="45.70588" lon="6.301950000000001">
    <ele>933.34</ele>
   </trkpt>
   <trkpt lat="45.70582" lon="6.3018600000000005">
    <ele>935.6</ele>
   </trkpt>
   <trkpt lat="45.705780000000004" lon="6.30172">
    <ele>940.0400000000001</ele>
   </trkpt>
   <trkpt lat="45.70552000000001" lon="6.301570000000001">
    <ele>941.8000000000001</ele>
   </trkpt>
   <trkpt lat="45.70543000000001" lon="6.301550000000001">
    <ele>942.52</ele>
   </trkpt>
   <trkpt lat="45.70543000000001" lon="6.301380000000001">
    <ele>944.7700000000001</ele>
   </trkpt>
   <trkpt lat="45.70557" lon="6.30128">
    <ele>945.8400000000001</ele>
   </trkpt>
   <trkpt lat="45.70568" lon="6.301050000000001">
    <ele>945.82</ele>
   </trkpt>
   <trkpt lat="45.705630000000006" lon="6.30083">
    <ele>945.71</ele>
   </trkpt>
   <trkpt lat="45.70562" lon="6.30067">
    <ele>944.64</ele>
   </trkpt>
   <trkpt lat="45.70539" lon="6.3001000000000005">
    <ele>946.6200000000001</ele>
   </trkpt>
   <trkpt lat="45.705180000000006" lon="6.29975">
    <ele>952.58</ele>
   </trkpt>
   <trkpt lat="45.705020000000005" lon="6.29943">
    <ele>958.2900000000001</ele>
   </trkpt>
   <trkpt lat="45.70494" lon="6.29931">
    <ele>961.82</ele>
   </trkpt>
   <trkpt lat="45.70487000000001" lon="6.2991600000000005">
    <ele>963.84</ele>
   </trkpt>
   <trkpt lat="45.704890000000006" lon="6.29898">
    <ele>964.67</ele>
   </trkpt>
   <trkpt lat="45.70483" lon="6.298850000000001">
    <ele>965.9000000000001</ele>
   </trkpt>
   <trkpt lat="45.70481" lon="6.298690000000001">
    <ele>967.85</ele>
   </trkpt>
   <trkpt lat="45.70524" lon="6.298570000000001">
    <ele>958.7800000000001</ele>
   </trkpt>
   <trkpt lat="45.705220000000004" lon="6.29842">
    <ele>960.4800000000001</ele>
   </trkpt>
   <trkpt lat="45.70514000000001" lon="6.2983">
    <ele>963.45</ele>
   </trkpt>
   <trkpt lat="45.70461" lon="6.297910000000001">
    <ele>982.44</ele>
   </trkpt>
   <trkpt lat="45.704510000000006" lon="6.29776">
    <ele>982.44</ele>
   </trkpt>
   <trkpt lat="45.704480000000004" lon="6.29764">
    <ele>984.3900000000001</ele>
   </trkpt>
   <trkpt lat="45.70447" lon="6.297490000000001">
    <ele>985.94</ele>
   </trkpt>
   <trkpt lat="45.70443" lon="6.297320000000001">
    <ele>988.9100000000001</ele>
   </trkpt>
   <trkpt lat="45.70434" lon="6.29717">
    <ele>992.7300000000001</ele>
   </trkpt>
   <trkpt lat="45.70434" lon="6.297000000000001">
    <ele>995.4100000000001</ele>
   </trkpt>
   <trkpt lat="45.704170000000005" lon="6.296690000000001">
    <ele>1004.11</ele>
   </trkpt>
   <trkpt lat="45.70409" lon="6.29661">
    <ele>1007.12</ele>
   </trkpt>
   <trkpt lat="45.70405" lon="6.29645">
    <ele>1010.3</ele>
   </trkpt>
   <trkpt lat="45.703970000000005" lon="6.29638">
    <ele>1014.11</ele>
   </trkpt>
   <trkpt lat="45.70383" lon="6.296170000000001">
    <ele>1023.26</ele>
   </trkpt>
   <trkpt lat="45.70365" lon="6.2960400000000005">
    <ele>1030.84</ele>
   </trkpt>
   <trkpt lat="45.70344" lon="6.29593">
    <ele>1039.98</ele>
   </trkpt>
   <trkpt lat="45.70336" lon="6.29584">
    <ele>1043.67</ele>
   </trkpt>
   <trkpt lat="45.70327" lon="6.295780000000001">
    <ele>1047.17</ele>
   </trkpt>
   <trkpt lat="45.703230000000005" lon="6.295660000000001">
    <ele>1051.73</ele>
   </trkpt>
   <trkpt lat="45.70313" lon="6.29555">
    <ele>1055.96</ele>
   </trkpt>
   <trkpt lat="45.70299000000001" lon="6.295470000000001">
    <ele>1062.27</ele>
   </trkpt>
   <trkpt lat="45.702870000000004" lon="6.295420000000001">
    <ele>1067.02</ele>
   </trkpt>
   <trkpt lat="45.702650000000006" lon="6.295380000000001">
    <ele>1071.83</ele>
   </trkpt>
   <trkpt lat="45.702540000000006" lon="6.29539">
    <ele>1074.41</ele>
   </trkpt>
   <trkpt lat="45.702200000000005" lon="6.295280000000001">
    <ele>1085.2</ele>
   </trkpt>
   <trkpt lat="45.70212" lon="6.295190000000001">
    <ele>1089.21</ele>
   </trkpt>
   <trkpt lat="45.70192" lon="6.295070000000001">
    <ele>1096.2200000000003</ele>
   </trkpt>
   <trkpt lat="45.701710000000006" lon="6.2949600000000006">
    <ele>1102.38</ele>
   </trkpt>
   <trkpt lat="45.7015" lon="6.294790000000001">
    <ele>1109.22</ele>
   </trkpt>
   <trkpt lat="45.70134" lon="6.294600000000001">
    <ele>1116.12</ele>
   </trkpt>
   <trkpt lat="45.7013" lon="6.29448">
    <ele>1118.56</ele>
   </trkpt>
   <trkpt lat="45.70114" lon="6.29431">
    <ele>1123.42</ele>
   </trkpt>
   <trkpt lat="45.70102000000001" lon="6.2942800000000005">
    <ele>1124.8500000000001</ele>
   </trkpt>
   <trkpt lat="45.70091" lon="6.294300000000001">
    <ele>1125.43</ele>
   </trkpt>
   <trkpt lat="45.700810000000004" lon="6.29429">
    <ele>1127.58</ele>
   </trkpt>
   <trkpt lat="45.70062" lon="6.29431">
    <ele>1127.3200000000002</ele>
   </trkpt>
   <trkpt lat="45.700520000000004" lon="6.29429">
    <ele>1129.68</ele>
   </trkpt>
   <trkpt lat="45.70024" lon="6.2941">
    <ele>1140.3300000000002</ele>
   </trkpt>
   <trkpt lat="45.69999000000001" lon="6.29396">
    <ele>1151.58</ele>
   </trkpt>
   <trkpt lat="45.69986" lon="6.2939300000000005">
    <ele>1154.5800000000002</ele>
   </trkpt>
   <trkpt lat="45.69981000000001" lon="6.29382">
    <ele>1160.3600000000001</ele>
   </trkpt>
   <trkpt lat="45.699540000000006" lon="6.293550000000001">
    <ele>1174.15</ele>
   </trkpt>
   <trkpt lat="45.699400000000004" lon="6.29333">
    <ele>1182.62</ele>
   </trkpt>
   <trkpt lat="45.69924" lon="6.293120000000001">
    <ele>1192.26</ele>
   </trkpt>
   <trkpt lat="45.69924" lon="6.292960000000001">
    <ele>1197.78</ele>
   </trkpt>
   <trkpt lat="45.69915" lon="6.292680000000001">
    <ele>1208.0600000000002</ele>
   </trkpt>
   <trkpt lat="45.699070000000006" lon="6.292590000000001">
    <ele>1211.89</ele>
   </trkpt>
   <trkpt lat="45.69896000000001" lon="6.292350000000001">
    <ele>1222.21</ele>
   </trkpt>
   <trkpt lat="45.698910000000005" lon="6.292050000000001">
    <ele>1233.48</ele>
   </trkpt>
   <trkpt lat="45.69885" lon="6.29196">
    <ele>1237.0</ele>
   </trkpt>
   <trkpt lat="45.69876000000001" lon="6.29168">
    <ele>1247.89</ele>
   </trkpt>
   <trkpt lat="45.6987" lon="6.29157">
    <ele>1250.61</ele>
   </trkpt>
   <trkpt lat="45.69881" lon="6.29124">
    <ele>1270.6000000000001</ele>
   </trkpt>
   <trkpt lat="45.69858000000001" lon="6.2910900000000005">
    <ele>1277.7200000000003</ele>
   </trkpt>
   <trkpt lat="45.69832" lon="6.2910900000000005">
    <ele>1285.7200000000003</ele>
   </trkpt>
   <trkpt lat="45.69816" lon="6.2912300000000005">
    <ele>1288.47</ele>
   </trkpt>
   <trkpt lat="45.697950000000006" lon="6.291360000000001">
    <ele>1291.6100000000001</ele>
   </trkpt>
   <trkpt lat="45.697860000000006" lon="6.29138">
    <ele>1297.69</ele>
   </trkpt>
   <trkpt lat="45.69758" lon="6.291390000000001">
    <ele>1300.15</ele>
   </trkpt>
   <trkpt lat="45.69753" lon="6.291360000000001">
    <ele>1301.01</ele>
   </trkpt>
   <trkpt lat="45.69749" lon="6.291270000000001">
    <ele>1301.01</ele>
   </trkpt>
   <trkpt lat="45.69744" lon="6.29126">
    <ele>1306.51</ele>
   </trkpt>
   <trkpt lat="45.69727" lon="6.29133">
    <ele>1307.3300000000002</ele>
   </trkpt>
   <trkpt lat="45.697030000000005" lon="6.291340000000001">
    <ele>1311.3400000000001</ele>
   </trkpt>
   <trkpt lat="45.696810000000006" lon="6.2914200000000005">
    <ele>1313.7800000000002</ele>
   </trkpt>
   <trkpt lat="45.69671" lon="6.29143">
    <ele>1316.03</ele>
   </trkpt>
   <trkpt lat="45.69662" lon="6.291410000000001">
    <ele>1317.76</ele>
   </trkpt>
   <trkpt lat="45.69653" lon="6.29135">
    <ele>1319.46</ele>
   </trkpt>
   <trkpt lat="45.69651" lon="6.291290000000001">
    <ele>1319.46</ele>
   </trkpt>
   <trkpt lat="45.69655" lon="6.2908800000000005">
    <ele>1324.4900000000002</ele>
   </trkpt>
   <trkpt lat="45.696600000000004" lon="6.290760000000001">
    <ele>1326.39</ele>
   </trkpt>
   <trkpt lat="45.69671" lon="6.29063">
    <ele>1330.65</ele>
   </trkpt>
   <trkpt lat="45.69673" lon="6.290570000000001">
    <ele>1330.65</ele>
   </trkpt>
   <trkpt lat="45.69677" lon="6.2903">
    <ele>1337.8400000000001</ele>
   </trkpt>
   <trkpt lat="45.696830000000006" lon="6.290100000000001">
    <ele>1337.8400000000001</ele>
   </trkpt>
   <trkpt lat="45.696920000000006" lon="6.28995">
    <ele>1341.52</ele>
   </trkpt>
   <trkpt lat="45.69704" lon="6.289650000000001">
    <ele>1345.42</ele>
   </trkpt>
   <trkpt lat="45.69717000000001" lon="6.28945">
    <ele>1350.23</ele>
   </trkpt>
   <trkpt lat="45.697230000000005" lon="6.289250000000001">
    <ele>1352.9</ele>
   </trkpt>
   <trkpt lat="45.697280000000006" lon="6.288740000000001">
    <ele>1365.6000000000001</ele>
   </trkpt>
   <trkpt lat="45.69736" lon="6.288530000000001">
    <ele>1371.3300000000002</ele>
   </trkpt>
   <trkpt lat="45.697430000000004" lon="6.2884">
    <ele>1375.04</ele>
   </trkpt>
   <trkpt lat="45.69745" lon="6.28819">
    <ele>1379.1100000000001</ele>
   </trkpt>
   <trkpt lat="45.69753" lon="6.28805">
    <ele>1382.09</ele>
   </trkpt>
   <trkpt lat="45.697770000000006" lon="6.28798">
    <ele>1389.85</ele>
   </trkpt>
   <trkpt lat="45.69792" lon="6.28781">
    <ele>1398.17</ele>
   </trkpt>
   <trkpt lat="45.698040000000006" lon="6.287420000000001">
    <ele>1407.0</ele>
   </trkpt>
   <trkpt lat="45.698010000000004" lon="6.28727">
    <ele>1410.2100000000003</ele>
   </trkpt>
   <trkpt lat="45.697770000000006" lon="6.2873">
    <ele>1424.53</ele>
   </trkpt>
   <trkpt lat="45.69762" lon="6.287260000000001">
    <ele>1424.53</ele>
   </trkpt>
   <trkpt lat="45.69747" lon="6.2871500000000005">
    <ele>1424.53</ele>
   </trkpt>
   <trkpt lat="45.6972" lon="6.28683">
    <ele>1445.1200000000001</ele>
   </trkpt>
   <trkpt lat="45.697140000000005" lon="6.28666">
    <ele>1450.11</ele>
   </trkpt>
   <trkpt lat="45.69711" lon="6.28645">
    <ele>1457.99</ele>
   </trkpt>
   <trkpt lat="45.69717000000001" lon="6.286340000000001">
    <ele>1460.99</ele>
   </trkpt>
   <trkpt lat="45.69726000000001" lon="6.2859300000000005">
    <ele>1470.8400000000001</ele>
   </trkpt>
   <trkpt lat="45.697390000000006" lon="6.285730000000001">
    <ele>1476.7400000000002</ele>
   </trkpt>
   <trkpt lat="45.69738" lon="6.28561">
    <ele>1476.7400000000002</ele>
   </trkpt>
   <trkpt lat="45.697230000000005" lon="6.28554">
    <ele>1483.0400000000002</ele>
   </trkpt>
   <trkpt lat="45.697160000000004" lon="6.28549">
    <ele>1485.99</ele>
   </trkpt>
   <trkpt lat="45.69717000000001" lon="6.2853">
    <ele>1491.26</ele>
   </trkpt>
   <trkpt lat="45.697320000000005" lon="6.284980000000001">
    <ele>1497.78</ele>
   </trkpt>
   <trkpt lat="45.69724" lon="6.284910000000001">
    <ele>1500.75</ele>
   </trkpt>
   <trkpt lat="45.697230000000005" lon="6.284650000000001">
    <ele>1509.09</ele>
   </trkpt>
   <trkpt lat="45.697140000000005" lon="6.2847100000000005">
    <ele>1509.09</ele>
   </trkpt>
   <trkpt lat="45.697140000000005" lon="6.284260000000001">
    <ele>1524.01</ele>
   </trkpt>
   <trkpt lat="45.697050000000004" lon="6.2842">
    <ele>1524.01</ele>
   </trkpt>
   <trkpt lat="45.696870000000004" lon="6.28427">
    <ele>1543.76</ele>
   </trkpt>
   <trkpt lat="45.69659" lon="6.284210000000001">
    <ele>1549.41</ele>
   </trkpt>
   <trkpt lat="45.69657" lon="6.28406">
    <ele>1554.8400000000001</ele>
   </trkpt>
   <trkpt lat="45.69661000000001" lon="6.283950000000001">
    <ele>1556.5700000000002</ele>
   </trkpt>
   <trkpt lat="45.69661000000001" lon="6.28382">
    <ele>1559.8200000000002</ele>
   </trkpt>
   <trkpt lat="45.696650000000005" lon="6.283650000000001">
    <ele>1562.8600000000001</ele>
   </trkpt>
   <trkpt lat="45.69648" lon="6.2834200000000004">
    <ele>1570.38</ele>
   </trkpt>
   <trkpt lat="45.696490000000004" lon="6.283010000000001">
    <ele>1587.6100000000001</ele>
   </trkpt>
   <trkpt lat="45.69643000000001" lon="6.28284">
    <ele>1587.6100000000001</ele>
   </trkpt>
   <trkpt lat="45.69651" lon="6.282330000000001">
    <ele>1605.6000000000001</ele>
   </trkpt>
   <trkpt lat="45.69662" lon="6.282260000000001">
    <ele>1605.6000000000001</ele>
   </trkpt>
   <trkpt lat="45.69659" lon="6.282030000000001">
    <ele>1618.3100000000002</ele>
   </trkpt>
   <trkpt lat="45.696600000000004" lon="6.28192">
    <ele>1618.3100000000002</ele>
   </trkpt>
   <trkpt lat="45.69657" lon="6.281680000000001">
    <ele>1618.3100000000002</ele>
   </trkpt>
   <trkpt lat="45.69666" lon="6.28138">
    <ele>1629.5900000000001</ele>
   </trkpt>
   <trkpt lat="45.69661000000001" lon="6.28115">
    <ele>1638.7500000000002</ele>
   </trkpt>
   <trkpt lat="45.69661000000001" lon="6.281040000000001">
    <ele>1642.46</ele>
   </trkpt>
   <trkpt lat="45.69653" lon="6.28091">
    <ele>1642.46</ele>
   </trkpt>
   <trkpt lat="45.69637" lon="6.280880000000001">
    <ele>1657.73</ele>
   </trkpt>
   <trkpt lat="45.696070000000006" lon="6.280970000000001">
    <ele>1673.16</ele>
   </trkpt>
   <trkpt lat="45.69603" lon="6.281020000000001">
    <ele>1673.16</ele>
   </trkpt>
   <trkpt lat="45.696130000000004" lon="6.280950000000001">
    <ele>1672.0600000000002</ele>
   </trkpt>
   <trkpt lat="45.69592" lon="6.281070000000001">
    <ele>1677.0500000000002</ele>
   </trkpt>
   <trkpt lat="45.69595" lon="6.280880000000001">
    <ele>1672.9900000000002</ele>
   </trkpt>
   <trkpt lat="45.696270000000005" lon="6.280410000000001">
    <ele>1678.3600000000001</ele>
   </trkpt>
   <trkpt lat="45.69639" lon="6.28016">
    <ele>1683.96</ele>
   </trkpt>
   <trkpt lat="45.696470000000005" lon="6.28009">
    <ele>1683.96</ele>
   </trkpt>
   <trkpt lat="45.69664" lon="6.28005">
    <ele>1687.6700000000003</ele>
   </trkpt>
   <trkpt lat="45.69688000000001" lon="6.27993">
    <ele>1691.75</ele>
   </trkpt>
   <trkpt lat="45.697030000000005" lon="6.279800000000001">
    <ele>1695.3700000000001</ele>
   </trkpt>
   <trkpt lat="45.697070000000004" lon="6.279730000000001">
    <ele>1695.3700000000001</ele>
   </trkpt>
   <trkpt lat="45.69704" lon="6.279660000000001">
    <ele>1698.0400000000002</ele>
   </trkpt>
   <trkpt lat="45.69691" lon="6.2796400000000006">
    <ele>1701.68</ele>
   </trkpt>
   <trkpt lat="45.696810000000006" lon="6.27958">
    <ele>1701.68</ele>
   </trkpt>
   <trkpt lat="45.69664" lon="6.27941">
    <ele>1705.8700000000001</ele>
   </trkpt>
   <trkpt lat="45.69657" lon="6.279310000000001">
    <ele>1707.99</ele>
   </trkpt>
   <trkpt lat="45.6965" lon="6.278980000000001">
    <ele>1710.6000000000001</ele>
   </trkpt>
   <trkpt lat="45.696540000000006" lon="6.278840000000001">
    <ele>1711.1900000000003</ele>
   </trkpt>
   <trkpt lat="45.69664" lon="6.27876">
    <ele>1711.65</ele>
   </trkpt>
   <trkpt lat="45.69686" lon="6.278650000000001">
    <ele>1711.7000000000003</ele>
   </trkpt>
   <trkpt lat="45.69691" lon="6.278580000000001">
    <ele>1711.7900000000002</ele>
   </trkpt>
   <trkpt lat="45.69697" lon="6.278110000000001">
    <ele>1714.7</ele>
   </trkpt>
   <trkpt lat="45.69691" lon="6.277920000000001">
    <ele>1714.7</ele>
   </trkpt>
   <trkpt lat="45.696920000000006" lon="6.27763">
    <ele>1716.6100000000001</ele>
   </trkpt>
   <trkpt lat="45.69689" lon="6.2774">
    <ele>1719.1000000000001</ele>
   </trkpt>
   <trkpt lat="45.69677" lon="6.277120000000001">
    <ele>1720.97</ele>
   </trkpt>
   <trkpt lat="45.696740000000005" lon="6.276940000000001">
    <ele>1722.91</ele>
   </trkpt>
   <trkpt lat="45.696740000000005" lon="6.27669">
    <ele>1726.41</ele>
   </trkpt>
   <trkpt lat="45.696670000000005" lon="6.27641">
    <ele>1730.46</ele>
   </trkpt>
   <trkpt lat="45.696720000000006" lon="6.2759100000000005">
    <ele>1737.17</ele>
   </trkpt>
   <trkpt lat="45.69675" lon="6.275830000000001">
    <ele>1738.9</ele>
   </trkpt>
   <trkpt lat="45.69682" lon="6.275830000000001">
    <ele>1738.9</ele>
   </trkpt>
   <trkpt lat="45.697030000000005" lon="6.27611">
    <ele>1745.0800000000002</ele>
   </trkpt>
   <trkpt lat="45.697100000000006" lon="6.27615">
    <ele>1746.5000000000002</ele>
   </trkpt>
   <trkpt lat="45.697140000000005" lon="6.2761000000000005">
    <ele>1746.5000000000002</ele>
   </trkpt>
   <trkpt lat="45.69713" lon="6.275900000000001">
    <ele>1749.0800000000002</ele>
   </trkpt>
   <trkpt lat="45.69717000000001" lon="6.27571">
    <ele>1751.3400000000001</ele>
   </trkpt>
   <trkpt lat="45.697160000000004" lon="6.275620000000001">
    <ele>1753.98</ele>
   </trkpt>
   <trkpt lat="45.69693" lon="6.275040000000001">
    <ele>1759.57</ele>
   </trkpt>
   <trkpt lat="45.696830000000006" lon="6.27467">
    <ele>1761.51</ele>
   </trkpt>
   <trkpt lat="45.696760000000005" lon="6.274540000000001">
    <ele>1763.6100000000001</ele>
   </trkpt>
   <trkpt lat="45.696780000000004" lon="6.274220000000001">
    <ele>1766.6800000000003</ele>
   </trkpt>
   <trkpt lat="45.69677" lon="6.273980000000001">
    <ele>1770.31</ele>
   </trkpt>
   <trkpt lat="45.696780000000004" lon="6.273860000000001">
    <ele>1772.0200000000002</ele>
   </trkpt>
   <trkpt lat="45.69684" lon="6.273750000000001">
    <ele>1772.0200000000002</ele>
   </trkpt>
   <trkpt lat="45.696920000000006" lon="6.27367">
    <ele>1775.74</ele>
   </trkpt>
   <trkpt lat="45.69693" lon="6.273600000000001">
    <ele>1777.4800000000002</ele>
   </trkpt>
   <trkpt lat="45.69690000000001" lon="6.273530000000001">
    <ele>1777.4800000000002</ele>
   </trkpt>
   <trkpt lat="45.69668" lon="6.2735">
    <ele>1782.15</ele>
   </trkpt>
   <trkpt lat="45.696630000000006" lon="6.2734700000000005">
    <ele>1782.15</ele>
   </trkpt>
   <trkpt lat="45.69662" lon="6.27341">
    <ele>1782.15</ele>
   </trkpt>
   <trkpt lat="45.69675" lon="6.273090000000001">
    <ele>1791.95</ele>
   </trkpt>
   <trkpt lat="45.696760000000005" lon="6.27249">
    <ele>1799.64</ele>
   </trkpt>
   <trkpt lat="45.69684" lon="6.2723700000000004">
    <ele>1801.3500000000001</ele>
   </trkpt>
   <trkpt lat="45.69717000000001" lon="6.27212">
    <ele>1808.68</ele>
   </trkpt>
   <trkpt lat="45.697280000000006" lon="6.272080000000001">
    <ele>1810.2600000000002</ele>
   </trkpt>
   <trkpt lat="45.69731" lon="6.27202">
    <ele>1811.22</ele>
   </trkpt>
   <trkpt lat="45.69731" lon="6.271960000000001">
    <ele>1812.28</ele>
   </trkpt>
   <trkpt lat="45.69726000000001" lon="6.271770000000001">
    <ele>1815.65</ele>
   </trkpt>
   <trkpt lat="45.697280000000006" lon="6.271680000000001">
    <ele>1815.65</ele>
   </trkpt>
   <trkpt lat="45.69744" lon="6.27158">
    <ele>1822.14</ele>
   </trkpt>
   <trkpt lat="45.697480000000006" lon="6.27158">
    <ele>1822.14</ele>
   </trkpt>
   <trkpt lat="45.69737000000001" lon="6.27137">
    <ele>1824.03</ele>
   </trkpt>
   <trkpt lat="45.697070000000004" lon="6.270980000000001">
    <ele>1833.73</ele>
   </trkpt>
   <trkpt lat="45.696940000000005" lon="6.27071">
    <ele>1840.21</ele>
   </trkpt>
   <trkpt lat="45.696760000000005" lon="6.270630000000001">
    <ele>1843.7200000000003</ele>
   </trkpt>
   <trkpt lat="45.696580000000004" lon="6.2705">
    <ele>1850.1200000000001</ele>
   </trkpt>
   <trkpt lat="45.69639" lon="6.27029">
    <ele>1858.15</ele>
   </trkpt>
   <trkpt lat="45.69614000000001" lon="6.269850000000001">
    <ele>1872.1900000000003</ele>
   </trkpt>
   <trkpt lat="45.696070000000006" lon="6.269620000000001">
    <ele>1874.5</ele>
   </trkpt>
   <trkpt lat="45.69597" lon="6.26942">
    <ele>1877.1200000000001</ele>
   </trkpt>
   <trkpt lat="45.695570000000004" lon="6.269310000000001">
    <ele>1881.42</ele>
   </trkpt>
   <trkpt lat="45.695420000000006" lon="6.26921">
    <ele>1884.45</ele>
   </trkpt>
   <trkpt lat="45.695190000000004" lon="6.2689900000000005">
    <ele>1893.91</ele>
   </trkpt>
   <trkpt lat="45.69511000000001" lon="6.268940000000001">
    <ele>1898.6600000000003</ele>
   </trkpt>
   <trkpt lat="45.694770000000005" lon="6.268840000000001">
    <ele>1909.67</ele>
   </trkpt>
   <trkpt lat="45.694700000000005" lon="6.268800000000001">
    <ele>1913.64</ele>
   </trkpt>
   <trkpt lat="45.69446000000001" lon="6.268470000000001">
    <ele>1920.67</ele>
   </trkpt>
   <trkpt lat="45.69447" lon="6.26832">
    <ele>1924.3400000000001</ele>
   </trkpt>
   <trkpt lat="45.69456" lon="6.268190000000001">
    <ele>1927.1100000000001</ele>
   </trkpt>
   <trkpt lat="45.69446000000001" lon="6.267930000000001">
    <ele>1935.69</ele>
   </trkpt>
   <trkpt lat="45.69453" lon="6.267830000000001">
    <ele>1936.8600000000001</ele>
   </trkpt>
   <trkpt lat="45.694500000000005" lon="6.26745">
    <ele>1945.28</ele>
   </trkpt>
   <trkpt lat="45.69454" lon="6.2674">
    <ele>1945.28</ele>
   </trkpt>
   <trkpt lat="45.694610000000004" lon="6.267430000000001">
    <ele>1947.6000000000001</ele>
   </trkpt>
   <trkpt lat="45.69467" lon="6.2674">
    <ele>1948.89</ele>
   </trkpt>
   <trkpt lat="45.69483" lon="6.2673700000000006">
    <ele>1954.3600000000001</ele>
   </trkpt>
   <trkpt lat="45.694880000000005" lon="6.26733">
    <ele>1954.3600000000001</ele>
   </trkpt>
   <trkpt lat="45.69498" lon="6.26731">
    <ele>1959.3500000000001</ele>
   </trkpt>
   <trkpt lat="45.695130000000006" lon="6.267150000000001">
    <ele>1964.0000000000002</ele>
   </trkpt>
   <trkpt lat="45.695280000000004" lon="6.267080000000001">
    <ele>1966.8500000000001</ele>
   </trkpt>
   <trkpt lat="45.695440000000005" lon="6.266900000000001">
    <ele>1970.15</ele>
   </trkpt>
   <trkpt lat="45.69536" lon="6.266830000000001">
    <ele>1972.8100000000002</ele>
   </trkpt>
   <trkpt lat="45.69539" lon="6.266730000000001">
    <ele>1977.47</ele>
   </trkpt>
   <trkpt lat="45.695310000000006" lon="6.266680000000001">
    <ele>1978.9500000000003</ele>
   </trkpt>
   <trkpt lat="45.695190000000004" lon="6.266710000000001">
    <ele>1983.2200000000003</ele>
   </trkpt>
   <trkpt lat="45.695130000000006" lon="6.2666900000000005">
    <ele>1984.7500000000002</ele>
   </trkpt>
   <trkpt lat="45.69509" lon="6.26656">
    <ele>1989.74</ele>
   </trkpt>
   <trkpt lat="45.695150000000005" lon="6.26644">
    <ele>1992.8300000000002</ele>
   </trkpt>
   <trkpt lat="45.695220000000006" lon="6.266360000000001">
    <ele>1995.5600000000002</ele>
   </trkpt>
   <trkpt lat="45.695330000000006" lon="6.266290000000001">
    <ele>1999.45</ele>
   </trkpt>
   <trkpt lat="45.695350000000005" lon="6.26623">
    <ele>1999.45</ele>
   </trkpt>
   <trkpt lat="45.69545" lon="6.266070000000001">
    <ele>2004.47</ele>
   </trkpt>
   <trkpt lat="45.69545" lon="6.26606">
    <ele>2004.47</ele>
   </trkpt>
   <trkpt lat="45.695330000000006" lon="6.26599">
    <ele>2012.6500000000003</ele>
   </trkpt>
   <trkpt lat="45.69494" lon="6.26585">
    <ele>2022.58</ele>
   </trkpt>
   <trkpt lat="45.69482000000001" lon="6.26571">
    <ele>2027.0700000000002</ele>
   </trkpt>
   <trkpt lat="45.69476" lon="6.265560000000001">
    <ele>2034.72</ele>
   </trkpt>
   <trkpt lat="45.694720000000004" lon="6.2654000000000005">
    <ele>2034.72</ele>
   </trkpt>
   <trkpt lat="45.69454" lon="6.265230000000001">
    <ele>2041.71</ele>
   </trkpt>
   <trkpt lat="45.694280000000006" lon="6.26515">
    <ele>2049.2400000000002</ele>
   </trkpt>
   <trkpt lat="45.693940000000005" lon="6.26498">
    <ele>2061.3900000000003</ele>
   </trkpt>
   <trkpt lat="45.693690000000004" lon="6.264990000000001">
    <ele>2065.21</ele>
   </trkpt>
   <trkpt lat="45.693450000000006" lon="6.2650500000000005">
    <ele>2068.3</ele>
   </trkpt>
   <trkpt lat="45.69335" lon="6.2651200000000005">
    <ele>2069.62</ele>
   </trkpt>
   <trkpt lat="45.69323000000001" lon="6.265160000000001">
    <ele>2072.84</ele>
   </trkpt>
   <trkpt lat="45.69315" lon="6.26527">
    <ele>2078.4800000000005</ele>
   </trkpt>
   <trkpt lat="45.69315" lon="6.2653300000000005">
    <ele>2078.4800000000005</ele>
   </trkpt>
   <trkpt lat="45.693110000000004" lon="6.26538">
    <ele>2078.4800000000005</ele>
   </trkpt>
   <trkpt lat="45.69286" lon="6.265390000000001">
    <ele>2087.3500000000004</ele>
   </trkpt>
   <trkpt lat="45.69288" lon="6.26559">
    <ele>2092.92</ele>
   </trkpt>
   <trkpt lat="45.692910000000005" lon="6.26562">
    <ele>2092.92</ele>
   </trkpt>
   <trkpt lat="45.69285000000001" lon="6.265630000000001">
    <ele>2092.92</ele>
   </trkpt>
   <trkpt lat="45.692750000000004" lon="6.26559">
    <ele>2099.55</ele>
   </trkpt>
   <trkpt lat="45.69283" lon="6.26581">
    <ele>2102.4100000000003</ele>
   </trkpt>
   <trkpt lat="45.69281" lon="6.26599">
    <ele>2107.09</ele>
   </trkpt>
   <trkpt lat="45.692600000000006" lon="6.2659">
    <ele>2112.03</ele>
   </trkpt>
   <trkpt lat="45.692190000000004" lon="6.26557">
    <ele>2133.28</ele>
   </trkpt>
   <trkpt lat="45.692080000000004" lon="6.26531">
    <ele>2104.3700000000003</ele>
   </trkpt>
   <trkpt lat="45.691970000000005" lon="6.265420000000001">
    <ele>2105.2500000000005</ele>
   </trkpt>
   <trkpt lat="45.69189" lon="6.265320000000001">
    <ele>2103.6200000000003</ele>
   </trkpt>
   <trkpt lat="45.6918" lon="6.2652600000000005">
    <ele>2101.2500000000005</ele>
   </trkpt>
   <trkpt lat="45.69178" lon="6.2654000000000005">
    <ele>2101.05</ele>
   </trkpt>
   <trkpt lat="45.69167" lon="6.26536">
    <ele>2097.53</ele>
   </trkpt>
   <trkpt lat="45.69162" lon="6.265460000000001">
    <ele>2094.71</ele>
   </trkpt>
   <trkpt lat="45.69156" lon="6.2652">
    <ele>2095.21</ele>
   </trkpt>
   <trkpt lat="45.69151" lon="6.265090000000001">
    <ele>2094.3300000000004</ele>
   </trkpt>
   <trkpt lat="45.69151" lon="6.264950000000001">
    <ele>2094.59</ele>
   </trkpt>
   <trkpt lat="45.691390000000006" lon="6.26456">
    <ele>2093.4300000000003</ele>
   </trkpt>
   <trkpt lat="45.691320000000005" lon="6.2644400000000005">
    <ele>2091.25</ele>
   </trkpt>
   <trkpt lat="45.691300000000005" lon="6.2643">
    <ele>2087.07</ele>
   </trkpt>
   <trkpt lat="45.691230000000004" lon="6.264220000000001">
    <ele>2079.3</ele>
   </trkpt>
   <trkpt lat="45.691140000000004" lon="6.2641800000000005">
    <ele>2079.3</ele>
   </trkpt>
   <trkpt lat="45.69111" lon="6.264310000000001">
    <ele>2082.25</ele>
   </trkpt>
   <trkpt lat="45.691100000000006" lon="6.264460000000001">
    <ele>2084.59</ele>
   </trkpt>
   <trkpt lat="45.69102" lon="6.264760000000001">
    <ele>2082.23</ele>
   </trkpt>
   <trkpt lat="45.690960000000004" lon="6.2648600000000005">
    <ele>2080.19</ele>
   </trkpt>
   <trkpt lat="45.690780000000004" lon="6.26489">
    <ele>2075.9700000000003</ele>
   </trkpt>
   <trkpt lat="45.69075" lon="6.264340000000001">
    <ele>2079.9500000000003</ele>
   </trkpt>
   <trkpt lat="45.690690000000004" lon="6.264240000000001">
    <ele>2082.1400000000003</ele>
   </trkpt>
   <trkpt lat="45.69039" lon="6.263890000000001">
    <ele>2084.9700000000003</ele>
   </trkpt>
   <trkpt lat="45.69005000000001" lon="6.263330000000001">
    <ele>2090.8</ele>
   </trkpt>
   <trkpt lat="45.689870000000006" lon="6.263020000000001">
    <ele>2092.9700000000003</ele>
   </trkpt>
   <trkpt lat="45.68972" lon="6.262630000000001">
    <ele>2097.59</ele>
   </trkpt>
   <trkpt lat="45.68938000000001" lon="6.262200000000001">
    <ele>2102.6600000000003</ele>
   </trkpt>
   <trkpt lat="45.689170000000004" lon="6.2620000000000005">
    <ele>2105.17</ele>
   </trkpt>
   <trkpt lat="45.68858" lon="6.261150000000001">
    <ele>2105.48</ele>
   </trkpt>
   <trkpt lat="45.68817000000001" lon="6.260750000000001">
    <ele>2095.54</ele>
   </trkpt>
   <trkpt lat="45.68806000000001" lon="6.260680000000001">
    <ele>2091.87</ele>
   </trkpt>
   <trkpt lat="45.68782" lon="6.260650000000001">
    <ele>2085.3700000000003</ele>
   </trkpt>
   <trkpt lat="45.68770000000001" lon="6.260580000000001">
    <ele>2083.66</ele>
   </trkpt>
   <trkpt lat="45.68759000000001" lon="6.26046">
    <ele>2084.1000000000004</ele>
   </trkpt>
   <trkpt lat="45.68739" lon="6.260300000000001">
    <ele>2087.6</ele>
   </trkpt>
   <trkpt lat="45.68714000000001" lon="6.2602400000000005">
    <ele>2091.13</ele>
   </trkpt>
   <trkpt lat="45.686780000000006" lon="6.26029">
    <ele>2095.58</ele>
   </trkpt>
   <trkpt lat="45.68629000000001" lon="6.260230000000001">
    <ele>2100.12</ele>
   </trkpt>
   <trkpt lat="45.685990000000004" lon="6.26015">
    <ele>2106.0000000000005</ele>
   </trkpt>
   <trkpt lat="45.685840000000006" lon="6.26003">
    <ele>2111.12</ele>
   </trkpt>
   <trkpt lat="45.68572" lon="6.25989">
    <ele>2113.76</ele>
   </trkpt>
   <trkpt lat="45.68533" lon="6.25933">
    <ele>2120.67</ele>
   </trkpt>
   <trkpt lat="45.685050000000004" lon="6.259110000000001">
    <ele>2123.4700000000003</ele>
   </trkpt>
   <trkpt lat="45.68479000000001" lon="6.258970000000001">
    <ele>2123.64</ele>
   </trkpt>
   <trkpt lat="45.68448" lon="6.25877">
    <ele>2129.3900000000003</ele>
   </trkpt>
   <trkpt lat="45.683870000000006" lon="6.25827">
    <ele>2145.17</ele>
   </trkpt>
   <trkpt lat="45.68397" lon="6.2578000000000005">
    <ele>2134.19</ele>
   </trkpt>
   <trkpt lat="45.683580000000006" lon="6.257910000000001">
    <ele>2125.69</ele>
   </trkpt>
   <trkpt lat="45.683800000000005" lon="6.257440000000001">
    <ele>2114.79</ele>
   </trkpt>
   <trkpt lat="45.68318000000001" lon="6.257670000000001">
    <ele>2096.1800000000003</ele>
   </trkpt>
   <trkpt lat="45.68319" lon="6.257630000000001">
    <ele>2096.1800000000003</ele>
   </trkpt>
   <trkpt lat="45.68318000000001" lon="6.2576600000000004">
    <ele>2096.1800000000003</ele>
   </trkpt>
   <trkpt lat="45.683620000000005" lon="6.25673">
    <ele>2077.46</ele>
   </trkpt>
   <trkpt lat="45.68375" lon="6.25656">
    <ele>2071.6800000000003</ele>
   </trkpt>
   <trkpt lat="45.683710000000005" lon="6.25652">
    <ele>2070.0000000000005</ele>
   </trkpt>
   <trkpt lat="45.68379" lon="6.2564400000000004">
    <ele>2070.0000000000005</ele>
   </trkpt>
   <trkpt lat="45.68377" lon="6.25637">
    <ele>2059.63</ele>
   </trkpt>
   <trkpt lat="45.68379" lon="6.256360000000001">
    <ele>2059.63</ele>
   </trkpt>
   <trkpt lat="45.683730000000004" lon="6.25605">
    <ele>2045.1399999999999</ele>
   </trkpt>
   <trkpt lat="45.6837" lon="6.25605">
    <ele>2043.2100000000003</ele>
   </trkpt>
   <trkpt lat="45.683670000000006" lon="6.255850000000001">
    <ele>2036.6699999999998</ele>
   </trkpt>
   <trkpt lat="45.683640000000004" lon="6.25558">
    <ele>2023.3899999999999</ele>
   </trkpt>
   <trkpt lat="45.68348" lon="6.255520000000001">
    <ele>2022.4900000000002</ele>
   </trkpt>
   <trkpt lat="45.6835" lon="6.255450000000001">
    <ele>2019.15</ele>
   </trkpt>
   <trkpt lat="45.68359" lon="6.255280000000001">
    <ele>2011.8400000000001</ele>
   </trkpt>
   <trkpt lat="45.683600000000006" lon="6.255050000000001">
    <ele>2006.7600000000002</ele>
   </trkpt>
   <trkpt lat="45.68357" lon="6.254670000000001">
    <ele>2000.01</ele>
   </trkpt>
   <trkpt lat="45.683440000000004" lon="6.25429">
    <ele>1990.52</ele>
   </trkpt>
   <trkpt lat="45.68338000000001" lon="6.25393">
    <ele>1985.5900000000001</ele>
   </trkpt>
   <trkpt lat="45.68339" lon="6.253620000000001">
    <ele>1981.1900000000003</ele>
   </trkpt>
   <trkpt lat="45.68336" lon="6.25356">
    <ele>1979.7700000000002</ele>
   </trkpt>
   <trkpt lat="45.683370000000004" lon="6.252960000000001">
    <ele>1963.9400000000003</ele>
   </trkpt>
   <trkpt lat="45.6833" lon="6.25241">
    <ele>1959.5500000000002</ele>
   </trkpt>
   <trkpt lat="45.68327" lon="6.2516300000000005">
    <ele>1951.15</ele>
   </trkpt>
   <trkpt lat="45.683330000000005" lon="6.251080000000001">
    <ele>1944.38</ele>
   </trkpt>
   <trkpt lat="45.6833" lon="6.2504800000000005">
    <ele>1939.19</ele>
   </trkpt>
   <trkpt lat="45.68338000000001" lon="6.25011">
    <ele>1934.8</ele>
   </trkpt>
   <trkpt lat="45.68347000000001" lon="6.24988">
    <ele>1931.46</ele>
   </trkpt>
   <trkpt lat="45.68348" lon="6.249790000000001">
    <ele>1929.9700000000003</ele>
   </trkpt>
   <trkpt lat="45.68352" lon="6.2497300000000005">
    <ele>1929.9700000000003</ele>
   </trkpt>
   <trkpt lat="45.68357" lon="6.249510000000001">
    <ele>1927.2900000000002</ele>
   </trkpt>
   <trkpt lat="45.683620000000005" lon="6.24943">
    <ele>1926.2200000000003</ele>
   </trkpt>
   <trkpt lat="45.683620000000005" lon="6.24936">
    <ele>1925.8400000000001</ele>
   </trkpt>
   <trkpt lat="45.683670000000006" lon="6.24929">
    <ele>1925.51</ele>
   </trkpt>
   <trkpt lat="45.683710000000005" lon="6.249160000000001">
    <ele>1925.7100000000003</ele>
   </trkpt>
   <trkpt lat="45.68403000000001" lon="6.24854">
    <ele>1928.6000000000001</ele>
   </trkpt>
   <trkpt lat="45.684090000000005" lon="6.2485100000000005">
    <ele>1928.56</ele>
   </trkpt>
   <trkpt lat="45.684200000000004" lon="6.2484">
    <ele>1928.0300000000002</ele>
   </trkpt>
   <trkpt lat="45.68441000000001" lon="6.24835">
    <ele>1923.7800000000002</ele>
   </trkpt>
   <trkpt lat="45.684450000000005" lon="6.24837">
    <ele>1922.4900000000002</ele>
   </trkpt>
   <trkpt lat="45.684490000000004" lon="6.24835">
    <ele>1921.1000000000001</ele>
   </trkpt>
   <trkpt lat="45.68450000000001" lon="6.2483">
    <ele>1919.6000000000001</ele>
   </trkpt>
   <trkpt lat="45.68453" lon="6.24828">
    <ele>1919.6000000000001</ele>
   </trkpt>
   <trkpt lat="45.684560000000005" lon="6.2481800000000005">
    <ele>1914.77</ele>
   </trkpt>
   <trkpt lat="45.68466" lon="6.24819">
    <ele>1911.7</ele>
   </trkpt>
   <trkpt lat="45.684760000000004" lon="6.248080000000001">
    <ele>1908.94</ele>
   </trkpt>
   <trkpt lat="45.684850000000004" lon="6.24802">
    <ele>1906.63</ele>
   </trkpt>
   <trkpt lat="45.68489" lon="6.24791">
    <ele>1904.8700000000001</ele>
   </trkpt>
   <trkpt lat="45.68507" lon="6.247660000000001">
    <ele>1900.0500000000002</ele>
   </trkpt>
   <trkpt lat="45.68504" lon="6.24762">
    <ele>1898.9300000000003</ele>
   </trkpt>
   <trkpt lat="45.68509" lon="6.24751">
    <ele>1897.7</ele>
   </trkpt>
   <trkpt lat="45.68478" lon="6.247490000000001">
    <ele>1886.72</ele>
   </trkpt>
   <trkpt lat="45.685050000000004" lon="6.247070000000001">
    <ele>1879.02</ele>
   </trkpt>
   <trkpt lat="45.684810000000006" lon="6.24708">
    <ele>1871.2</ele>
   </trkpt>
   <trkpt lat="45.68488000000001" lon="6.246930000000001">
    <ele>1868.8500000000001</ele>
   </trkpt>
   <trkpt lat="45.685080000000006" lon="6.246670000000001">
    <ele>1863.6000000000001</ele>
   </trkpt>
   <trkpt lat="45.68517000000001" lon="6.246510000000001">
    <ele>1859.29</ele>
   </trkpt>
   <trkpt lat="45.684900000000006" lon="6.246550000000001">
    <ele>1854.2600000000002</ele>
   </trkpt>
   <trkpt lat="45.685140000000004" lon="6.24631">
    <ele>1848.9700000000003</ele>
   </trkpt>
   <trkpt lat="45.68497000000001" lon="6.246320000000001">
    <ele>1846.39</ele>
   </trkpt>
   <trkpt lat="45.684540000000005" lon="6.24643">
    <ele>1834.14</ele>
   </trkpt>
   <trkpt lat="45.68417" lon="6.2462800000000005">
    <ele>1825.1000000000001</ele>
   </trkpt>
   <trkpt lat="45.68383" lon="6.24605">
    <ele>1818.5200000000002</ele>
   </trkpt>
   <trkpt lat="45.683530000000005" lon="6.24598">
    <ele>1814.17</ele>
   </trkpt>
   <trkpt lat="45.683350000000004" lon="6.24591">
    <ele>1811.64</ele>
   </trkpt>
   <trkpt lat="45.682990000000004" lon="6.245940000000001">
    <ele>1803.39</ele>
   </trkpt>
   <trkpt lat="45.68312" lon="6.24568">
    <ele>1799.0100000000002</ele>
   </trkpt>
   <trkpt lat="45.683530000000005" lon="6.245360000000001">
    <ele>1789.8100000000002</ele>
   </trkpt>
   <trkpt lat="45.683690000000006" lon="6.24528">
    <ele>1785.98</ele>
   </trkpt>
   <trkpt lat="45.68386" lon="6.245100000000001">
    <ele>1782.8400000000001</ele>
   </trkpt>
   <trkpt lat="45.68417" lon="6.24486">
    <ele>1773.7800000000002</ele>
   </trkpt>
   <trkpt lat="45.68432000000001" lon="6.244610000000001">
    <ele>1769.0</ele>
   </trkpt>
   <trkpt lat="45.684470000000005" lon="6.24441">
    <ele>1765.0200000000002</ele>
   </trkpt>
   <trkpt lat="45.68489" lon="6.24413">
    <ele>1752.88</ele>
   </trkpt>
   <trkpt lat="45.68478" lon="6.244020000000001">
    <ele>1749.27</ele>
   </trkpt>
   <trkpt lat="45.684870000000004" lon="6.2439800000000005">
    <ele>1745.75</ele>
   </trkpt>
   <trkpt lat="45.685" lon="6.243880000000001">
    <ele>1740.7</ele>
   </trkpt>
   <trkpt lat="45.685080000000006" lon="6.24378">
    <ele>1739.5</ele>
   </trkpt>
   <trkpt lat="45.685140000000004" lon="6.243600000000001">
    <ele>1735.33</ele>
   </trkpt>
   <trkpt lat="45.68533" lon="6.24314">
    <ele>1729.5500000000002</ele>
   </trkpt>
   <trkpt lat="45.68542" lon="6.242890000000001">
    <ele>1727.48</ele>
   </trkpt>
   <trkpt lat="45.68544000000001" lon="6.24272">
    <ele>1727.06</ele>
   </trkpt>
   <trkpt lat="45.685410000000005" lon="6.24251">
    <ele>1727.6000000000001</ele>
   </trkpt>
   <trkpt lat="45.685320000000004" lon="6.242210000000001">
    <ele>1728.7700000000002</ele>
   </trkpt>
   <trkpt lat="45.68531" lon="6.241960000000001">
    <ele>1730.0600000000002</ele>
   </trkpt>
   <trkpt lat="45.685190000000006" lon="6.24164">
    <ele>1732.0900000000001</ele>
   </trkpt>
   <trkpt lat="45.685140000000004" lon="6.2411">
    <ele>1735.88</ele>
   </trkpt>
   <trkpt lat="45.685050000000004" lon="6.240550000000001">
    <ele>1738.05</ele>
   </trkpt>
   <trkpt lat="45.68506000000001" lon="6.240220000000001">
    <ele>1737.99</ele>
   </trkpt>
   <trkpt lat="45.685140000000004" lon="6.23988">
    <ele>1737.67</ele>
   </trkpt>
   <trkpt lat="45.68526000000001" lon="6.2396400000000005">
    <ele>1737.78</ele>
   </trkpt>
   <trkpt lat="45.68518" lon="6.239240000000001">
    <ele>1742.0900000000001</ele>
   </trkpt>
   <trkpt lat="45.68522" lon="6.238790000000001">
    <ele>1745.0700000000002</ele>
   </trkpt>
   <trkpt lat="45.685120000000005" lon="6.23852">
    <ele>1746.7800000000002</ele>
   </trkpt>
   <trkpt lat="45.684990000000006" lon="6.238320000000001">
    <ele>1748.4100000000003</ele>
   </trkpt>
   <trkpt lat="45.684920000000005" lon="6.23812">
    <ele>1751.1900000000003</ele>
   </trkpt>
   <trkpt lat="45.684830000000005" lon="6.237940000000001">
    <ele>1752.88</ele>
   </trkpt>
   <trkpt lat="45.684760000000004" lon="6.237870000000001">
    <ele>1755.48</ele>
   </trkpt>
   <trkpt lat="45.684740000000005" lon="6.237780000000001">
    <ele>1757.1100000000001</ele>
   </trkpt>
   <trkpt lat="45.684450000000005" lon="6.237450000000001">
    <ele>1763.5200000000002</ele>
   </trkpt>
   <trkpt lat="45.68435" lon="6.23728">
    <ele>1766.3300000000002</ele>
   </trkpt>
   <trkpt lat="45.684160000000006" lon="6.23723">
    <ele>1768.5900000000001</ele>
   </trkpt>
   <trkpt lat="45.68399" lon="6.237150000000001">
    <ele>1770.18</ele>
   </trkpt>
   <trkpt lat="45.683870000000006" lon="6.237010000000001">
    <ele>1771.5400000000002</ele>
   </trkpt>
   <trkpt lat="45.6837" lon="6.236650000000001">
    <ele>1772.8300000000002</ele>
   </trkpt>
   <trkpt lat="45.68354" lon="6.23648">
    <ele>1773.77</ele>
   </trkpt>
   <trkpt lat="45.683420000000005" lon="6.23643">
    <ele>1774.94</ele>
   </trkpt>
   <trkpt lat="45.683350000000004" lon="6.236330000000001">
    <ele>1776.41</ele>
   </trkpt>
   <trkpt lat="45.683130000000006" lon="6.2362">
    <ele>1777.71</ele>
   </trkpt>
   <trkpt lat="45.682900000000004" lon="6.23613">
    <ele>1779.95</ele>
   </trkpt>
   <trkpt lat="45.682770000000005" lon="6.236020000000001">
    <ele>1782.21</ele>
   </trkpt>
   <trkpt lat="45.68272" lon="6.235900000000001">
    <ele>1783.5400000000002</ele>
   </trkpt>
   <trkpt lat="45.682750000000006" lon="6.235830000000001">
    <ele>1784.5900000000001</ele>
   </trkpt>
   <trkpt lat="45.68272" lon="6.235720000000001">
    <ele>1785.03</ele>
   </trkpt>
   <trkpt lat="45.682660000000006" lon="6.2357000000000005">
    <ele>1785.03</ele>
   </trkpt>
   <trkpt lat="45.68262000000001" lon="6.235620000000001">
    <ele>1786.67</ele>
   </trkpt>
   <trkpt lat="45.6826" lon="6.235500000000001">
    <ele>1787.1200000000001</ele>
   </trkpt>
   <trkpt lat="45.68262000000001" lon="6.2353700000000005">
    <ele>1788.25</ele>
   </trkpt>
   <trkpt lat="45.682570000000005" lon="6.2352300000000005">
    <ele>1790.5600000000002</ele>
   </trkpt>
   <trkpt lat="45.682460000000006" lon="6.235040000000001">
    <ele>1793.2800000000002</ele>
   </trkpt>
   <trkpt lat="45.68244000000001" lon="6.23493">
    <ele>1793.8300000000002</ele>
   </trkpt>
   <trkpt lat="45.682370000000006" lon="6.234850000000001">
    <ele>1795.2100000000003</ele>
   </trkpt>
   <trkpt lat="45.682300000000005" lon="6.2346900000000005">
    <ele>1796.2600000000002</ele>
   </trkpt>
   <trkpt lat="45.682190000000006" lon="6.234590000000001">
    <ele>1798.38</ele>
   </trkpt>
   <trkpt lat="45.68206000000001" lon="6.234430000000001">
    <ele>1805.43</ele>
   </trkpt>
   <trkpt lat="45.68206000000001" lon="6.23439">
    <ele>1805.43</ele>
   </trkpt>
   <trkpt lat="45.682080000000006" lon="6.234350000000001">
    <ele>1805.43</ele>
   </trkpt>
   <trkpt lat="45.682010000000005" lon="6.234260000000001">
    <ele>1805.43</ele>
   </trkpt>
   <trkpt lat="45.68198" lon="6.2342">
    <ele>1820.42</ele>
   </trkpt>
   <trkpt lat="45.68209" lon="6.233980000000001">
    <ele>1825.25</ele>
   </trkpt>
   <trkpt lat="45.682080000000006" lon="6.23388">
    <ele>1827.5200000000002</ele>
   </trkpt>
   <trkpt lat="45.682170000000006" lon="6.233890000000001">
    <ele>1833.95</ele>
   </trkpt>
   <trkpt lat="45.68213" lon="6.233700000000001">
    <ele>1841.32</ele>
   </trkpt>
   <trkpt lat="45.682050000000004" lon="6.233510000000001">
    <ele>1857.6500000000003</ele>
   </trkpt>
   <trkpt lat="45.68209" lon="6.2334000000000005">
    <ele>1857.6500000000003</ele>
   </trkpt>
   <trkpt lat="45.6822" lon="6.23336">
    <ele>1862.95</ele>
   </trkpt>
   <trkpt lat="45.68215000000001" lon="6.233180000000001">
    <ele>1867.9</ele>
   </trkpt>
   <trkpt lat="45.682300000000005" lon="6.2327900000000005">
    <ele>1889.3400000000001</ele>
   </trkpt>
   <trkpt lat="45.68211" lon="6.232410000000001">
    <ele>1902.21</ele>
   </trkpt>
   <trkpt lat="45.681920000000005" lon="6.232200000000001">
    <ele>1917.42</ele>
   </trkpt>
   <trkpt lat="45.681900000000006" lon="6.231890000000001">
    <ele>1929.46</ele>
   </trkpt>
   <trkpt lat="45.68195" lon="6.231770000000001">
    <ele>1937.01</ele>
   </trkpt>
   <trkpt lat="45.681920000000005" lon="6.23155">
    <ele>1939.68</ele>
   </trkpt>
   <trkpt lat="45.682080000000006" lon="6.23148">
    <ele>1950.93</ele>
   </trkpt>
   <trkpt lat="45.682030000000005" lon="6.2312">
    <ele>1973.8500000000001</ele>
   </trkpt>
   <trkpt lat="45.681810000000006" lon="6.230930000000001">
    <ele>1982.26</ele>
   </trkpt>
   <trkpt lat="45.68168000000001" lon="6.230810000000001">
    <ele>1989.8600000000001</ele>
   </trkpt>
   <trkpt lat="45.681670000000004" lon="6.230670000000001">
    <ele>1989.8600000000001</ele>
   </trkpt>
   <trkpt lat="45.681740000000005" lon="6.23059">
    <ele>2019.7600000000002</ele>
   </trkpt>
   <trkpt lat="45.682010000000005" lon="6.23045">
    <ele>2024.96</ele>
   </trkpt>
   <trkpt lat="45.682" lon="6.23036">
    <ele>2024.96</ele>
   </trkpt>
   <trkpt lat="45.68186" lon="6.23026">
    <ele>2040.0800000000002</ele>
   </trkpt>
   <trkpt lat="45.68198" lon="6.23">
    <ele>2050.85</ele>
   </trkpt>
   <trkpt lat="45.68211" lon="6.229830000000001">
    <ele>2062.71</ele>
   </trkpt>
   <trkpt lat="45.68164" lon="6.22932">
    <ele>2098.04</ele>
   </trkpt>
   <trkpt lat="45.681610000000006" lon="6.2289">
    <ele>2120.52</ele>
   </trkpt>
   <trkpt lat="45.68135" lon="6.228720000000001">
    <ele>2143.01</ele>
   </trkpt>
   <trkpt lat="45.68148" lon="6.22855">
    <ele>2152.9</ele>
   </trkpt>
   <trkpt lat="45.681270000000005" lon="6.22827">
    <ele>2169.95</ele>
   </trkpt>
   <trkpt lat="45.681270000000005" lon="6.228140000000001">
    <ele>2179.51</ele>
   </trkpt>
   <trkpt lat="45.68148" lon="6.2281">
    <ele>2190.8700000000003</ele>
   </trkpt>
   <trkpt lat="45.68169" lon="6.228140000000001">
    <ele>2085.61</ele>
   </trkpt>
   <trkpt lat="45.681630000000006" lon="6.228140000000001">
    <ele>2200.66</ele>
   </trkpt>
   <trkpt lat="45.68148" lon="6.2281">
    <ele>2185.44</ele>
   </trkpt>
   <trkpt lat="45.681270000000005" lon="6.228140000000001">
    <ele>2169.95</ele>
   </trkpt>
   <trkpt lat="45.681270000000005" lon="6.22827">
    <ele>2166.9</ele>
   </trkpt>
   <trkpt lat="45.68148" lon="6.22855">
    <ele>2152.9</ele>
   </trkpt>
   <trkpt lat="45.68135" lon="6.228720000000001">
    <ele>2143.01</ele>
   </trkpt>
   <trkpt lat="45.681610000000006" lon="6.2289">
    <ele>2120.52</ele>
   </trkpt>
   <trkpt lat="45.68164" lon="6.22932">
    <ele>2098.04</ele>
   </trkpt>
   <trkpt lat="45.68211" lon="6.229830000000001">
    <ele>2056.62</ele>
   </trkpt>
   <trkpt lat="45.68198" lon="6.23">
    <ele>2045.2700000000004</ele>
   </trkpt>
   <trkpt lat="45.68186" lon="6.23026">
    <ele>2040.0800000000002</ele>
   </trkpt>
   <trkpt lat="45.682" lon="6.23036">
    <ele>2024.96</ele>
   </trkpt>
   <trkpt lat="45.682010000000005" lon="6.23045">
    <ele>2019.7600000000002</ele>
   </trkpt>
   <trkpt lat="45.681740000000005" lon="6.23059">
    <ele>2019.7600000000002</ele>
   </trkpt>
   <trkpt lat="45.681670000000004" lon="6.230670000000001">
    <ele>1989.8600000000001</ele>
   </trkpt>
   <trkpt lat="45.68168000000001" lon="6.230810000000001">
    <ele>1989.8600000000001</ele>
   </trkpt>
   <trkpt lat="45.681810000000006" lon="6.230930000000001">
    <ele>1982.26</ele>
   </trkpt>
   <trkpt lat="45.682030000000005" lon="6.2312">
    <ele>1961.99</ele>
   </trkpt>
   <trkpt lat="45.682080000000006" lon="6.23148">
    <ele>1950.93</ele>
   </trkpt>
   <trkpt lat="45.681920000000005" lon="6.23155">
    <ele>1939.68</ele>
   </trkpt>
   <trkpt lat="45.68195" lon="6.231770000000001">
    <ele>1937.01</ele>
   </trkpt>
   <trkpt lat="45.681900000000006" lon="6.231890000000001">
    <ele>1929.46</ele>
   </trkpt>
   <trkpt lat="45.681920000000005" lon="6.232200000000001">
    <ele>1917.42</ele>
   </trkpt>
   <trkpt lat="45.68211" lon="6.232410000000001">
    <ele>1902.21</ele>
   </trkpt>
   <trkpt lat="45.682300000000005" lon="6.2327900000000005">
    <ele>1889.3400000000001</ele>
   </trkpt>
   <trkpt lat="45.68215000000001" lon="6.233180000000001">
    <ele>1867.9</ele>
   </trkpt>
   <trkpt lat="45.6822" lon="6.23336">
    <ele>1862.95</ele>
   </trkpt>
   <trkpt lat="45.68209" lon="6.2334000000000005">
    <ele>1857.6500000000003</ele>
   </trkpt>
   <trkpt lat="45.682050000000004" lon="6.233510000000001">
    <ele>1841.32</ele>
   </trkpt>
   <trkpt lat="45.68213" lon="6.233700000000001">
    <ele>1838.71</ele>
   </trkpt>
   <trkpt lat="45.682170000000006" lon="6.233890000000001">
    <ele>1833.95</ele>
   </trkpt>
   <trkpt lat="45.682080000000006" lon="6.23388">
    <ele>1827.5200000000002</ele>
   </trkpt>
   <trkpt lat="45.68209" lon="6.233980000000001">
    <ele>1825.25</ele>
   </trkpt>
   <trkpt lat="45.68198" lon="6.2342">
    <ele>1812.8600000000001</ele>
   </trkpt>
   <trkpt lat="45.68193" lon="6.234210000000001">
    <ele>1812.8600000000001</ele>
   </trkpt>
   <trkpt lat="45.68191" lon="6.234260000000001">
    <ele>1812.8600000000001</ele>
   </trkpt>
   <trkpt lat="45.681850000000004" lon="6.2343">
    <ele>1808.3300000000002</ele>
   </trkpt>
   <trkpt lat="45.681540000000005" lon="6.23406">
    <ele>1794.72</ele>
   </trkpt>
   <trkpt lat="45.68139" lon="6.23413">
    <ele>1782.88</ele>
   </trkpt>
   <trkpt lat="45.68117" lon="6.2344800000000005">
    <ele>1770.16</ele>
   </trkpt>
   <trkpt lat="45.68095" lon="6.234680000000001">
    <ele>1761.5800000000002</ele>
   </trkpt>
   <trkpt lat="45.68074000000001" lon="6.23514">
    <ele>1751.26</ele>
   </trkpt>
   <trkpt lat="45.680710000000005" lon="6.2354">
    <ele>1747.8300000000002</ele>
   </trkpt>
   <trkpt lat="45.680550000000004" lon="6.2353000000000005">
    <ele>1746.69</ele>
   </trkpt>
   <trkpt lat="45.68036" lon="6.235430000000001">
    <ele>1743.9</ele>
   </trkpt>
   <trkpt lat="45.680150000000005" lon="6.23531">
    <ele>1738.9200000000003</ele>
   </trkpt>
   <trkpt lat="45.68007" lon="6.235360000000001">
    <ele>1736.2</ele>
   </trkpt>
   <trkpt lat="45.67951" lon="6.23507">
    <ele>1732.3700000000001</ele>
   </trkpt>
   <trkpt lat="45.679230000000004" lon="6.234780000000001">
    <ele>1739.27</ele>
   </trkpt>
   <trkpt lat="45.67887" lon="6.23446">
    <ele>1748.82</ele>
   </trkpt>
   <trkpt lat="45.678140000000006" lon="6.234350000000001">
    <ele>1748.16</ele>
   </trkpt>
   <trkpt lat="45.67788" lon="6.234070000000001">
    <ele>1748.0300000000002</ele>
   </trkpt>
   <trkpt lat="45.67763" lon="6.23383">
    <ele>1753.39</ele>
   </trkpt>
   <trkpt lat="45.67763" lon="6.233670000000001">
    <ele>1753.9900000000002</ele>
   </trkpt>
   <trkpt lat="45.677550000000004" lon="6.23359">
    <ele>1753.5</ele>
   </trkpt>
   <trkpt lat="45.677510000000005" lon="6.23338">
    <ele>1753.47</ele>
   </trkpt>
   <trkpt lat="45.677400000000006" lon="6.23338">
    <ele>1754.14</ele>
   </trkpt>
   <trkpt lat="45.6773" lon="6.233280000000001">
    <ele>1754.6000000000001</ele>
   </trkpt>
   <trkpt lat="45.67727000000001" lon="6.2332">
    <ele>1754.9500000000003</ele>
   </trkpt>
   <trkpt lat="45.67719" lon="6.233110000000001">
    <ele>1755.93</ele>
   </trkpt>
   <trkpt lat="45.67707" lon="6.23289">
    <ele>1760.19</ele>
   </trkpt>
   <trkpt lat="45.67699" lon="6.2328">
    <ele>1762.72</ele>
   </trkpt>
   <trkpt lat="45.676970000000004" lon="6.23273">
    <ele>1764.19</ele>
   </trkpt>
   <trkpt lat="45.67683" lon="6.232600000000001">
    <ele>1771.7</ele>
   </trkpt>
   <trkpt lat="45.676730000000006" lon="6.23244">
    <ele>1780.8400000000001</ele>
   </trkpt>
   <trkpt lat="45.676520000000004" lon="6.23219">
    <ele>1787.67</ele>
   </trkpt>
   <trkpt lat="45.6764" lon="6.232080000000001">
    <ele>1791.38</ele>
   </trkpt>
   <trkpt lat="45.676050000000004" lon="6.231610000000001">
    <ele>1802.95</ele>
   </trkpt>
   <trkpt lat="45.67575" lon="6.231310000000001">
    <ele>1813.0600000000002</ele>
   </trkpt>
   <trkpt lat="45.67569" lon="6.231140000000001">
    <ele>1814.48</ele>
   </trkpt>
   <trkpt lat="45.675610000000006" lon="6.23099">
    <ele>1817.23</ele>
   </trkpt>
   <trkpt lat="45.675520000000006" lon="6.230980000000001">
    <ele>1819.6900000000003</ele>
   </trkpt>
   <trkpt lat="45.67535" lon="6.23071">
    <ele>1824.9100000000003</ele>
   </trkpt>
   <trkpt lat="45.67528" lon="6.23066">
    <ele>1827.5</ele>
   </trkpt>
   <trkpt lat="45.67519" lon="6.230480000000001">
    <ele>1831.46</ele>
   </trkpt>
   <trkpt lat="45.67515" lon="6.230270000000001">
    <ele>1837.1000000000001</ele>
   </trkpt>
   <trkpt lat="45.67503000000001" lon="6.230010000000001">
    <ele>1844.0</ele>
   </trkpt>
   <trkpt lat="45.67503000000001" lon="6.2299500000000005">
    <ele>1844.0</ele>
   </trkpt>
   <trkpt lat="45.67494000000001" lon="6.2298100000000005">
    <ele>1856.14</ele>
   </trkpt>
   <trkpt lat="45.674890000000005" lon="6.229640000000001">
    <ele>1858.27</ele>
   </trkpt>
   <trkpt lat="45.67481" lon="6.229500000000001">
    <ele>1864.95</ele>
   </trkpt>
   <trkpt lat="45.67457" lon="6.229260000000001">
    <ele>1879.3000000000002</ele>
   </trkpt>
   <trkpt lat="45.674420000000005" lon="6.22918">
    <ele>1883.43</ele>
   </trkpt>
   <trkpt lat="45.67437" lon="6.22918">
    <ele>1884.23</ele>
   </trkpt>
   <trkpt lat="45.67412" lon="6.228960000000001">
    <ele>1883.2400000000002</ele>
   </trkpt>
   <trkpt lat="45.67400000000001" lon="6.228650000000001">
    <ele>1882.8200000000002</ele>
   </trkpt>
   <trkpt lat="45.67401" lon="6.22857">
    <ele>1882.8200000000002</ele>
   </trkpt>
   <trkpt lat="45.67398" lon="6.22843">
    <ele>1882.98</ele>
   </trkpt>
   <trkpt lat="45.67392" lon="6.2283100000000005">
    <ele>1883.01</ele>
   </trkpt>
   <trkpt lat="45.67376" lon="6.228160000000001">
    <ele>1882.39</ele>
   </trkpt>
   <trkpt lat="45.67363" lon="6.228070000000001">
    <ele>1882.39</ele>
   </trkpt>
   <trkpt lat="45.673500000000004" lon="6.2280500000000005">
    <ele>1881.4400000000003</ele>
   </trkpt>
   <trkpt lat="45.67345" lon="6.22806">
    <ele>1881.4400000000003</ele>
   </trkpt>
   <trkpt lat="45.6734" lon="6.228020000000001">
    <ele>1881.4400000000003</ele>
   </trkpt>
   <trkpt lat="45.673230000000004" lon="6.227970000000001">
    <ele>1880.63</ele>
   </trkpt>
   <trkpt lat="45.67318" lon="6.2279100000000005">
    <ele>1880.64</ele>
   </trkpt>
   <trkpt lat="45.673030000000004" lon="6.22782">
    <ele>1881.2900000000002</ele>
   </trkpt>
   <trkpt lat="45.67297000000001" lon="6.22782">
    <ele>1881.28</ele>
   </trkpt>
   <trkpt lat="45.67287" lon="6.227740000000001">
    <ele>1880.39</ele>
   </trkpt>
   <trkpt lat="45.672850000000004" lon="6.22763">
    <ele>1879.7500000000002</ele>
   </trkpt>
   <trkpt lat="45.67278" lon="6.227530000000001">
    <ele>1877.6200000000001</ele>
   </trkpt>
   <trkpt lat="45.67269" lon="6.22733">
    <ele>1875.43</ele>
   </trkpt>
   <trkpt lat="45.67264" lon="6.227270000000001">
    <ele>1875.0700000000002</ele>
   </trkpt>
   <trkpt lat="45.67259000000001" lon="6.227040000000001">
    <ele>1874.4300000000003</ele>
   </trkpt>
   <trkpt lat="45.67253" lon="6.226960000000001">
    <ele>1873.9500000000003</ele>
   </trkpt>
   <trkpt lat="45.672450000000005" lon="6.22679">
    <ele>1873.5900000000001</ele>
   </trkpt>
   <trkpt lat="45.672360000000005" lon="6.22653">
    <ele>1871.76</ele>
   </trkpt>
   <trkpt lat="45.67233" lon="6.22649">
    <ele>1871.76</ele>
   </trkpt>
   <trkpt lat="45.67230000000001" lon="6.22634">
    <ele>1871.2400000000002</ele>
   </trkpt>
   <trkpt lat="45.67217" lon="6.22606">
    <ele>1870.7000000000003</ele>
   </trkpt>
   <trkpt lat="45.67208" lon="6.2259">
    <ele>1870.27</ele>
   </trkpt>
   <trkpt lat="45.671910000000004" lon="6.22573">
    <ele>1866.99</ele>
   </trkpt>
   <trkpt lat="45.67174000000001" lon="6.22562">
    <ele>1865.73</ele>
   </trkpt>
   <trkpt lat="45.671600000000005" lon="6.225580000000001">
    <ele>1863.73</ele>
   </trkpt>
   <trkpt lat="45.671510000000005" lon="6.225530000000001">
    <ele>1861.8300000000002</ele>
   </trkpt>
   <trkpt lat="45.67132" lon="6.225460000000001">
    <ele>1858.8700000000001</ele>
   </trkpt>
   <trkpt lat="45.671200000000006" lon="6.22534">
    <ele>1859.64</ele>
   </trkpt>
   <trkpt lat="45.67108" lon="6.225180000000001">
    <ele>1863.8500000000001</ele>
   </trkpt>
   <trkpt lat="45.67074" lon="6.22491">
    <ele>1878.2200000000003</ele>
   </trkpt>
   <trkpt lat="45.67043" lon="6.22475">
    <ele>1888.9900000000002</ele>
   </trkpt>
   <trkpt lat="45.67025" lon="6.224620000000001">
    <ele>1895.0200000000002</ele>
   </trkpt>
   <trkpt lat="45.67018" lon="6.22463">
    <ele>1896.0200000000002</ele>
   </trkpt>
   <trkpt lat="45.67002" lon="6.2245800000000004">
    <ele>1899.31</ele>
   </trkpt>
   <trkpt lat="45.669850000000004" lon="6.2246500000000005">
    <ele>1901.21</ele>
   </trkpt>
   <trkpt lat="45.66967" lon="6.2245800000000004">
    <ele>1903.5100000000002</ele>
   </trkpt>
   <trkpt lat="45.669630000000005" lon="6.22454">
    <ele>1904.38</ele>
   </trkpt>
   <trkpt lat="45.66957" lon="6.22456">
    <ele>1906.18</ele>
   </trkpt>
   <trkpt lat="45.66912000000001" lon="6.22451">
    <ele>1913.49</ele>
   </trkpt>
   <trkpt lat="45.668780000000005" lon="6.224500000000001">
    <ele>1925.18</ele>
   </trkpt>
   <trkpt lat="45.668530000000004" lon="6.224550000000001">
    <ele>1934.56</ele>
   </trkpt>
   <trkpt lat="45.668330000000005" lon="6.22463">
    <ele>1940.2100000000003</ele>
   </trkpt>
   <trkpt lat="45.66819" lon="6.22477">
    <ele>1946.8600000000001</ele>
   </trkpt>
   <trkpt lat="45.66816" lon="6.22484">
    <ele>1946.8600000000001</ele>
   </trkpt>
   <trkpt lat="45.66808" lon="6.22473">
    <ele>1954.0600000000002</ele>
   </trkpt>
   <trkpt lat="45.667950000000005" lon="6.22444">
    <ele>1963.0800000000002</ele>
   </trkpt>
   <trkpt lat="45.66787" lon="6.22437">
    <ele>1963.0800000000002</ele>
   </trkpt>
   <trkpt lat="45.667770000000004" lon="6.22421">
    <ele>1970.77</ele>
   </trkpt>
   <trkpt lat="45.667640000000006" lon="6.22409">
    <ele>1976.29</ele>
   </trkpt>
   <trkpt lat="45.66761" lon="6.224030000000001">
    <ele>1976.29</ele>
   </trkpt>
   <trkpt lat="45.66761" lon="6.2239700000000004">
    <ele>1977.7600000000002</ele>
   </trkpt>
   <trkpt lat="45.667550000000006" lon="6.22398">
    <ele>1979.3</ele>
   </trkpt>
   <trkpt lat="45.667500000000004" lon="6.22395">
    <ele>1982.5100000000002</ele>
   </trkpt>
   <trkpt lat="45.66754" lon="6.22386">
    <ele>1982.5100000000002</ele>
   </trkpt>
   <trkpt lat="45.667500000000004" lon="6.223730000000001">
    <ele>1975.14</ele>
   </trkpt>
   <trkpt lat="45.66754" lon="6.2237100000000005">
    <ele>1975.14</ele>
   </trkpt>
   <trkpt lat="45.66761" lon="6.22376">
    <ele>1973.24</ele>
   </trkpt>
   <trkpt lat="45.66776" lon="6.22358">
    <ele>1970.08</ele>
   </trkpt>
   <trkpt lat="45.66787" lon="6.223540000000001">
    <ele>1968.26</ele>
   </trkpt>
   <trkpt lat="45.66792" lon="6.223540000000001">
    <ele>1968.26</ele>
   </trkpt>
   <trkpt lat="45.66807000000001" lon="6.22329">
    <ele>1966.39</ele>
   </trkpt>
   <trkpt lat="45.6681" lon="6.22329">
    <ele>1966.39</ele>
   </trkpt>
   <trkpt lat="45.66809000000001" lon="6.223230000000001">
    <ele>1966.38</ele>
   </trkpt>
   <trkpt lat="45.66812" lon="6.223210000000001">
    <ele>1966.38</ele>
   </trkpt>
   <trkpt lat="45.668130000000005" lon="6.22311">
    <ele>1966.15</ele>
   </trkpt>
   <trkpt lat="45.66814" lon="6.22311">
    <ele>1966.15</ele>
   </trkpt>
   <trkpt lat="45.66812" lon="6.22311">
    <ele>1966.15</ele>
   </trkpt>
   <trkpt lat="45.66819" lon="6.223120000000001">
    <ele>1962.0700000000002</ele>
   </trkpt>
   <trkpt lat="45.668330000000005" lon="6.22322">
    <ele>1960.0700000000002</ele>
   </trkpt>
   <trkpt lat="45.66825" lon="6.22311">
    <ele>1964.7900000000002</ele>
   </trkpt>
   <trkpt lat="45.66823" lon="6.223140000000001">
    <ele>1965.6200000000001</ele>
   </trkpt>
   <trkpt lat="45.668130000000005" lon="6.22311">
    <ele>1966.32</ele>
   </trkpt>
   <trkpt lat="45.66812" lon="6.223210000000001">
    <ele>1966.38</ele>
   </trkpt>
   <trkpt lat="45.66809000000001" lon="6.223230000000001">
    <ele>1966.39</ele>
   </trkpt>
   <trkpt lat="45.6681" lon="6.22329">
    <ele>1966.39</ele>
   </trkpt>
   <trkpt lat="45.66807000000001" lon="6.22329">
    <ele>1966.46</ele>
   </trkpt>
   <trkpt lat="45.66792" lon="6.223540000000001">
    <ele>1968.26</ele>
   </trkpt>
   <trkpt lat="45.66787" lon="6.223540000000001">
    <ele>1969.4000000000003</ele>
   </trkpt>
   <trkpt lat="45.66776" lon="6.22358">
    <ele>1970.8700000000001</ele>
   </trkpt>
   <trkpt lat="45.66761" lon="6.22376">
    <ele>1973.24</ele>
   </trkpt>
   <trkpt lat="45.66754" lon="6.2237100000000005">
    <ele>1975.14</ele>
   </trkpt>
   <trkpt lat="45.667500000000004" lon="6.223730000000001">
    <ele>1975.14</ele>
   </trkpt>
   <trkpt lat="45.66754" lon="6.22386">
    <ele>1982.5100000000002</ele>
   </trkpt>
   <trkpt lat="45.667460000000005" lon="6.22405">
    <ele>1985.5000000000002</ele>
   </trkpt>
   <trkpt lat="45.667460000000005" lon="6.22409">
    <ele>1985.5000000000002</ele>
   </trkpt>
   <trkpt lat="45.667410000000004" lon="6.224100000000001">
    <ele>1986.8500000000001</ele>
   </trkpt>
   <trkpt lat="45.667410000000004" lon="6.224130000000001">
    <ele>1986.8500000000001</ele>
   </trkpt>
   <trkpt lat="45.66738" lon="6.224150000000001">
    <ele>1989.7900000000002</ele>
   </trkpt>
   <trkpt lat="45.66738" lon="6.224200000000001">
    <ele>1989.7900000000002</ele>
   </trkpt>
   <trkpt lat="45.66725" lon="6.22414">
    <ele>1994.5500000000002</ele>
   </trkpt>
   <trkpt lat="45.667260000000006" lon="6.22416">
    <ele>1996.3700000000001</ele>
   </trkpt>
   <trkpt lat="45.66724000000001" lon="6.2241800000000005">
    <ele>1996.3700000000001</ele>
   </trkpt>
   <trkpt lat="45.66727" lon="6.22426">
    <ele>1998.3300000000002</ele>
   </trkpt>
   <trkpt lat="45.66724000000001" lon="6.22426">
    <ele>1998.3300000000002</ele>
   </trkpt>
   <trkpt lat="45.66723" lon="6.22433">
    <ele>2006.73</ele>
   </trkpt>
   <trkpt lat="45.6672" lon="6.224360000000001">
    <ele>2006.73</ele>
   </trkpt>
   <trkpt lat="45.6672" lon="6.2244">
    <ele>2006.73</ele>
   </trkpt>
   <trkpt lat="45.667170000000006" lon="6.224430000000001">
    <ele>2006.73</ele>
   </trkpt>
   <trkpt lat="45.667170000000006" lon="6.22449">
    <ele>2006.73</ele>
   </trkpt>
   <trkpt lat="45.667120000000004" lon="6.224570000000001">
    <ele>2014.6800000000003</ele>
   </trkpt>
   <trkpt lat="45.66713" lon="6.22459">
    <ele>2014.6800000000003</ele>
   </trkpt>
   <trkpt lat="45.667100000000005" lon="6.224670000000001">
    <ele>2014.6800000000003</ele>
   </trkpt>
   <trkpt lat="45.66711" lon="6.224690000000001">
    <ele>2014.6800000000003</ele>
   </trkpt>
   <trkpt lat="45.667" lon="6.224950000000001">
    <ele>2029.7800000000002</ele>
   </trkpt>
   <trkpt lat="45.667030000000004" lon="6.22501">
    <ele>2029.7800000000002</ele>
   </trkpt>
   <trkpt lat="45.667010000000005" lon="6.22503">
    <ele>2031.7700000000002</ele>
   </trkpt>
   <trkpt lat="45.66702" lon="6.22512">
    <ele>2033.5800000000002</ele>
   </trkpt>
   <trkpt lat="45.667" lon="6.22512">
    <ele>2035.2200000000003</ele>
   </trkpt>
   <trkpt lat="45.66702" lon="6.22522">
    <ele>2036.7100000000003</ele>
   </trkpt>
   <trkpt lat="45.666990000000006" lon="6.225250000000001">
    <ele>2013.5</ele>
   </trkpt>
   <trkpt lat="45.66698" lon="6.2254000000000005">
    <ele>2040.28</ele>
   </trkpt>
   <trkpt lat="45.666970000000006" lon="6.225370000000001">
    <ele>2040.28</ele>
   </trkpt>
   <trkpt lat="45.667010000000005" lon="6.2253300000000005">
    <ele>2039.2700000000002</ele>
   </trkpt>
   <trkpt lat="45.666990000000006" lon="6.225250000000001">
    <ele>2036.7100000000003</ele>
   </trkpt>
   <trkpt lat="45.66702" lon="6.22522">
    <ele>2036.7100000000003</ele>
   </trkpt>
   <trkpt lat="45.667" lon="6.22512">
    <ele>2033.5800000000002</ele>
   </trkpt>
   <trkpt lat="45.66702" lon="6.22512">
    <ele>2031.7700000000002</ele>
   </trkpt>
   <trkpt lat="45.667010000000005" lon="6.22503">
    <ele>2029.7800000000002</ele>
   </trkpt>
   <trkpt lat="45.667030000000004" lon="6.22501">
    <ele>2029.7800000000002</ele>
   </trkpt>
   <trkpt lat="45.667" lon="6.224950000000001">
    <ele>2023.1600000000003</ele>
   </trkpt>
   <trkpt lat="45.66711" lon="6.224690000000001">
    <ele>2014.6800000000003</ele>
   </trkpt>
   <trkpt lat="45.667100000000005" lon="6.224670000000001">
    <ele>2014.6800000000003</ele>
   </trkpt>
   <trkpt lat="45.66713" lon="6.22459">
    <ele>2014.6800000000003</ele>
   </trkpt>
   <trkpt lat="45.667120000000004" lon="6.224570000000001">
    <ele>2014.6800000000003</ele>
   </trkpt>
   <trkpt lat="45.667170000000006" lon="6.22449">
    <ele>2006.73</ele>
   </trkpt>
   <trkpt lat="45.667170000000006" lon="6.224430000000001">
    <ele>2006.73</ele>
   </trkpt>
   <trkpt lat="45.6672" lon="6.2244">
    <ele>2006.73</ele>
   </trkpt>
   <trkpt lat="45.6672" lon="6.224360000000001">
    <ele>2006.73</ele>
   </trkpt>
   <trkpt lat="45.66723" lon="6.22433">
    <ele>1998.3300000000002</ele>
   </trkpt>
   <trkpt lat="45.66724000000001" lon="6.22426">
    <ele>1998.3300000000002</ele>
   </trkpt>
   <trkpt lat="45.66727" lon="6.22426">
    <ele>1998.3300000000002</ele>
   </trkpt>
   <trkpt lat="45.66724000000001" lon="6.2241800000000005">
    <ele>1994.5500000000002</ele>
   </trkpt>
   <trkpt lat="45.667260000000006" lon="6.22416">
    <ele>1994.5500000000002</ele>
   </trkpt>
   <trkpt lat="45.66725" lon="6.22414">
    <ele>1992.88</ele>
   </trkpt>
   <trkpt lat="45.66738" lon="6.224200000000001">
    <ele>1989.7900000000002</ele>
   </trkpt>
   <trkpt lat="45.66738" lon="6.224150000000001">
    <ele>1986.8500000000001</ele>
   </trkpt>
   <trkpt lat="45.667410000000004" lon="6.224130000000001">
    <ele>1986.8500000000001</ele>
   </trkpt>
   <trkpt lat="45.667410000000004" lon="6.224100000000001">
    <ele>1985.5000000000002</ele>
   </trkpt>
   <trkpt lat="45.667460000000005" lon="6.22409">
    <ele>1984.32</ele>
   </trkpt>
   <trkpt lat="45.667460000000005" lon="6.22405">
    <ele>1984.32</ele>
   </trkpt>
   <trkpt lat="45.667500000000004" lon="6.22395">
    <ele>1982.5100000000002</ele>
   </trkpt>
   <trkpt lat="45.667550000000006" lon="6.22398">
    <ele>1979.3</ele>
   </trkpt>
   <trkpt lat="45.66761" lon="6.2239700000000004">
    <ele>1977.7600000000002</ele>
   </trkpt>
   <trkpt lat="45.66761" lon="6.224030000000001">
    <ele>1976.29</ele>
   </trkpt>
   <trkpt lat="45.667640000000006" lon="6.22409">
    <ele>1976.29</ele>
   </trkpt>
   <trkpt lat="45.667770000000004" lon="6.22421">
    <ele>1970.77</ele>
   </trkpt>
   <trkpt lat="45.66787" lon="6.22437">
    <ele>1963.0800000000002</ele>
   </trkpt>
   <trkpt lat="45.667950000000005" lon="6.22444">
    <ele>1963.0800000000002</ele>
   </trkpt>
   <trkpt lat="45.66808" lon="6.22473">
    <ele>1954.0600000000002</ele>
   </trkpt>
   <trkpt lat="45.668290000000006" lon="6.224990000000001">
    <ele>1943.78</ele>
   </trkpt>
   <trkpt lat="45.668380000000006" lon="6.22503">
    <ele>1938.05</ele>
   </trkpt>
   <trkpt lat="45.66843" lon="6.22515">
    <ele>1933.13</ele>
   </trkpt>
   <trkpt lat="45.668530000000004" lon="6.225090000000001">
    <ele>1929.18</ele>
   </trkpt>
   <trkpt lat="45.66863" lon="6.225110000000001">
    <ele>1924.5200000000002</ele>
   </trkpt>
   <trkpt lat="45.66872" lon="6.2250700000000005">
    <ele>1920.9900000000002</ele>
   </trkpt>
   <trkpt lat="45.66881" lon="6.225130000000001">
    <ele>1915.38</ele>
   </trkpt>
   <trkpt lat="45.668870000000005" lon="6.225250000000001">
    <ele>1909.16</ele>
   </trkpt>
   <trkpt lat="45.668960000000006" lon="6.22527">
    <ele>1904.5900000000001</ele>
   </trkpt>
   <trkpt lat="45.669070000000005" lon="6.2252600000000005">
    <ele>1899.76</ele>
   </trkpt>
   <trkpt lat="45.669250000000005" lon="6.2253300000000005">
    <ele>1891.3000000000002</ele>
   </trkpt>
   <trkpt lat="45.66937" lon="6.22527">
    <ele>1889.21</ele>
   </trkpt>
   <trkpt lat="45.669470000000004" lon="6.225280000000001">
    <ele>1886.57</ele>
   </trkpt>
   <trkpt lat="45.66957" lon="6.225320000000001">
    <ele>1882.3500000000001</ele>
   </trkpt>
   <trkpt lat="45.669650000000004" lon="6.225560000000001">
    <ele>1869.73</ele>
   </trkpt>
   <trkpt lat="45.66977000000001" lon="6.2256100000000005">
    <ele>1865.0300000000002</ele>
   </trkpt>
   <trkpt lat="45.66995000000001" lon="6.22588">
    <ele>1849.88</ele>
   </trkpt>
   <trkpt lat="45.67" lon="6.226000000000001">
    <ele>1843.08</ele>
   </trkpt>
   <trkpt lat="45.670080000000006" lon="6.226070000000001">
    <ele>1840.0700000000002</ele>
   </trkpt>
   <trkpt lat="45.670320000000004" lon="6.22609">
    <ele>1834.71</ele>
   </trkpt>
   <trkpt lat="45.67042000000001" lon="6.2260800000000005">
    <ele>1834.4300000000003</ele>
   </trkpt>
   <trkpt lat="45.67051000000001" lon="6.226050000000001">
    <ele>1836.6200000000001</ele>
   </trkpt>
   <trkpt lat="45.67071000000001" lon="6.22613">
    <ele>1834.7000000000003</ele>
   </trkpt>
   <trkpt lat="45.670820000000006" lon="6.2261500000000005">
    <ele>1836.42</ele>
   </trkpt>
   <trkpt lat="45.67108" lon="6.22644">
    <ele>1827.88</ele>
   </trkpt>
   <trkpt lat="45.67112" lon="6.226730000000001">
    <ele>1816.1200000000001</ele>
   </trkpt>
   <trkpt lat="45.67118000000001" lon="6.22686">
    <ele>1813.6000000000001</ele>
   </trkpt>
   <trkpt lat="45.671260000000004" lon="6.226940000000001">
    <ele>1814.07</ele>
   </trkpt>
   <trkpt lat="45.671350000000004" lon="6.227080000000001">
    <ele>1813.73</ele>
   </trkpt>
   <trkpt lat="45.671330000000005" lon="6.22728">
    <ele>1806.0200000000002</ele>
   </trkpt>
   <trkpt lat="45.671350000000004" lon="6.22742">
    <ele>1804.5000000000002</ele>
   </trkpt>
   <trkpt lat="45.67132" lon="6.22771">
    <ele>1797.3700000000001</ele>
   </trkpt>
   <trkpt lat="45.67128" lon="6.227830000000001">
    <ele>1794.48</ele>
   </trkpt>
   <trkpt lat="45.67139" lon="6.228210000000001">
    <ele>1790.91</ele>
   </trkpt>
   <trkpt lat="45.67141" lon="6.22834">
    <ele>1789.4</ele>
   </trkpt>
   <trkpt lat="45.671490000000006" lon="6.2284500000000005">
    <ele>1788.66</ele>
   </trkpt>
   <trkpt lat="45.6715" lon="6.228580000000001">
    <ele>1786.39</ele>
   </trkpt>
   <trkpt lat="45.67155" lon="6.22869">
    <ele>1785.0500000000002</ele>
   </trkpt>
   <trkpt lat="45.67161" lon="6.228980000000001">
    <ele>1779.21</ele>
   </trkpt>
   <trkpt lat="45.67152" lon="6.229260000000001">
    <ele>1764.3300000000002</ele>
   </trkpt>
   <trkpt lat="45.67154" lon="6.229400000000001">
    <ele>1759.6100000000001</ele>
   </trkpt>
   <trkpt lat="45.67143" lon="6.2298100000000005">
    <ele>1739.2200000000003</ele>
   </trkpt>
   <trkpt lat="45.671440000000004" lon="6.22996">
    <ele>1735.1000000000001</ele>
   </trkpt>
   <trkpt lat="45.671260000000004" lon="6.2304900000000005">
    <ele>1706.3100000000002</ele>
   </trkpt>
   <trkpt lat="45.67127000000001" lon="6.230630000000001">
    <ele>1700.6200000000001</ele>
   </trkpt>
   <trkpt lat="45.671170000000004" lon="6.2309">
    <ele>1686.6000000000001</ele>
   </trkpt>
   <trkpt lat="45.671040000000005" lon="6.23111">
    <ele>1674.89</ele>
   </trkpt>
   <trkpt lat="45.67092" lon="6.2313600000000005">
    <ele>1661.41</ele>
   </trkpt>
   <trkpt lat="45.67087" lon="6.2315000000000005">
    <ele>1656.5700000000002</ele>
   </trkpt>
   <trkpt lat="45.670840000000005" lon="6.23165">
    <ele>1650.0100000000002</ele>
   </trkpt>
   <trkpt lat="45.67085" lon="6.23179">
    <ele>1646.21</ele>
   </trkpt>
   <trkpt lat="45.67080000000001" lon="6.23209">
    <ele>1636.5</ele>
   </trkpt>
   <trkpt lat="45.67085" lon="6.232740000000001">
    <ele>1621.0900000000001</ele>
   </trkpt>
   <trkpt lat="45.670840000000005" lon="6.232900000000001">
    <ele>1617.63</ele>
   </trkpt>
   <trkpt lat="45.67089000000001" lon="6.233210000000001">
    <ele>1613.4700000000003</ele>
   </trkpt>
   <trkpt lat="45.67092" lon="6.23352">
    <ele>1607.25</ele>
   </trkpt>
   <trkpt lat="45.670910000000006" lon="6.233790000000001">
    <ele>1602.67</ele>
   </trkpt>
   <trkpt lat="45.67103" lon="6.234050000000001">
    <ele>1599.19</ele>
   </trkpt>
   <trkpt lat="45.67119" lon="6.234330000000001">
    <ele>1597.69</ele>
   </trkpt>
   <trkpt lat="45.671240000000004" lon="6.2344800000000005">
    <ele>1594.48</ele>
   </trkpt>
   <trkpt lat="45.671260000000004" lon="6.234640000000001">
    <ele>1592.2500000000002</ele>
   </trkpt>
   <trkpt lat="45.671240000000004" lon="6.23477">
    <ele>1588.47</ele>
   </trkpt>
   <trkpt lat="45.6713" lon="6.23495">
    <ele>1585.5800000000002</ele>
   </trkpt>
   <trkpt lat="45.67148" lon="6.23519">
    <ele>1583.5100000000002</ele>
   </trkpt>
   <trkpt lat="45.671690000000005" lon="6.235650000000001">
    <ele>1576.1000000000001</ele>
   </trkpt>
   <trkpt lat="45.67174000000001" lon="6.235830000000001">
    <ele>1572.4600000000003</ele>
   </trkpt>
   <trkpt lat="45.671600000000005" lon="6.236160000000001">
    <ele>1560.46</ele>
   </trkpt>
   <trkpt lat="45.67146" lon="6.23657">
    <ele>1549.29</ele>
   </trkpt>
   <trkpt lat="45.67139" lon="6.23671">
    <ele>1544.65</ele>
   </trkpt>
   <trkpt lat="45.67137" lon="6.2368500000000004">
    <ele>1540.8300000000002</ele>
   </trkpt>
   <trkpt lat="45.671420000000005" lon="6.23704">
    <ele>1537.16</ele>
   </trkpt>
   <trkpt lat="45.67147000000001" lon="6.23716">
    <ele>1534.75</ele>
   </trkpt>
   <trkpt lat="45.67143" lon="6.23742">
    <ele>1528.3600000000001</ele>
   </trkpt>
   <trkpt lat="45.67146" lon="6.237730000000001">
    <ele>1521.12</ele>
   </trkpt>
   <trkpt lat="45.671330000000005" lon="6.237990000000001">
    <ele>1514.21</ele>
   </trkpt>
   <trkpt lat="45.671240000000004" lon="6.23831">
    <ele>1506.3600000000001</ele>
   </trkpt>
   <trkpt lat="45.67121" lon="6.238510000000001">
    <ele>1499.98</ele>
   </trkpt>
   <trkpt lat="45.67125" lon="6.238810000000001">
    <ele>1493.5200000000002</ele>
   </trkpt>
   <trkpt lat="45.67114" lon="6.23885">
    <ele>1492.6200000000001</ele>
   </trkpt>
   <trkpt lat="45.67107" lon="6.23892">
    <ele>1491.94</ele>
   </trkpt>
   <trkpt lat="45.67092" lon="6.239230000000001">
    <ele>1491.0</ele>
   </trkpt>
   <trkpt lat="45.67081" lon="6.23953">
    <ele>1489.8</ele>
   </trkpt>
   <trkpt lat="45.670820000000006" lon="6.24005">
    <ele>1487.6200000000001</ele>
   </trkpt>
   <trkpt lat="45.670790000000004" lon="6.240240000000001">
    <ele>1486.6200000000001</ele>
   </trkpt>
   <trkpt lat="45.67056" lon="6.240710000000001">
    <ele>1482.8700000000001</ele>
   </trkpt>
   <trkpt lat="45.670500000000004" lon="6.24087">
    <ele>1479.63</ele>
   </trkpt>
   <trkpt lat="45.67045" lon="6.24091">
    <ele>1479.63</ele>
   </trkpt>
   <trkpt lat="45.67038" lon="6.2409300000000005">
    <ele>1477.09</ele>
   </trkpt>
   <trkpt lat="45.67027" lon="6.2409300000000005">
    <ele>1477.09</ele>
   </trkpt>
   <trkpt lat="45.67013" lon="6.2408600000000005">
    <ele>1473.5</ele>
   </trkpt>
   <trkpt lat="45.67007" lon="6.24087">
    <ele>1471.7600000000002</ele>
   </trkpt>
   <trkpt lat="45.67005" lon="6.240920000000001">
    <ele>1470.96</ele>
   </trkpt>
   <trkpt lat="45.670210000000004" lon="6.24124">
    <ele>1466.69</ele>
   </trkpt>
   <trkpt lat="45.67022" lon="6.241300000000001">
    <ele>1465.92</ele>
   </trkpt>
   <trkpt lat="45.670190000000005" lon="6.241370000000001">
    <ele>1464.9500000000003</ele>
   </trkpt>
   <trkpt lat="45.6702" lon="6.24136">
    <ele>1464.9500000000003</ele>
   </trkpt>
   <trkpt lat="45.67016" lon="6.2414000000000005">
    <ele>1464.9500000000003</ele>
   </trkpt>
   <trkpt lat="45.67006000000001" lon="6.24134">
    <ele>1461.71</ele>
   </trkpt>
   <trkpt lat="45.669880000000006" lon="6.241160000000001">
    <ele>1458.72</ele>
   </trkpt>
   <trkpt lat="45.66957" lon="6.241020000000001">
    <ele>1451.75</ele>
   </trkpt>
   <trkpt lat="45.669270000000004" lon="6.240550000000001">
    <ele>1446.79</ele>
   </trkpt>
   <trkpt lat="45.66917" lon="6.240500000000001">
    <ele>1445.7900000000002</ele>
   </trkpt>
   <trkpt lat="45.669050000000006" lon="6.240500000000001">
    <ele>1443.9400000000003</ele>
   </trkpt>
   <trkpt lat="45.668940000000006" lon="6.24059">
    <ele>1443.1</ele>
   </trkpt>
   <trkpt lat="45.66859" lon="6.240970000000001">
    <ele>1438.23</ele>
   </trkpt>
   <trkpt lat="45.668490000000006" lon="6.24096">
    <ele>1436.63</ele>
   </trkpt>
   <trkpt lat="45.668150000000004" lon="6.240480000000001">
    <ele>1426.8200000000002</ele>
   </trkpt>
   <trkpt lat="45.66807000000001" lon="6.240460000000001">
    <ele>1426.1100000000001</ele>
   </trkpt>
   <trkpt lat="45.66801" lon="6.24052">
    <ele>1424.92</ele>
   </trkpt>
   <trkpt lat="45.667910000000006" lon="6.240780000000001">
    <ele>1423.01</ele>
   </trkpt>
   <trkpt lat="45.66781" lon="6.241160000000001">
    <ele>1421.19</ele>
   </trkpt>
   <trkpt lat="45.6676" lon="6.2413300000000005">
    <ele>1420.3000000000002</ele>
   </trkpt>
   <trkpt lat="45.66749" lon="6.241560000000001">
    <ele>1419.22</ele>
   </trkpt>
   <trkpt lat="45.667370000000005" lon="6.241720000000001">
    <ele>1417.6200000000001</ele>
   </trkpt>
   <trkpt lat="45.66687" lon="6.24195">
    <ele>1406.88</ele>
   </trkpt>
   <trkpt lat="45.66666" lon="6.241960000000001">
    <ele>1404.9900000000002</ele>
   </trkpt>
   <trkpt lat="45.66664" lon="6.242000000000001">
    <ele>1404.9900000000002</ele>
   </trkpt>
   <trkpt lat="45.66664" lon="6.242050000000001">
    <ele>1404.4800000000002</ele>
   </trkpt>
   <trkpt lat="45.66648000000001" lon="6.24225">
    <ele>1403.0300000000002</ele>
   </trkpt>
   <trkpt lat="45.666380000000004" lon="6.24232">
    <ele>1401.21</ele>
   </trkpt>
   <trkpt lat="45.66630000000001" lon="6.242310000000001">
    <ele>1400.4</ele>
   </trkpt>
   <trkpt lat="45.665980000000005" lon="6.242100000000001">
    <ele>1396.21</ele>
   </trkpt>
   <trkpt lat="45.66583000000001" lon="6.242050000000001">
    <ele>1389.69</ele>
   </trkpt>
   <trkpt lat="45.66557" lon="6.242030000000001">
    <ele>1386.3899999999999</ele>
   </trkpt>
   <trkpt lat="45.66499" lon="6.241930000000001">
    <ele>1377.5300000000002</ele>
   </trkpt>
   <trkpt lat="45.664770000000004" lon="6.2420100000000005">
    <ele>1373.1000000000001</ele>
   </trkpt>
   <trkpt lat="45.664410000000004" lon="6.24199">
    <ele>1367.4</ele>
   </trkpt>
   <trkpt lat="45.66427" lon="6.24204">
    <ele>1363.25</ele>
   </trkpt>
   <trkpt lat="45.663990000000005" lon="6.242050000000001">
    <ele>1357.52</ele>
   </trkpt>
   <trkpt lat="45.66367" lon="6.24223">
    <ele>1351.4700000000003</ele>
   </trkpt>
   <trkpt lat="45.663450000000005" lon="6.242380000000001">
    <ele>1347.42</ele>
   </trkpt>
   <trkpt lat="45.66317" lon="6.24244">
    <ele>1340.95</ele>
   </trkpt>
   <trkpt lat="45.66275" lon="6.2424800000000005">
    <ele>1334.69</ele>
   </trkpt>
   <trkpt lat="45.6625" lon="6.2424800000000005">
    <ele>1331.05</ele>
   </trkpt>
   <trkpt lat="45.66216000000001" lon="6.242360000000001">
    <ele>1327.63</ele>
   </trkpt>
   <trkpt lat="45.661840000000005" lon="6.24218">
    <ele>1325.05</ele>
   </trkpt>
   <trkpt lat="45.661570000000005" lon="6.242070000000001">
    <ele>1322.2</ele>
   </trkpt>
   <trkpt lat="45.660940000000004" lon="6.241840000000001">
    <ele>1319.39</ele>
   </trkpt>
   <trkpt lat="45.66039000000001" lon="6.241670000000001">
    <ele>1319.29</ele>
   </trkpt>
   <trkpt lat="45.660000000000004" lon="6.24143">
    <ele>1317.93</ele>
   </trkpt>
   <trkpt lat="45.659650000000006" lon="6.24115">
    <ele>1314.14</ele>
   </trkpt>
   <trkpt lat="45.65935" lon="6.240850000000001">
    <ele>1308.43</ele>
   </trkpt>
   <trkpt lat="45.65908" lon="6.24068">
    <ele>1306.7900000000002</ele>
   </trkpt>
   <trkpt lat="45.658300000000004" lon="6.24063">
    <ele>1293.64</ele>
   </trkpt>
   <trkpt lat="45.657590000000006" lon="6.240640000000001">
    <ele>1277.83</ele>
   </trkpt>
   <trkpt lat="45.657340000000005" lon="6.240710000000001">
    <ele>1271.46</ele>
   </trkpt>
   <trkpt lat="45.656960000000005" lon="6.240450000000001">
    <ele>1263.95</ele>
   </trkpt>
   <trkpt lat="45.65619" lon="6.240360000000001">
    <ele>1249.3</ele>
   </trkpt>
   <trkpt lat="45.65587000000001" lon="6.240290000000001">
    <ele>1244.2900000000002</ele>
   </trkpt>
   <trkpt lat="45.655570000000004" lon="6.240450000000001">
    <ele>1238.3600000000001</ele>
   </trkpt>
   <trkpt lat="45.65547" lon="6.240570000000001">
    <ele>1235.72</ele>
   </trkpt>
   <trkpt lat="45.654990000000005" lon="6.2409300000000005">
    <ele>1222.45</ele>
   </trkpt>
   <trkpt lat="45.65473" lon="6.241020000000001">
    <ele>1210.9800000000002</ele>
   </trkpt>
   <trkpt lat="45.65453" lon="6.241060000000001">
    <ele>1206.21</ele>
   </trkpt>
   <trkpt lat="45.65401000000001" lon="6.240920000000001">
    <ele>1189.8200000000002</ele>
   </trkpt>
   <trkpt lat="45.653670000000005" lon="6.240850000000001">
    <ele>1178.8200000000002</ele>
   </trkpt>
   <trkpt lat="45.6535" lon="6.24087">
    <ele>1173.57</ele>
   </trkpt>
   <trkpt lat="45.65317" lon="6.24073">
    <ele>1168.5700000000002</ele>
   </trkpt>
   <trkpt lat="45.65308" lon="6.2407200000000005">
    <ele>1160.1100000000001</ele>
   </trkpt>
   <trkpt lat="45.652890000000006" lon="6.240810000000001">
    <ele>1156.0300000000002</ele>
   </trkpt>
   <trkpt lat="45.652770000000004" lon="6.240760000000001">
    <ele>1152.3400000000001</ele>
   </trkpt>
   <trkpt lat="45.65261" lon="6.2407900000000005">
    <ele>1148.13</ele>
   </trkpt>
   <trkpt lat="45.65231000000001" lon="6.241060000000001">
    <ele>1142.6100000000001</ele>
   </trkpt>
   <trkpt lat="45.651920000000004" lon="6.24129">
    <ele>1137.0500000000002</ele>
   </trkpt>
   <trkpt lat="45.65167" lon="6.24131">
    <ele>1134.49</ele>
   </trkpt>
   <trkpt lat="45.65129" lon="6.241160000000001">
    <ele>1129.54</ele>
   </trkpt>
   <trkpt lat="45.65095" lon="6.241090000000001">
    <ele>1123.78</ele>
   </trkpt>
   <trkpt lat="45.65066" lon="6.240920000000001">
    <ele>1120.03</ele>
   </trkpt>
   <trkpt lat="45.65044" lon="6.240900000000001">
    <ele>1117.63</ele>
   </trkpt>
   <trkpt lat="45.65023" lon="6.240990000000001">
    <ele>1114.8600000000001</ele>
   </trkpt>
   <trkpt lat="45.649930000000005" lon="6.24103">
    <ele>1109.2600000000002</ele>
   </trkpt>
   <trkpt lat="45.649730000000005" lon="6.24098">
    <ele>1106.6200000000001</ele>
   </trkpt>
   <trkpt lat="45.64905" lon="6.24061">
    <ele>1088.29</ele>
   </trkpt>
   <trkpt lat="45.64838" lon="6.240150000000001">
    <ele>1073.63</ele>
   </trkpt>
   <trkpt lat="45.64795" lon="6.239820000000001">
    <ele>1052.57</ele>
   </trkpt>
   <trkpt lat="45.64761" lon="6.239800000000001">
    <ele>1045.69</ele>
   </trkpt>
   <trkpt lat="45.647600000000004" lon="6.2395000000000005">
    <ele>1043.59</ele>
   </trkpt>
   <trkpt lat="45.647540000000006" lon="6.239330000000001">
    <ele>1043.59</ele>
   </trkpt>
   <trkpt lat="45.64743000000001" lon="6.2391700000000005">
    <ele>1039.55</ele>
   </trkpt>
   <trkpt lat="45.647330000000004" lon="6.239090000000001">
    <ele>1039.55</ele>
   </trkpt>
   <trkpt lat="45.647180000000006" lon="6.23878">
    <ele>1037.4</ele>
   </trkpt>
   <trkpt lat="45.646910000000005" lon="6.23836">
    <ele>1032.88</ele>
   </trkpt>
   <trkpt lat="45.64679" lon="6.238230000000001">
    <ele>1032.88</ele>
   </trkpt>
   <trkpt lat="45.64663" lon="6.23817">
    <ele>1030.92</ele>
   </trkpt>
   <trkpt lat="45.64640000000001" lon="6.23803">
    <ele>1028.1100000000001</ele>
   </trkpt>
   <trkpt lat="45.64618" lon="6.237830000000001">
    <ele>1025.29</ele>
   </trkpt>
   <trkpt lat="45.646040000000006" lon="6.237450000000001">
    <ele>1023.3000000000001</ele>
   </trkpt>
   <trkpt lat="45.64578" lon="6.23718">
    <ele>1022.3100000000001</ele>
   </trkpt>
   <trkpt lat="45.64566000000001" lon="6.2369200000000005">
    <ele>1020.5000000000001</ele>
   </trkpt>
   <trkpt lat="45.64562" lon="6.23671">
    <ele>1019.5</ele>
   </trkpt>
   <trkpt lat="45.64562" lon="6.2361200000000006">
    <ele>1017.3499999999999</ele>
   </trkpt>
   <trkpt lat="45.64553000219176" lon="6.235414999052535">
    <ele>1015.7</ele>
   </trkpt>
   <trkpt lat="45.64544" lon="6.234710000000001">
    <ele>1012.54</ele>
   </trkpt>
   <trkpt lat="45.645340000000004" lon="6.234330000000001">
    <ele>1010.5700000000002</ele>
   </trkpt>
   <trkpt lat="45.64519000000001" lon="6.2336100000000005">
    <ele>1006.9200000000001</ele>
   </trkpt>
   <trkpt lat="45.645070000000004" lon="6.23284">
    <ele>1001.97</ele>
   </trkpt>
   <trkpt lat="45.64504" lon="6.232240000000001">
    <ele>999.45</ele>
   </trkpt>
   <trkpt lat="45.645050000000005" lon="6.231750000000001">
    <ele>997.84</ele>
   </trkpt>
   <trkpt lat="45.645140000000005" lon="6.231400000000001">
    <ele>996.2900000000001</ele>
   </trkpt>
   <trkpt lat="45.645210000000006" lon="6.230950000000001">
    <ele>993.94</ele>
   </trkpt>
   <trkpt lat="45.64524" lon="6.230530000000001">
    <ele>990.25</ele>
   </trkpt>
   <trkpt lat="45.64517" lon="6.22993">
    <ele>986.5600000000001</ele>
   </trkpt>
   <trkpt lat="45.64518" lon="6.22963">
    <ele>981.72</ele>
   </trkpt>
   <trkpt lat="45.645120000000006" lon="6.229470000000001">
    <ele>981.72</ele>
   </trkpt>
   <trkpt lat="45.64502" lon="6.2293400000000005">
    <ele>977.07</ele>
   </trkpt>
   <trkpt lat="45.645" lon="6.22925">
    <ele>977.07</ele>
   </trkpt>
   <trkpt lat="45.645" lon="6.228980000000001">
    <ele>983.5200000000001</ele>
   </trkpt>
   <trkpt lat="45.64493" lon="6.22914">
    <ele>983.5200000000001</ele>
   </trkpt>
   <trkpt lat="45.644870000000004" lon="6.22935">
    <ele>983.5200000000001</ele>
   </trkpt>
   <trkpt lat="45.644830000000006" lon="6.2293400000000005">
    <ele>983.5200000000001</ele>
   </trkpt>
   <trkpt lat="45.644800000000004" lon="6.22923">
    <ele>983.5200000000001</ele>
   </trkpt>
   <trkpt lat="45.644780000000004" lon="6.228790000000001">
    <ele>983.5200000000001</ele>
   </trkpt>
   <trkpt lat="45.64466" lon="6.228510000000001">
    <ele>983.5200000000001</ele>
   </trkpt>
   <trkpt lat="45.644690000000004" lon="6.22827">
    <ele>983.5200000000001</ele>
   </trkpt>
   <trkpt lat="45.644650000000006" lon="6.2278400000000005">
    <ele>983.5200000000001</ele>
   </trkpt>
   <trkpt lat="45.64455" lon="6.227670000000001">
    <ele>983.5200000000001</ele>
   </trkpt>
   <trkpt lat="45.64446" lon="6.227790000000001">
    <ele>983.5200000000001</ele>
   </trkpt>
   <trkpt lat="45.644210001584426" lon="6.2284050029055695">
    <ele>983.5200000000001</ele>
   </trkpt>
   <trkpt lat="45.64396000000001" lon="6.22902">
    <ele>985.13</ele>
   </trkpt>
   <trkpt lat="45.643890000000006" lon="6.22897">
    <ele>985.13</ele>
   </trkpt>
   <trkpt lat="45.64387000000001" lon="6.2287300000000005">
    <ele>985.13</ele>
   </trkpt>
   <trkpt lat="45.64358000000001" lon="6.22817">
    <ele>985.13</ele>
   </trkpt>
   <trkpt lat="45.643190000000004" lon="6.227290000000001">
    <ele>985.13</ele>
   </trkpt>
   <trkpt lat="45.642960002241" lon="6.226564996859982">
    <ele>985.13</ele>
   </trkpt>
   <trkpt lat="45.64273" lon="6.225840000000001">
    <ele>985.8100000000001</ele>
   </trkpt>
   <trkpt lat="45.642630000000004" lon="6.225670000000001">
    <ele>986.86</ele>
   </trkpt>
   <trkpt lat="45.64265" lon="6.22611">
    <ele>988.74</ele>
   </trkpt>
   <trkpt lat="45.64257000238231" lon="6.226850001116356">
    <ele>995.4300000000001</ele>
   </trkpt>
   <trkpt lat="45.64249" lon="6.22759">
    <ele>1012.8900000000001</ele>
   </trkpt>
   <trkpt lat="45.642300000000006" lon="6.2282">
    <ele>1023.1700000000001</ele>
   </trkpt>
   <trkpt lat="45.64224" lon="6.2281">
    <ele>1027.66</ele>
   </trkpt>
   <trkpt lat="45.6422" lon="6.22782">
    <ele>1033.88</ele>
   </trkpt>
   <trkpt lat="45.64219000000001" lon="6.2275100000000005">
    <ele>1042.3200000000002</ele>
   </trkpt>
   <trkpt lat="45.64204" lon="6.226990000000001">
    <ele>1055.05</ele>
   </trkpt>
   <trkpt lat="45.64179" lon="6.226470000000001">
    <ele>1069.41</ele>
   </trkpt>
   <trkpt lat="45.64164" lon="6.2262">
    <ele>1080.6100000000001</ele>
   </trkpt>
   <trkpt lat="45.641600000000004" lon="6.22693">
    <ele>1091.04</ele>
   </trkpt>
   <trkpt lat="45.641560000000005" lon="6.226960000000001">
    <ele>1097.99</ele>
   </trkpt>
   <trkpt lat="45.641380000000005" lon="6.22658">
    <ele>1099.31</ele>
   </trkpt>
   <trkpt lat="45.641010000700156" lon="6.226169997255708">
    <ele>1111.88</ele>
   </trkpt>
   <trkpt lat="45.640640000000005" lon="6.22576">
    <ele>1123.44</ele>
   </trkpt>
   <trkpt lat="45.640350000000005" lon="6.2252">
    <ele>1136.26</ele>
   </trkpt>
   <trkpt lat="45.64040000000001" lon="6.224920000000001">
    <ele>1141.17</ele>
   </trkpt>
   <trkpt lat="45.640910000000005" lon="6.223960000000001">
    <ele>1166.0300000000002</ele>
   </trkpt>
   <trkpt lat="45.64097" lon="6.223630000000001">
    <ele>1169.43</ele>
   </trkpt>
   <trkpt lat="45.64094" lon="6.223330000000001">
    <ele>1174.17</ele>
   </trkpt>
   <trkpt lat="45.64065" lon="6.222910000000001">
    <ele>1181.0800000000002</ele>
   </trkpt>
   <trkpt lat="45.640530000000005" lon="6.2225">
    <ele>1189.47</ele>
   </trkpt>
   <trkpt lat="45.640440000000005" lon="6.22212">
    <ele>1191.51</ele>
   </trkpt>
   <trkpt lat="45.64047" lon="6.221690000000001">
    <ele>1197.13</ele>
   </trkpt>
   <trkpt lat="45.64032" lon="6.22081">
    <ele>1216.8700000000001</ele>
   </trkpt>
   <trkpt lat="45.64049000000001" lon="6.2205200000000005">
    <ele>1222.31</ele>
   </trkpt>
   <trkpt lat="45.64038" lon="6.219900000000001">
    <ele>1232.5700000000002</ele>
   </trkpt>
   <trkpt lat="45.64036" lon="6.21973">
    <ele>1236.0300000000002</ele>
   </trkpt>
   <trkpt lat="45.639976671919555" lon="6.218956656156164">
    <ele>1236.92</ele>
   </trkpt>
   <trkpt lat="45.639593338621424" lon="6.2181833228939745">
    <ele>1221.39</ele>
   </trkpt>
   <trkpt lat="45.639210000000006" lon="6.21741">
    <ele>1215.24</ele>
   </trkpt>
   <trkpt lat="45.6387250020688" lon="6.21671999401608">
    <ele>1224.85</ele>
   </trkpt>
   <trkpt lat="45.63824" lon="6.216030000000001">
    <ele>1223.5</ele>
   </trkpt>
   <trkpt lat="45.6379" lon="6.215090000000001">
    <ele>1218.3000000000002</ele>
   </trkpt>
   <trkpt lat="45.637600000000006" lon="6.2146300000000005">
    <ele>1217.27</ele>
   </trkpt>
   <trkpt lat="45.636950000000006" lon="6.214600000000001">
    <ele>1222.4700000000003</ele>
   </trkpt>
   <trkpt lat="45.63674" lon="6.21452">
    <ele>1226.8300000000002</ele>
   </trkpt>
   <trkpt lat="45.63667" lon="6.214300000000001">
    <ele>1226.8300000000002</ele>
   </trkpt>
   <trkpt lat="45.636480000000006" lon="6.2142100000000005">
    <ele>1231.09</ele>
   </trkpt>
   <trkpt lat="45.63644" lon="6.214130000000001">
    <ele>1231.09</ele>
   </trkpt>
   <trkpt lat="45.63626000165961" lon="6.213504997838214">
    <ele>1238.01</ele>
   </trkpt>
   <trkpt lat="45.63608000000001" lon="6.21288">
    <ele>1244.0500000000002</ele>
   </trkpt>
   <trkpt lat="45.63577" lon="6.21229">
    <ele>1248.8300000000002</ele>
   </trkpt>
   <trkpt lat="45.635580000000004" lon="6.211570000000001">
    <ele>1256.38</ele>
   </trkpt>
   <trkpt lat="45.63543000000001" lon="6.21119">
    <ele>1259.6900000000003</ele>
   </trkpt>
   <trkpt lat="45.635045000973776" lon="6.210739997014127">
    <ele>1264.5000000000002</ele>
   </trkpt>
   <trkpt lat="45.634660000000004" lon="6.2102900000000005">
    <ele>1269.5700000000002</ele>
   </trkpt>
   <trkpt lat="45.634570000000004" lon="6.21016">
    <ele>1271.18</ele>
   </trkpt>
   <trkpt lat="45.63449000000001" lon="6.2103">
    <ele>1324.94</ele>
   </trkpt>
   <trkpt lat="45.63423" lon="6.21053">
    <ele>1339.05</ele>
   </trkpt>
   <trkpt lat="45.634220000000006" lon="6.210610000000001">
    <ele>1339.05</ele>
   </trkpt>
   <trkpt lat="45.634130000000006" lon="6.2107">
    <ele>1342.3100000000002</ele>
   </trkpt>
   <trkpt lat="45.634040000000006" lon="6.210960000000001">
    <ele>1353.4</ele>
   </trkpt>
   <trkpt lat="45.634370000000004" lon="6.210940000000001">
    <ele>1363.43</ele>
   </trkpt>
   <trkpt lat="45.634150000000005" lon="6.2113000000000005">
    <ele>1371.3300000000002</ele>
   </trkpt>
   <trkpt lat="45.63412" lon="6.21142">
    <ele>1382.3200000000002</ele>
   </trkpt>
   <trkpt lat="45.63432" lon="6.21138">
    <ele>1385.5900000000001</ele>
   </trkpt>
   <trkpt lat="45.63448" lon="6.2115800000000005">
    <ele>1391.76</ele>
   </trkpt>
   <trkpt lat="45.634220000000006" lon="6.2118400000000005">
    <ele>1406.63</ele>
   </trkpt>
   <trkpt lat="45.634460000000004" lon="6.212000000000001">
    <ele>1417.63</ele>
   </trkpt>
   <trkpt lat="45.63449000000001" lon="6.212110000000001">
    <ele>1417.63</ele>
   </trkpt>
   <trkpt lat="45.63438000000001" lon="6.212180000000001">
    <ele>1420.3100000000002</ele>
   </trkpt>
   <trkpt lat="45.63414" lon="6.2125">
    <ele>1426.49</ele>
   </trkpt>
   <trkpt lat="45.63392" lon="6.213150000000001">
    <ele>1440.47</ele>
   </trkpt>
   <trkpt lat="45.633950000000006" lon="6.213290000000001">
    <ele>1443.8500000000001</ele>
   </trkpt>
   <trkpt lat="45.634080000000004" lon="6.2131300000000005">
    <ele>1448.2700000000002</ele>
   </trkpt>
   <trkpt lat="45.634150000000005" lon="6.213100000000001">
    <ele>1450.79</ele>
   </trkpt>
   <trkpt lat="45.63423" lon="6.213190000000001">
    <ele>1452.2</ele>
   </trkpt>
   <trkpt lat="45.634260000000005" lon="6.21344">
    <ele>1460.5400000000002</ele>
   </trkpt>
   <trkpt lat="45.63407" lon="6.2139500000000005">
    <ele>1468.9500000000003</ele>
   </trkpt>
   <trkpt lat="45.63389" lon="6.21454">
    <ele>1481.75</ele>
   </trkpt>
   <trkpt lat="45.633770000000005" lon="6.214700000000001">
    <ele>1485.18</ele>
   </trkpt>
   <trkpt lat="45.634080000000004" lon="6.21461">
    <ele>1494.3200000000002</ele>
   </trkpt>
   <trkpt lat="45.63420000000001" lon="6.214700000000001">
    <ele>1498.5000000000002</ele>
   </trkpt>
   <trkpt lat="45.634220000000006" lon="6.214860000000001">
    <ele>1501.5500000000002</ele>
   </trkpt>
   <trkpt lat="45.63420000000001" lon="6.21511">
    <ele>1503.65</ele>
   </trkpt>
   <trkpt lat="45.634150000000005" lon="6.215090000000001">
    <ele>1505.9300000000003</ele>
   </trkpt>
   <trkpt lat="45.63409" lon="6.215120000000001">
    <ele>1507.17</ele>
   </trkpt>
   <trkpt lat="45.63396" lon="6.21527">
    <ele>1512.49</ele>
   </trkpt>
   <trkpt lat="45.63374" lon="6.21546">
    <ele>1518.67</ele>
   </trkpt>
   <trkpt lat="45.633790000000005" lon="6.21562">
    <ele>1521.38</ele>
   </trkpt>
   <trkpt lat="45.633900000000004" lon="6.21567">
    <ele>1527.6000000000001</ele>
   </trkpt>
   <trkpt lat="45.6338" lon="6.21579">
    <ele>1530.5700000000002</ele>
   </trkpt>
   <trkpt lat="45.63362" lon="6.216060000000001">
    <ele>1538.1200000000001</ele>
   </trkpt>
   <trkpt lat="45.63327" lon="6.216200000000001">
    <ele>1542.9700000000003</ele>
   </trkpt>
   <trkpt lat="45.633010000000006" lon="6.21635">
    <ele>1552.04</ele>
   </trkpt>
   <trkpt lat="45.63297" lon="6.216480000000001">
    <ele>1552.04</ele>
   </trkpt>
   <trkpt lat="45.63286" lon="6.2171400000000006">
    <ele>1565.8</ele>
   </trkpt>
   <trkpt lat="45.63295" lon="6.21703">
    <ele>1568.99</ele>
   </trkpt>
   <trkpt lat="45.63302" lon="6.2170000000000005">
    <ele>1575.49</ele>
   </trkpt>
   <trkpt lat="45.633030000000005" lon="6.217060000000001">
    <ele>1575.49</ele>
   </trkpt>
   <trkpt lat="45.63318" lon="6.21696">
    <ele>1580.72</ele>
   </trkpt>
   <trkpt lat="45.6332" lon="6.217060000000001">
    <ele>1582.74</ele>
   </trkpt>
   <trkpt lat="45.633250000000004" lon="6.2170700000000005">
    <ele>1589.08</ele>
   </trkpt>
   <trkpt lat="45.633280000000006" lon="6.21712">
    <ele>1589.08</ele>
   </trkpt>
   <trkpt lat="45.63333" lon="6.217130000000001">
    <ele>1589.08</ele>
   </trkpt>
   <trkpt lat="45.63335000000001" lon="6.21717">
    <ele>1593.17</ele>
   </trkpt>
   <trkpt lat="45.63351" lon="6.217300000000001">
    <ele>1599.0400000000002</ele>
   </trkpt>
   <trkpt lat="45.63354" lon="6.21738">
    <ele>1602.75</ele>
   </trkpt>
   <trkpt lat="45.633500000000005" lon="6.217490000000001">
    <ele>1605.18</ele>
   </trkpt>
   <trkpt lat="45.63344" lon="6.2175400000000005">
    <ele>1607.4700000000003</ele>
   </trkpt>
   <trkpt lat="45.6334" lon="6.21766">
    <ele>1609.6200000000001</ele>
   </trkpt>
   <trkpt lat="45.63336" lon="6.2179400000000005">
    <ele>1613.8300000000002</ele>
   </trkpt>
   <trkpt lat="45.633340000000004" lon="6.218240000000001">
    <ele>1620.5500000000002</ele>
   </trkpt>
   <trkpt lat="45.63335000000001" lon="6.218540000000001">
    <ele>1631.2300000000002</ele>
   </trkpt>
   <trkpt lat="45.633370000000006" lon="6.2185500000000005">
    <ele>1631.2300000000002</ele>
   </trkpt>
   <trkpt lat="45.63336" lon="6.218590000000001">
    <ele>1631.2300000000002</ele>
   </trkpt>
   <trkpt lat="45.633390000000006" lon="6.21867">
    <ele>1636.48</ele>
   </trkpt>
   <trkpt lat="45.63338" lon="6.21874">
    <ele>1636.48</ele>
   </trkpt>
   <trkpt lat="45.63342" lon="6.2187600000000005">
    <ele>1636.48</ele>
   </trkpt>
   <trkpt lat="45.633410000000005" lon="6.218820000000001">
    <ele>1652.63</ele>
   </trkpt>
   <trkpt lat="45.633430000000004" lon="6.2188300000000005">
    <ele>1652.63</ele>
   </trkpt>
   <trkpt lat="45.63346000000001" lon="6.218940000000001">
    <ele>1652.63</ele>
   </trkpt>
   <trkpt lat="45.63345" lon="6.2191">
    <ele>1652.63</ele>
   </trkpt>
   <trkpt lat="45.633480000000006" lon="6.2191">
    <ele>1663.22</ele>
   </trkpt>
   <trkpt lat="45.63349" lon="6.21914">
    <ele>1663.22</ele>
   </trkpt>
   <trkpt lat="45.633520000000004" lon="6.219130000000001">
    <ele>1663.22</ele>
   </trkpt>
   <trkpt lat="45.6336" lon="6.21919">
    <ele>1668.3200000000002</ele>
   </trkpt>
   <trkpt lat="45.63356" lon="6.219390000000001">
    <ele>1674.92</ele>
   </trkpt>
   <trkpt lat="45.633590000000005" lon="6.219430000000001">
    <ele>1676.7800000000002</ele>
   </trkpt>
   <trkpt lat="45.63354" lon="6.21959">
    <ele>1680.05</ele>
   </trkpt>
   <trkpt lat="45.63353" lon="6.21978">
    <ele>1686.2500000000002</ele>
   </trkpt>
   <trkpt lat="45.633480000000006" lon="6.219900000000001">
    <ele>1689.9400000000003</ele>
   </trkpt>
   <trkpt lat="45.633500000000005" lon="6.21994">
    <ele>1691.98</ele>
   </trkpt>
   <trkpt lat="45.633500000000005" lon="6.21999">
    <ele>1691.98</ele>
   </trkpt>
   <trkpt lat="45.633480000000006" lon="6.220020000000001">
    <ele>1691.98</ele>
   </trkpt>
   <trkpt lat="45.63351" lon="6.22008">
    <ele>1698.4500000000003</ele>
   </trkpt>
   <trkpt lat="45.63349" lon="6.220090000000001">
    <ele>1698.4500000000003</ele>
   </trkpt>
   <trkpt lat="45.633480000000006" lon="6.220140000000001">
    <ele>1700.53</ele>
   </trkpt>
   <trkpt lat="45.63353" lon="6.22017">
    <ele>1702.46</ele>
   </trkpt>
   <trkpt lat="45.633480000000006" lon="6.2204500000000005">
    <ele>1707.1900000000003</ele>
   </trkpt>
   <trkpt lat="45.63342" lon="6.22055">
    <ele>1711.1900000000003</ele>
   </trkpt>
   <trkpt lat="45.633410000000005" lon="6.220610000000001">
    <ele>1712.62</ele>
   </trkpt>
   <trkpt lat="45.63335000000001" lon="6.22067">
    <ele>1715.93</ele>
   </trkpt>
   <trkpt lat="45.63333" lon="6.2207300000000005">
    <ele>1717.89</ele>
   </trkpt>
   <trkpt lat="45.633280000000006" lon="6.22078">
    <ele>1720.0900000000001</ele>
   </trkpt>
   <trkpt lat="45.63329" lon="6.22083">
    <ele>1722.5</ele>
   </trkpt>
   <trkpt lat="45.633250000000004" lon="6.22085">
    <ele>1725.0900000000001</ele>
   </trkpt>
   <trkpt lat="45.63324" lon="6.22093">
    <ele>1725.0900000000001</ele>
   </trkpt>
   <trkpt lat="45.63327" lon="6.221">
    <ele>1735.8000000000002</ele>
   </trkpt>
   <trkpt lat="45.63322" lon="6.221120000000001">
    <ele>1735.8000000000002</ele>
   </trkpt>
   <trkpt lat="45.633140000000004" lon="6.221220000000001">
    <ele>1746.1200000000001</ele>
   </trkpt>
   <trkpt lat="45.63315" lon="6.2212700000000005">
    <ele>1746.1200000000001</ele>
   </trkpt>
   <trkpt lat="45.63311" lon="6.2213">
    <ele>1750.94</ele>
   </trkpt>
   <trkpt lat="45.633120000000005" lon="6.221330000000001">
    <ele>1750.94</ele>
   </trkpt>
   <trkpt lat="45.633100000000006" lon="6.221360000000001">
    <ele>1750.94</ele>
   </trkpt>
   <trkpt lat="45.63311" lon="6.22137">
    <ele>1750.94</ele>
   </trkpt>
   <trkpt lat="45.63304" lon="6.2215300000000004">
    <ele>1760.0500000000002</ele>
   </trkpt>
   <trkpt lat="45.633010000000006" lon="6.22158">
    <ele>1760.0500000000002</ele>
   </trkpt>
   <trkpt lat="45.63293" lon="6.221620000000001">
    <ele>1765.16</ele>
   </trkpt>
   <trkpt lat="45.63293" lon="6.22165">
    <ele>1765.16</ele>
   </trkpt>
   <trkpt lat="45.632810000000006" lon="6.22175">
    <ele>1777.0100000000002</ele>
   </trkpt>
   <trkpt lat="45.632830000000006" lon="6.2218100000000005">
    <ele>1777.0100000000002</ele>
   </trkpt>
   <trkpt lat="45.632780000000004" lon="6.22186">
    <ele>1783.3000000000002</ele>
   </trkpt>
   <trkpt lat="45.63284" lon="6.222">
    <ele>1791.8200000000002</ele>
   </trkpt>
   <trkpt lat="45.632780000000004" lon="6.22215">
    <ele>1794.3300000000002</ele>
   </trkpt>
   <trkpt lat="45.632690000000004" lon="6.22226">
    <ele>1804.1100000000001</ele>
   </trkpt>
   <trkpt lat="45.63259" lon="6.222320000000001">
    <ele>1811.67</ele>
   </trkpt>
   <trkpt lat="45.632600000000004" lon="6.2224">
    <ele>1811.67</ele>
   </trkpt>
   <trkpt lat="45.63257" lon="6.222510000000001">
    <ele>1818.8300000000002</ele>
   </trkpt>
   <trkpt lat="45.632450000000006" lon="6.222600000000001">
    <ele>1823.92</ele>
   </trkpt>
   <trkpt lat="45.63233" lon="6.2226300000000005">
    <ele>1835.3600000000001</ele>
   </trkpt>
   <trkpt lat="45.632290000000005" lon="6.22268">
    <ele>1835.3600000000001</ele>
   </trkpt>
   <trkpt lat="45.632340000000006" lon="6.2228">
    <ele>1844.54</ele>
   </trkpt>
   <trkpt lat="45.63228" lon="6.222810000000001">
    <ele>1847.39</ele>
   </trkpt>
   <trkpt lat="45.63228" lon="6.222910000000001">
    <ele>1852.5300000000002</ele>
   </trkpt>
   <trkpt lat="45.63212" lon="6.2232">
    <ele>1864.5300000000002</ele>
   </trkpt>
   <trkpt lat="45.632020000000004" lon="6.22329">
    <ele>1870.5300000000002</ele>
   </trkpt>
   <trkpt lat="45.632090000000005" lon="6.22351">
    <ele>1887.5600000000002</ele>
   </trkpt>
   <trkpt lat="45.63219" lon="6.22355">
    <ele>1893.5100000000002</ele>
   </trkpt>
   <trkpt lat="45.632290000000005" lon="6.223630000000001">
    <ele>1901.72</ele>
   </trkpt>
   <trkpt lat="45.632310000000004" lon="6.22369">
    <ele>1904.15</ele>
   </trkpt>
   <trkpt lat="45.632250000000006" lon="6.22372">
    <ele>1906.39</ele>
   </trkpt>
   <trkpt lat="45.63226" lon="6.223750000000001">
    <ele>1908.4900000000002</ele>
   </trkpt>
   <trkpt lat="45.632220000000004" lon="6.223840000000001">
    <ele>1912.5100000000002</ele>
   </trkpt>
   <trkpt lat="45.632250000000006" lon="6.2239700000000004">
    <ele>1912.5100000000002</ele>
   </trkpt>
   <trkpt lat="45.63223000000001" lon="6.224">
    <ele>1920.4</ele>
   </trkpt>
   <trkpt lat="45.63224" lon="6.22405">
    <ele>1920.4</ele>
   </trkpt>
   <trkpt lat="45.63219" lon="6.224080000000001">
    <ele>1920.4</ele>
   </trkpt>
   <trkpt lat="45.632160000000006" lon="6.224130000000001">
    <ele>1922.4200000000003</ele>
   </trkpt>
   <trkpt lat="45.632090000000005" lon="6.22416">
    <ele>1926.94</ele>
   </trkpt>
   <trkpt lat="45.63206" lon="6.22423">
    <ele>1932.0500000000002</ele>
   </trkpt>
   <trkpt lat="45.63208" lon="6.224270000000001">
    <ele>1932.0500000000002</ele>
   </trkpt>
   <trkpt lat="45.632070000000006" lon="6.22435">
    <ele>1934.5100000000002</ele>
   </trkpt>
   <trkpt lat="45.631820000000005" lon="6.224500000000001">
    <ele>1947.51</ele>
   </trkpt>
   <trkpt lat="45.6315" lon="6.22482">
    <ele>1963.93</ele>
   </trkpt>
   <trkpt lat="45.631460000000004" lon="6.22484">
    <ele>1966.2700000000002</ele>
   </trkpt>
   <trkpt lat="45.63143" lon="6.22489">
    <ele>1968.91</ele>
   </trkpt>
   <trkpt lat="45.63138000000001" lon="6.224900000000001">
    <ele>1971.7700000000002</ele>
   </trkpt>
   <trkpt lat="45.631400000000006" lon="6.22496">
    <ele>1971.7700000000002</ele>
   </trkpt>
   <trkpt lat="45.631370000000004" lon="6.2250000000000005">
    <ele>1977.8000000000002</ele>
   </trkpt>
   <trkpt lat="45.63139" lon="6.22508">
    <ele>1981.03</ele>
   </trkpt>
   <trkpt lat="45.63127" lon="6.22512">
    <ele>1981.03</ele>
   </trkpt>
   <trkpt lat="45.63127" lon="6.22515">
    <ele>2001.77</ele>
   </trkpt>
   <trkpt lat="45.63123" lon="6.225140000000001">
    <ele>2001.77</ele>
   </trkpt>
   <trkpt lat="45.63123" lon="6.2251900000000004">
    <ele>2001.77</ele>
   </trkpt>
   <trkpt lat="45.63120000000001" lon="6.2251900000000004">
    <ele>2001.77</ele>
   </trkpt>
   <trkpt lat="45.631190000000004" lon="6.22522">
    <ele>2001.77</ele>
   </trkpt>
   <trkpt lat="45.63101" lon="6.22527">
    <ele>2016.5200000000002</ele>
   </trkpt>
   <trkpt lat="45.63098" lon="6.2253300000000005">
    <ele>2028.2500000000002</ele>
   </trkpt>
   <trkpt lat="45.631" lon="6.22541">
    <ele>2028.2500000000002</ele>
   </trkpt>
   <trkpt lat="45.630950000000006" lon="6.225440000000001">
    <ele>2031.95</ele>
   </trkpt>
   <trkpt lat="45.630900000000004" lon="6.2255400000000005">
    <ele>2035.47</ele>
   </trkpt>
   <trkpt lat="45.630860000000006" lon="6.225740000000001">
    <ele>2048.96</ele>
   </trkpt>
   <trkpt lat="45.6308" lon="6.2259">
    <ele>2059.4400000000005</ele>
   </trkpt>
   <trkpt lat="45.630810000000004" lon="6.2259400000000005">
    <ele>2062.6800000000003</ele>
   </trkpt>
   <trkpt lat="45.630790000000005" lon="6.2259400000000005">
    <ele>2062.6800000000003</ele>
   </trkpt>
   <trkpt lat="45.63078" lon="6.2260100000000005">
    <ele>2065.7200000000003</ele>
   </trkpt>
   <trkpt lat="45.63076" lon="6.22602">
    <ele>2068.56</ele>
   </trkpt>
   <trkpt lat="45.630770000000005" lon="6.226120000000001">
    <ele>2073.9</ele>
   </trkpt>
   <trkpt lat="45.63071" lon="6.226100000000001">
    <ele>2073.9</ele>
   </trkpt>
   <trkpt lat="45.63071" lon="6.22613">
    <ele>2079.09</ele>
   </trkpt>
   <trkpt lat="45.630680000000005" lon="6.226120000000001">
    <ele>2079.09</ele>
   </trkpt>
   <trkpt lat="45.63067" lon="6.226170000000001">
    <ele>2079.09</ele>
   </trkpt>
   <trkpt lat="45.63064000000001" lon="6.226170000000001">
    <ele>2084.07</ele>
   </trkpt>
   <trkpt lat="45.63062" lon="6.22625">
    <ele>2086.4</ele>
   </trkpt>
   <trkpt lat="45.63056" lon="6.226260000000001">
    <ele>2088.61</ele>
   </trkpt>
   <trkpt lat="45.63054" lon="6.226350000000001">
    <ele>2092.5899999999997</ele>
   </trkpt>
   <trkpt lat="45.63051" lon="6.22637">
    <ele>2092.5899999999997</ele>
   </trkpt>
   <trkpt lat="45.630500000000005" lon="6.226400000000001">
    <ele>2094.3900000000003</ele>
   </trkpt>
   <trkpt lat="45.63074" lon="6.2273000000000005">
    <ele>2114.5</ele>
   </trkpt>
   <trkpt lat="45.63085" lon="6.2278400000000005">
    <ele>2126.5</ele>
   </trkpt>
   <trkpt lat="45.630950000000006" lon="6.228190000000001">
    <ele>2134.2799999999997</ele>
   </trkpt>
   <trkpt lat="45.631130000000006" lon="6.228700000000001">
    <ele>2150.04</ele>
   </trkpt>
   <trkpt lat="45.63123" lon="6.22909">
    <ele>2159.61</ele>
   </trkpt>
   <trkpt lat="45.6313" lon="6.229240000000001">
    <ele>2162.42</ele>
   </trkpt>
   <trkpt lat="45.63148" lon="6.229410000000001">
    <ele>2164.2400000000002</ele>
   </trkpt>
   <trkpt lat="45.63148" lon="6.229450000000001">
    <ele>2164.2400000000002</ele>
   </trkpt>
   <trkpt lat="45.63161" lon="6.22951">
    <ele>2165.6400000000003</ele>
   </trkpt>
   <trkpt lat="45.631640000000004" lon="6.22963">
    <ele>2166.07</ele>
   </trkpt>
   <trkpt lat="45.63168" lon="6.22965">
    <ele>2167.4900000000002</ele>
   </trkpt>
   <trkpt lat="45.63174" lon="6.22979">
    <ele>2168.25</ele>
   </trkpt>
   <trkpt lat="45.63181" lon="6.229830000000001">
    <ele>2168.46</ele>
   </trkpt>
   <trkpt lat="45.63186" lon="6.229940000000001">
    <ele>2168.13</ele>
   </trkpt>
   <trkpt lat="45.63195" lon="6.230020000000001">
    <ele>2165.1800000000003</ele>
   </trkpt>
   <trkpt lat="45.632000000000005" lon="6.230130000000001">
    <ele>2161.44</ele>
   </trkpt>
   <trkpt lat="45.632000000000005" lon="6.23017">
    <ele>2161.44</ele>
   </trkpt>
   <trkpt lat="45.63196000000001" lon="6.230180000000001">
    <ele>2159.15</ele>
   </trkpt>
   <trkpt lat="45.63199" lon="6.23024">
    <ele>2156.66</ele>
   </trkpt>
   <trkpt lat="45.63197" lon="6.23026">
    <ele>2154.0099999999998</ele>
   </trkpt>
   <trkpt lat="45.63194000000001" lon="6.23026">
    <ele>2154.0099999999998</ele>
   </trkpt>
   <trkpt lat="45.6319" lon="6.230390000000001">
    <ele>2140.36</ele>
   </trkpt>
   <trkpt lat="45.6319" lon="6.23047">
    <ele>2140.36</ele>
   </trkpt>
   <trkpt lat="45.631840000000004" lon="6.230480000000001">
    <ele>2140.36</ele>
   </trkpt>
   <trkpt lat="45.63181" lon="6.23047">
    <ele>2137.55</ele>
   </trkpt>
   <trkpt lat="45.63172" lon="6.230550000000001">
    <ele>2128.84</ele>
   </trkpt>
   <trkpt lat="45.631640000000004" lon="6.230510000000001">
    <ele>2126.0600000000004</ele>
   </trkpt>
   <trkpt lat="45.631620000000005" lon="6.2305600000000005">
    <ele>2123.44</ele>
   </trkpt>
   <trkpt lat="45.63159" lon="6.23054">
    <ele>2120.9900000000002</ele>
   </trkpt>
   <trkpt lat="45.631600000000006" lon="6.23057">
    <ele>2120.9900000000002</ele>
   </trkpt>
   <trkpt lat="45.63152" lon="6.2305600000000005">
    <ele>2116.5600000000004</ele>
   </trkpt>
   <trkpt lat="45.6315" lon="6.230630000000001">
    <ele>2116.5600000000004</ele>
   </trkpt>
   <trkpt lat="45.631460000000004" lon="6.230630000000001">
    <ele>2108.2400000000002</ele>
   </trkpt>
   <trkpt lat="45.63145" lon="6.230690000000001">
    <ele>2108.2400000000002</ele>
   </trkpt>
   <trkpt lat="45.631420000000006" lon="6.230700000000001">
    <ele>2108.2400000000002</ele>
   </trkpt>
   <trkpt lat="45.631420000000006" lon="6.230740000000001">
    <ele>2108.2400000000002</ele>
   </trkpt>
   <trkpt lat="45.63139" lon="6.2307500000000005">
    <ele>2108.2400000000002</ele>
   </trkpt>
   <trkpt lat="45.63139" lon="6.2308200000000005">
    <ele>2108.2400000000002</ele>
   </trkpt>
   <trkpt lat="45.631350000000005" lon="6.2308200000000005">
    <ele>2108.2400000000002</ele>
   </trkpt>
   <trkpt lat="45.631350000000005" lon="6.230860000000001">
    <ele>2092.5800000000004</ele>
   </trkpt>
   <trkpt lat="45.6313" lon="6.23085">
    <ele>2092.5800000000004</ele>
   </trkpt>
   <trkpt lat="45.63123" lon="6.23097">
    <ele>2092.5800000000004</ele>
   </trkpt>
   <trkpt lat="45.63114" lon="6.230910000000001">
    <ele>2087.86</ele>
   </trkpt>
   <trkpt lat="45.6311" lon="6.2309">
    <ele>2080.48</ele>
   </trkpt>
   <trkpt lat="45.631080000000004" lon="6.23083">
    <ele>2080.48</ele>
   </trkpt>
   <trkpt lat="45.63105" lon="6.230810000000001">
    <ele>2080.48</ele>
   </trkpt>
   <trkpt lat="45.63101" lon="6.23085">
    <ele>2075.88</ele>
   </trkpt>
   <trkpt lat="45.63096" lon="6.230810000000001">
    <ele>2075.88</ele>
   </trkpt>
   <trkpt lat="45.630950000000006" lon="6.2308200000000005">
    <ele>2071.6800000000003</ele>
   </trkpt>
   <trkpt lat="45.63092" lon="6.230770000000001">
    <ele>2071.6800000000003</ele>
   </trkpt>
   <trkpt lat="45.63089" lon="6.23078">
    <ele>2071.6800000000003</ele>
   </trkpt>
   <trkpt lat="45.63089" lon="6.23073">
    <ele>2067.9100000000003</ele>
   </trkpt>
   <trkpt lat="45.630700000000004" lon="6.230860000000001">
    <ele>2060.5200000000004</ele>
   </trkpt>
   <trkpt lat="45.63065" lon="6.230860000000001">
    <ele>2058.4100000000003</ele>
   </trkpt>
   <trkpt lat="45.630520000000004" lon="6.231160000000001">
    <ele>2044.81</ele>
   </trkpt>
   <trkpt lat="45.63054" lon="6.231210000000001">
    <ele>2042.36</ele>
   </trkpt>
   <trkpt lat="45.63054" lon="6.231280000000001">
    <ele>2039.7000000000003</ele>
   </trkpt>
   <trkpt lat="45.63049" lon="6.231400000000001">
    <ele>2034.1500000000003</ele>
   </trkpt>
   <trkpt lat="45.630370000000006" lon="6.2313600000000005">
    <ele>2029.3100000000002</ele>
   </trkpt>
   <trkpt lat="45.63029" lon="6.231400000000001">
    <ele>2022.94</ele>
   </trkpt>
   <trkpt lat="45.63027" lon="6.23134">
    <ele>2022.94</ele>
   </trkpt>
   <trkpt lat="45.63022" lon="6.23137">
    <ele>2018.5400000000002</ele>
   </trkpt>
   <trkpt lat="45.6302" lon="6.23146">
    <ele>2014.5500000000002</ele>
   </trkpt>
   <trkpt lat="45.630140000000004" lon="6.23155">
    <ele>2012.76</ele>
   </trkpt>
   <trkpt lat="45.63011" lon="6.231700000000001">
    <ele>2008.41</ele>
   </trkpt>
   <trkpt lat="45.629960000000004" lon="6.2321800000000005">
    <ele>1993.88</ele>
   </trkpt>
   <trkpt lat="45.629920000000006" lon="6.23223">
    <ele>1993.88</ele>
   </trkpt>
   <trkpt lat="45.62991" lon="6.232360000000001">
    <ele>1993.2600000000002</ele>
   </trkpt>
   <trkpt lat="45.62986" lon="6.23249">
    <ele>1992.42</ele>
   </trkpt>
   <trkpt lat="45.62984" lon="6.232690000000001">
    <ele>1993.23</ele>
   </trkpt>
   <trkpt lat="45.6298" lon="6.23287">
    <ele>1994.39</ele>
   </trkpt>
   <trkpt lat="45.62959" lon="6.233230000000001">
    <ele>1996.6000000000001</ele>
   </trkpt>
   <trkpt lat="45.62950000000001" lon="6.233460000000001">
    <ele>1996.23</ele>
   </trkpt>
   <trkpt lat="45.62933" lon="6.233740000000001">
    <ele>1997.78</ele>
   </trkpt>
   <trkpt lat="45.62932000000001" lon="6.23381">
    <ele>1999.1200000000001</ele>
   </trkpt>
   <trkpt lat="45.629400000000004" lon="6.2339">
    <ele>2002.8900000000003</ele>
   </trkpt>
   <trkpt lat="45.629380000000005" lon="6.2339400000000005">
    <ele>2002.8900000000003</ele>
   </trkpt>
   <trkpt lat="45.62941000000001" lon="6.23406">
    <ele>2009.2700000000002</ele>
   </trkpt>
   <trkpt lat="45.629380000000005" lon="6.234280000000001">
    <ele>2013.1900000000003</ele>
   </trkpt>
   <trkpt lat="45.6293" lon="6.234540000000001">
    <ele>2022.67</ele>
   </trkpt>
   <trkpt lat="45.62935" lon="6.23456">
    <ele>2030.9000000000003</ele>
   </trkpt>
   <trkpt lat="45.62942" lon="6.23467">
    <ele>2032.81</ele>
   </trkpt>
   <trkpt lat="45.629250000000006" lon="6.235080000000001">
    <ele>2046.17</ele>
   </trkpt>
   <trkpt lat="45.62923000000001" lon="6.235200000000001">
    <ele>2049.89</ele>
   </trkpt>
   <trkpt lat="45.62917" lon="6.235290000000001">
    <ele>2052.86</ele>
   </trkpt>
   <trkpt lat="45.6289" lon="6.2355100000000006">
    <ele>2060.68</ele>
   </trkpt>
   <trkpt lat="45.6287" lon="6.235740000000001">
    <ele>2067.7400000000002</ele>
   </trkpt>
   <trkpt lat="45.62854" lon="6.235860000000001">
    <ele>2070.84</ele>
   </trkpt>
   <trkpt lat="45.62836" lon="6.2359100000000005">
    <ele>2075.7000000000003</ele>
   </trkpt>
   <trkpt lat="45.62816" lon="6.23608">
    <ele>2084.06</ele>
   </trkpt>
   <trkpt lat="45.628220000000006" lon="6.236160000000001">
    <ele>2089.95</ele>
   </trkpt>
   <trkpt lat="45.628260000000004" lon="6.236280000000001">
    <ele>2091.82</ele>
   </trkpt>
   <trkpt lat="45.62821" lon="6.23636">
    <ele>2093.5200000000004</ele>
   </trkpt>
   <trkpt lat="45.627930000000006" lon="6.236470000000001">
    <ele>2101.8500000000004</ele>
   </trkpt>
   <trkpt lat="45.627790000000005" lon="6.23655">
    <ele>2105.47</ele>
   </trkpt>
   <trkpt lat="45.62763" lon="6.23686">
    <ele>2114.9</ele>
   </trkpt>
   <trkpt lat="45.62791000000001" lon="6.2372700000000005">
    <ele>2111.7000000000003</ele>
   </trkpt>
   <trkpt lat="45.627950000000006" lon="6.237410000000001">
    <ele>2111.81</ele>
   </trkpt>
   <trkpt lat="45.627970000000005" lon="6.237480000000001">
    <ele>2124.75</ele>
   </trkpt>
   <trkpt lat="45.62792" lon="6.23728">
    <ele>2124.48</ele>
   </trkpt>
   <trkpt lat="45.62763" lon="6.23686">
    <ele>2117.77</ele>
   </trkpt>
   <trkpt lat="45.626850000183765" lon="6.236654997147593">
    <ele>2087.11</ele>
   </trkpt>
   <trkpt lat="45.626070000000006" lon="6.2364500000000005">
    <ele>2052.77</ele>
   </trkpt>
   <trkpt lat="45.62599" lon="6.236350000000001">
    <ele>2047.3700000000003</ele>
   </trkpt>
   <trkpt lat="45.625840000000004" lon="6.236440000000001">
    <ele>2039.05</ele>
   </trkpt>
   <trkpt lat="45.62563" lon="6.23632">
    <ele>2033.63</ele>
   </trkpt>
   <trkpt lat="45.625460000000004" lon="6.23639">
    <ele>2024.1200000000003</ele>
   </trkpt>
   <trkpt lat="45.625310000000006" lon="6.236230000000001">
    <ele>2016.76</ele>
   </trkpt>
   <trkpt lat="45.62507" lon="6.23634">
    <ele>2007.5500000000002</ele>
   </trkpt>
   <trkpt lat="45.624840000000006" lon="6.2362400000000004">
    <ele>1995.78</ele>
   </trkpt>
   <trkpt lat="45.62454" lon="6.23615">
    <ele>1985.1000000000001</ele>
   </trkpt>
   <trkpt lat="45.62418" lon="6.236000000000001">
    <ele>1975.89</ele>
   </trkpt>
   <trkpt lat="45.623760000000004" lon="6.235930000000001">
    <ele>1962.8</ele>
   </trkpt>
   <trkpt lat="45.62355" lon="6.23606">
    <ele>1951.93</ele>
   </trkpt>
   <trkpt lat="45.62342" lon="6.23592">
    <ele>1945.0</ele>
   </trkpt>
   <trkpt lat="45.62321" lon="6.23578">
    <ele>1938.89</ele>
   </trkpt>
   <trkpt lat="45.62265000000001" lon="6.23552">
    <ele>1923.8400000000001</ele>
   </trkpt>
   <trkpt lat="45.62243" lon="6.235460000000001">
    <ele>1918.88</ele>
   </trkpt>
   <trkpt lat="45.622310000000006" lon="6.2356300000000005">
    <ele>1911.88</ele>
   </trkpt>
   <trkpt lat="45.622080000000004" lon="6.235760000000001">
    <ele>1907.25</ele>
   </trkpt>
   <trkpt lat="45.62187" lon="6.23566">
    <ele>1900.53</ele>
   </trkpt>
   <trkpt lat="45.62181" lon="6.23545">
    <ele>1894.53</ele>
   </trkpt>
   <trkpt lat="45.621930000000006" lon="6.235060000000001">
    <ele>1882.63</ele>
   </trkpt>
   <trkpt lat="45.62203" lon="6.2348300000000005">
    <ele>1875.4</ele>
   </trkpt>
   <trkpt lat="45.62167" lon="6.23458">
    <ele>1860.69</ele>
   </trkpt>
   <trkpt lat="45.621320000000004" lon="6.234540000000001">
    <ele>1846.4</ele>
   </trkpt>
   <trkpt lat="45.620740000000005" lon="6.23486">
    <ele>1827.16</ele>
   </trkpt>
   <trkpt lat="45.62050000000001" lon="6.23519">
    <ele>1818.1200000000001</ele>
   </trkpt>
   <trkpt lat="45.620430000000006" lon="6.235150000000001">
    <ele>1810.7300000000002</ele>
   </trkpt>
   <trkpt lat="45.62037" lon="6.23533">
    <ele>1810.7300000000002</ele>
   </trkpt>
   <trkpt lat="45.62037" lon="6.23554">
    <ele>1803.0600000000002</ele>
   </trkpt>
   <trkpt lat="45.620250000000006" lon="6.235650000000001">
    <ele>1800.5900000000001</ele>
   </trkpt>
   <trkpt lat="45.619960000000006" lon="6.235620000000001">
    <ele>1795.4900000000002</ele>
   </trkpt>
   <trkpt lat="45.61981" lon="6.235460000000001">
    <ele>1789.47</ele>
   </trkpt>
   <trkpt lat="45.619690000000006" lon="6.235150000000001">
    <ele>1785.6100000000001</ele>
   </trkpt>
   <trkpt lat="45.619670000000006" lon="6.23517">
    <ele>1785.5</ele>
   </trkpt>
   <trkpt lat="45.61965000000001" lon="6.235270000000001">
    <ele>1785.65</ele>
   </trkpt>
   <trkpt lat="45.619510000000005" lon="6.23554">
    <ele>1788.0000000000002</ele>
   </trkpt>
   <trkpt lat="45.61923" lon="6.2358400000000005">
    <ele>1793.97</ele>
   </trkpt>
   <trkpt lat="45.61916" lon="6.23587">
    <ele>1793.97</ele>
   </trkpt>
   <trkpt lat="45.619020000000006" lon="6.236000000000001">
    <ele>1795.9300000000003</ele>
   </trkpt>
   <trkpt lat="45.6188" lon="6.2361">
    <ele>1797.22</ele>
   </trkpt>
   <trkpt lat="45.61874" lon="6.2360500000000005">
    <ele>1798.01</ele>
   </trkpt>
   <trkpt lat="45.61872" lon="6.236090000000001">
    <ele>1796.52</ele>
   </trkpt>
   <trkpt lat="45.618570000000005" lon="6.235930000000001">
    <ele>1801.8100000000002</ele>
   </trkpt>
   <trkpt lat="45.6184" lon="6.23582">
    <ele>1806.07</ele>
   </trkpt>
   <trkpt lat="45.618320000000004" lon="6.23573">
    <ele>1808.19</ele>
   </trkpt>
   <trkpt lat="45.6182" lon="6.2353700000000005">
    <ele>1813.7500000000002</ele>
   </trkpt>
   <trkpt lat="45.61806000000001" lon="6.23514">
    <ele>1815.4200000000003</ele>
   </trkpt>
   <trkpt lat="45.618" lon="6.234800000000001">
    <ele>1815.16</ele>
   </trkpt>
   <trkpt lat="45.617940000000004" lon="6.23456">
    <ele>1814.42</ele>
   </trkpt>
   <trkpt lat="45.61788000000001" lon="6.234400000000001">
    <ele>1814.69</ele>
   </trkpt>
   <trkpt lat="45.617700000000006" lon="6.2341500000000005">
    <ele>1816.92</ele>
   </trkpt>
   <trkpt lat="45.617670000000004" lon="6.233820000000001">
    <ele>1818.9100000000003</ele>
   </trkpt>
   <trkpt lat="45.61769" lon="6.23366">
    <ele>1819.2800000000002</ele>
   </trkpt>
   <trkpt lat="45.61762" lon="6.23282">
    <ele>1822.8000000000002</ele>
   </trkpt>
   <trkpt lat="45.6176" lon="6.232690000000001">
    <ele>1824.64</ele>
   </trkpt>
   <trkpt lat="45.61755" lon="6.232570000000001">
    <ele>1826.6700000000003</ele>
   </trkpt>
   <trkpt lat="45.617520000000006" lon="6.232270000000001">
    <ele>1832.1000000000001</ele>
   </trkpt>
   <trkpt lat="45.61742" lon="6.23202">
    <ele>1840.3200000000002</ele>
   </trkpt>
   <trkpt lat="45.61731" lon="6.231630000000001">
    <ele>1851.16</ele>
   </trkpt>
   <trkpt lat="45.617230000000006" lon="6.231540000000001">
    <ele>1854.6200000000001</ele>
   </trkpt>
   <trkpt lat="45.617200000000004" lon="6.231420000000001">
    <ele>1857.41</ele>
   </trkpt>
   <trkpt lat="45.61719" lon="6.231280000000001">
    <ele>1859.5000000000002</ele>
   </trkpt>
   <trkpt lat="45.617200000000004" lon="6.231020000000001">
    <ele>1863.8200000000002</ele>
   </trkpt>
   <trkpt lat="45.617140000000006" lon="6.230910000000001">
    <ele>1867.3300000000002</ele>
   </trkpt>
   <trkpt lat="45.617110000000004" lon="6.23078">
    <ele>1869.76</ele>
   </trkpt>
   <trkpt lat="45.6171" lon="6.23066">
    <ele>1870.5600000000002</ele>
   </trkpt>
   <trkpt lat="45.617110000000004" lon="6.23047">
    <ele>1869.8300000000002</ele>
   </trkpt>
   <trkpt lat="45.616780000000006" lon="6.22984">
    <ele>1880.5600000000002</ele>
   </trkpt>
   <trkpt lat="45.616510000000005" lon="6.229570000000001">
    <ele>1892.89</ele>
   </trkpt>
   <trkpt lat="45.61638000000001" lon="6.229360000000001">
    <ele>1895.7800000000002</ele>
   </trkpt>
   <trkpt lat="45.61634" lon="6.229240000000001">
    <ele>1896.57</ele>
   </trkpt>
   <trkpt lat="45.61627000000001" lon="6.229150000000001">
    <ele>1897.2000000000003</ele>
   </trkpt>
   <trkpt lat="45.61621" lon="6.22902">
    <ele>1899.2000000000003</ele>
   </trkpt>
   <trkpt lat="45.6161" lon="6.22893">
    <ele>1900.7900000000002</ele>
   </trkpt>
   <trkpt lat="45.61605" lon="6.228820000000001">
    <ele>1903.5700000000002</ele>
   </trkpt>
   <trkpt lat="45.61591000000001" lon="6.22822">
    <ele>1923.73</ele>
   </trkpt>
   <trkpt lat="45.61592" lon="6.22808">
    <ele>1929.04</ele>
   </trkpt>
   <trkpt lat="45.61578" lon="6.2278">
    <ele>1938.8700000000001</ele>
   </trkpt>
   <trkpt lat="45.615700000000004" lon="6.22773">
    <ele>1942.5700000000002</ele>
   </trkpt>
   <trkpt lat="45.61563" lon="6.227460000000001">
    <ele>1952.2700000000002</ele>
   </trkpt>
   <trkpt lat="45.61549" lon="6.22728">
    <ele>1958.97</ele>
   </trkpt>
   <trkpt lat="45.6154" lon="6.227040000000001">
    <ele>1969.1300000000003</ele>
   </trkpt>
   <trkpt lat="45.61535000000001" lon="6.2267600000000005">
    <ele>1978.53</ele>
   </trkpt>
   <trkpt lat="45.61536" lon="6.22663">
    <ele>1983.6000000000001</ele>
   </trkpt>
   <trkpt lat="45.61543" lon="6.226470000000001">
    <ele>1993.5500000000002</ele>
   </trkpt>
   <trkpt lat="45.615460000000006" lon="6.22634">
    <ele>1993.5500000000002</ele>
   </trkpt>
   <trkpt lat="45.615370000000006" lon="6.226330000000001">
    <ele>1994.16</ele>
   </trkpt>
   <trkpt lat="45.615280000000006" lon="6.2263">
    <ele>1995.69</ele>
   </trkpt>
   <trkpt lat="45.615300000000005" lon="6.226170000000001">
    <ele>2000.48</ele>
   </trkpt>
   <trkpt lat="45.61524000000001" lon="6.226070000000001">
    <ele>2003.05</ele>
   </trkpt>
   <trkpt lat="45.61531" lon="6.22597">
    <ele>2006.9500000000003</ele>
   </trkpt>
   <trkpt lat="45.615280000000006" lon="6.225510000000001">
    <ele>2016.91</ele>
   </trkpt>
   <trkpt lat="45.61542" lon="6.22548">
    <ele>2015.26</ele>
   </trkpt>
   <trkpt lat="45.61491" lon="6.22524">
    <ele>2015.32</ele>
   </trkpt>
   <trkpt lat="45.61450000000001" lon="6.22421">
    <ele>1996.89</ele>
   </trkpt>
   <trkpt lat="45.614340000000006" lon="6.223920000000001">
    <ele>1987.3700000000001</ele>
   </trkpt>
   <trkpt lat="45.61430000000001" lon="6.22379">
    <ele>1983.7600000000002</ele>
   </trkpt>
   <trkpt lat="45.614290000000004" lon="6.2235000000000005">
    <ele>1981.99</ele>
   </trkpt>
   <trkpt lat="45.61428" lon="6.2233600000000004">
    <ele>1980.66</ele>
   </trkpt>
   <trkpt lat="45.61422" lon="6.22325">
    <ele>1979.5200000000002</ele>
   </trkpt>
   <trkpt lat="45.61415" lon="6.223140000000001">
    <ele>1978.41</ele>
   </trkpt>
   <trkpt lat="45.61384" lon="6.222860000000001">
    <ele>1972.97</ele>
   </trkpt>
   <trkpt lat="45.613670000000006" lon="6.222670000000001">
    <ele>1970.7200000000003</ele>
   </trkpt>
   <trkpt lat="45.61339" lon="6.22243">
    <ele>1965.3700000000001</ele>
   </trkpt>
   <trkpt lat="45.613290000000006" lon="6.22238">
    <ele>1963.3500000000001</ele>
   </trkpt>
   <trkpt lat="45.61319" lon="6.222300000000001">
    <ele>1962.4500000000003</ele>
   </trkpt>
   <trkpt lat="45.61305" lon="6.222040000000001">
    <ele>1962.2700000000002</ele>
   </trkpt>
   <trkpt lat="45.61291000000001" lon="6.221830000000001">
    <ele>1960.67</ele>
   </trkpt>
   <trkpt lat="45.61281" lon="6.22161">
    <ele>1958.2400000000002</ele>
   </trkpt>
   <trkpt lat="45.61254" lon="6.22137">
    <ele>1951.4700000000003</ele>
   </trkpt>
   <trkpt lat="45.61242" lon="6.221050000000001">
    <ele>1944.43</ele>
   </trkpt>
   <trkpt lat="45.612260000000006" lon="6.22085">
    <ele>1940.05</ele>
   </trkpt>
   <trkpt lat="45.61215000000001" lon="6.220750000000001">
    <ele>1938.91</ele>
   </trkpt>
   <trkpt lat="45.612100000000005" lon="6.22064">
    <ele>1937.43</ele>
   </trkpt>
   <trkpt lat="45.61204" lon="6.220540000000001">
    <ele>1936.3700000000001</ele>
   </trkpt>
   <trkpt lat="45.61196" lon="6.22048">
    <ele>1935.3700000000001</ele>
   </trkpt>
   <trkpt lat="45.611670000000004" lon="6.220370000000001">
    <ele>1933.6200000000001</ele>
   </trkpt>
   <trkpt lat="45.6116" lon="6.220280000000001">
    <ele>1932.0700000000002</ele>
   </trkpt>
   <trkpt lat="45.611450000000005" lon="6.21996">
    <ele>1925.15</ele>
   </trkpt>
   <trkpt lat="45.61133" lon="6.2195100000000005">
    <ele>1918.71</ele>
   </trkpt>
   <trkpt lat="45.61124" lon="6.2194">
    <ele>1917.7400000000002</ele>
   </trkpt>
   <trkpt lat="45.611140000000006" lon="6.219360000000001">
    <ele>1917.5000000000002</ele>
   </trkpt>
   <trkpt lat="45.61102" lon="6.21928">
    <ele>1915.76</ele>
   </trkpt>
   <trkpt lat="45.61097" lon="6.219010000000001">
    <ele>1910.2800000000002</ele>
   </trkpt>
   <trkpt lat="45.61093" lon="6.21888">
    <ele>1907.18</ele>
   </trkpt>
   <trkpt lat="45.61079" lon="6.2186">
    <ele>1902.7500000000002</ele>
   </trkpt>
   <trkpt lat="45.61075" lon="6.218450000000001">
    <ele>1899.8500000000001</ele>
   </trkpt>
   <trkpt lat="45.61074000000001" lon="6.21832">
    <ele>1896.89</ele>
   </trkpt>
   <trkpt lat="45.61068" lon="6.218210000000001">
    <ele>1894.0400000000002</ele>
   </trkpt>
   <trkpt lat="45.61057" lon="6.217790000000001">
    <ele>1886.68</ele>
   </trkpt>
   <trkpt lat="45.610510000000005" lon="6.21748">
    <ele>1881.5000000000002</ele>
   </trkpt>
   <trkpt lat="45.610400000000006" lon="6.21724">
    <ele>1878.3</ele>
   </trkpt>
   <trkpt lat="45.610290000000006" lon="6.21675">
    <ele>1873.5000000000002</ele>
   </trkpt>
   <trkpt lat="45.610150000000004" lon="6.21633">
    <ele>1868.9700000000003</ele>
   </trkpt>
   <trkpt lat="45.60999" lon="6.216030000000001">
    <ele>1867.3300000000002</ele>
   </trkpt>
   <trkpt lat="45.6099" lon="6.2155700000000005">
    <ele>1865.46</ele>
   </trkpt>
   <trkpt lat="45.60972" lon="6.21508">
    <ele>1858.7300000000002</ele>
   </trkpt>
   <trkpt lat="45.60967" lon="6.214950000000001">
    <ele>1858.5500000000002</ele>
   </trkpt>
   <trkpt lat="45.60947" lon="6.21459">
    <ele>1857.89</ele>
   </trkpt>
   <trkpt lat="45.60934" lon="6.21431">
    <ele>1859.3700000000001</ele>
   </trkpt>
   <trkpt lat="45.60927" lon="6.213990000000001">
    <ele>1858.44</ele>
   </trkpt>
   <trkpt lat="45.6092" lon="6.21386">
    <ele>1858.54</ele>
   </trkpt>
   <trkpt lat="45.60909" lon="6.213540000000001">
    <ele>1852.7300000000002</ele>
   </trkpt>
   <trkpt lat="45.608920000000005" lon="6.2132000000000005">
    <ele>1850.15</ele>
   </trkpt>
   <trkpt lat="45.60878" lon="6.213">
    <ele>1851.65</ele>
   </trkpt>
   <trkpt lat="45.60875" lon="6.21285">
    <ele>1851.9500000000003</ele>
   </trkpt>
   <trkpt lat="45.608700000000006" lon="6.212720000000001">
    <ele>1852.69</ele>
   </trkpt>
   <trkpt lat="45.60831" lon="6.212000000000001">
    <ele>1884.5</ele>
   </trkpt>
   <trkpt lat="45.608290000000004" lon="6.211860000000001">
    <ele>1890.6</ele>
   </trkpt>
   <trkpt lat="45.608160000000005" lon="6.21161">
    <ele>1903.93</ele>
   </trkpt>
   <trkpt lat="45.608090000000004" lon="6.211340000000001">
    <ele>1918.2500000000002</ele>
   </trkpt>
   <trkpt lat="45.60804" lon="6.2112300000000005">
    <ele>1921.79</ele>
   </trkpt>
   <trkpt lat="45.60793" lon="6.210990000000001">
    <ele>1923.85</ele>
   </trkpt>
   <trkpt lat="45.607820000000004" lon="6.21079">
    <ele>1931.1200000000001</ele>
   </trkpt>
   <trkpt lat="45.607730000000004" lon="6.2106900000000005">
    <ele>1934.2400000000002</ele>
   </trkpt>
   <trkpt lat="45.607670000000006" lon="6.2106">
    <ele>1937.75</ele>
   </trkpt>
   <trkpt lat="45.60764" lon="6.21044">
    <ele>1942.3000000000002</ele>
   </trkpt>
   <trkpt lat="45.607580000000006" lon="6.210260000000001">
    <ele>1946.7600000000002</ele>
   </trkpt>
   <trkpt lat="45.607530000000004" lon="6.20988">
    <ele>1951.45</ele>
   </trkpt>
   <trkpt lat="45.60743" lon="6.20943">
    <ele>1954.97</ele>
   </trkpt>
   <trkpt lat="45.607470000000006" lon="6.20929">
    <ele>1956.23</ele>
   </trkpt>
   <trkpt lat="45.607530000000004" lon="6.20915">
    <ele>1957.69</ele>
   </trkpt>
   <trkpt lat="45.607600000000005" lon="6.20887">
    <ele>1959.1100000000001</ele>
   </trkpt>
   <trkpt lat="45.60775" lon="6.20849">
    <ele>1963.8500000000001</ele>
   </trkpt>
   <trkpt lat="45.60779" lon="6.20823">
    <ele>1970.3300000000002</ele>
   </trkpt>
   <trkpt lat="45.6077" lon="6.20809">
    <ele>1974.38</ele>
   </trkpt>
   <trkpt lat="45.60763" lon="6.20783">
    <ele>1981.72</ele>
   </trkpt>
   <trkpt lat="45.60779" lon="6.20746">
    <ele>1995.6200000000001</ele>
   </trkpt>
   <trkpt lat="45.60774000000001" lon="6.207350000000001">
    <ele>1999.8300000000002</ele>
   </trkpt>
   <trkpt lat="45.6077" lon="6.207210000000001">
    <ele>2003.88</ele>
   </trkpt>
   <trkpt lat="45.60757" lon="6.206930000000001">
    <ele>2006.8200000000002</ele>
   </trkpt>
   <trkpt lat="45.60741" lon="6.206690000000001">
    <ele>2001.44</ele>
   </trkpt>
   <trkpt lat="45.60732" lon="6.206620000000001">
    <ele>2001.44</ele>
   </trkpt>
   <trkpt lat="45.60725" lon="6.20652">
    <ele>2000.1299999999999</ele>
   </trkpt>
   <trkpt lat="45.60716" lon="6.20643">
    <ele>1999.1200000000001</ele>
   </trkpt>
   <trkpt lat="45.60705" lon="6.206370000000001">
    <ele>1999.03</ele>
   </trkpt>
   <trkpt lat="45.60689000000001" lon="6.206230000000001">
    <ele>1998.2100000000003</ele>
   </trkpt>
   <trkpt lat="45.606820000000006" lon="6.206130000000001">
    <ele>1997.6000000000001</ele>
   </trkpt>
   <trkpt lat="45.606660000000005" lon="6.20596">
    <ele>1995.91</ele>
   </trkpt>
   <trkpt lat="45.60658" lon="6.20582">
    <ele>1994.39</ele>
   </trkpt>
   <trkpt lat="45.60656" lon="6.20568">
    <ele>1990.73</ele>
   </trkpt>
   <trkpt lat="45.606480000000005" lon="6.205550000000001">
    <ele>1988.5400000000002</ele>
   </trkpt>
   <trkpt lat="45.606300000000005" lon="6.20539">
    <ele>1990.0700000000002</ele>
   </trkpt>
   <trkpt lat="45.6062" lon="6.20528">
    <ele>1989.17</ele>
   </trkpt>
   <trkpt lat="45.60611" lon="6.20502">
    <ele>1984.2800000000002</ele>
   </trkpt>
   <trkpt lat="45.60602" lon="6.20492">
    <ele>1984.41</ele>
   </trkpt>
   <trkpt lat="45.60591" lon="6.2046600000000005">
    <ele>1980.8000000000002</ele>
   </trkpt>
   <trkpt lat="45.60584" lon="6.204560000000001">
    <ele>1979.95</ele>
   </trkpt>
   <trkpt lat="45.60582" lon="6.204420000000001">
    <ele>1976.71</ele>
   </trkpt>
   <trkpt lat="45.60582" lon="6.204300000000001">
    <ele>1970.8700000000001</ele>
   </trkpt>
   <trkpt lat="45.60575" lon="6.2041900000000005">
    <ele>1970.0000000000002</ele>
   </trkpt>
   <trkpt lat="45.60559000000001" lon="6.204070000000001">
    <ele>1973.18</ele>
   </trkpt>
   <trkpt lat="45.60542" lon="6.203880000000001">
    <ele>1971.8500000000001</ele>
   </trkpt>
   <trkpt lat="45.605320000000006" lon="6.203830000000001">
    <ele>1973.13</ele>
   </trkpt>
   <trkpt lat="45.6052" lon="6.203690000000001">
    <ele>1972.5</ele>
   </trkpt>
   <trkpt lat="45.605140000000006" lon="6.203570000000001">
    <ele>1970.5500000000002</ele>
   </trkpt>
   <trkpt lat="45.605050000000006" lon="6.203480000000001">
    <ele>1971.1900000000003</ele>
   </trkpt>
   <trkpt lat="45.60497" lon="6.203430000000001">
    <ele>1972.7500000000002</ele>
   </trkpt>
   <trkpt lat="45.60488" lon="6.20333">
    <ele>1972.43</ele>
   </trkpt>
   <trkpt lat="45.60483000000001" lon="6.20319">
    <ele>1970.2700000000002</ele>
   </trkpt>
   <trkpt lat="45.60474000000001" lon="6.203130000000001">
    <ele>1971.72</ele>
   </trkpt>
   <trkpt lat="45.60455" lon="6.202780000000001">
    <ele>1969.72</ele>
   </trkpt>
   <trkpt lat="45.604440000000004" lon="6.202540000000001">
    <ele>1966.1000000000001</ele>
   </trkpt>
   <trkpt lat="45.60436000000001" lon="6.202280000000001">
    <ele>1964.91</ele>
   </trkpt>
   <trkpt lat="45.6043" lon="6.20216">
    <ele>1963.39</ele>
   </trkpt>
   <trkpt lat="45.604260000000004" lon="6.20202">
    <ele>1960.97</ele>
   </trkpt>
   <trkpt lat="45.60417" lon="6.201930000000001">
    <ele>1960.89</ele>
   </trkpt>
   <trkpt lat="45.60417" lon="6.201790000000001">
    <ele>1958.8100000000002</ele>
   </trkpt>
   <trkpt lat="45.604130000000005" lon="6.20166">
    <ele>1957.66</ele>
   </trkpt>
   <trkpt lat="45.604020000000006" lon="6.201530000000001">
    <ele>1958.1800000000003</ele>
   </trkpt>
   <trkpt lat="45.60401" lon="6.2014000000000005">
    <ele>1957.15</ele>
   </trkpt>
   <trkpt lat="45.60392" lon="6.20129">
    <ele>1957.71</ele>
   </trkpt>
   <trkpt lat="45.60389000000001" lon="6.20117">
    <ele>1957.38</ele>
   </trkpt>
   <trkpt lat="45.60389000000001" lon="6.2010000000000005">
    <ele>1956.41</ele>
   </trkpt>
   <trkpt lat="45.60374" lon="6.20063">
    <ele>1956.97</ele>
   </trkpt>
   <trkpt lat="45.60372" lon="6.20042">
    <ele>1956.64</ele>
   </trkpt>
   <trkpt lat="45.60374" lon="6.200290000000001">
    <ele>1955.78</ele>
   </trkpt>
   <trkpt lat="45.6037" lon="6.20012">
    <ele>1957.2</ele>
   </trkpt>
   <trkpt lat="45.603640000000006" lon="6.20002">
    <ele>1959.0200000000002</ele>
   </trkpt>
   <trkpt lat="45.60369" lon="6.199770000000001">
    <ele>1958.1000000000001</ele>
   </trkpt>
   <trkpt lat="45.603660000000005" lon="6.199630000000001">
    <ele>1958.8500000000001</ele>
   </trkpt>
   <trkpt lat="45.603570000000005" lon="6.199520000000001">
    <ele>1962.4800000000002</ele>
   </trkpt>
   <trkpt lat="45.60358" lon="6.1992400000000005">
    <ele>1957.01</ele>
   </trkpt>
   <trkpt lat="45.603480000000005" lon="6.199210000000001">
    <ele>1960.7900000000002</ele>
   </trkpt>
   <trkpt lat="45.60343" lon="6.1991000000000005">
    <ele>1959.69</ele>
   </trkpt>
   <trkpt lat="45.603410000000004" lon="6.19897">
    <ele>1956.8</ele>
   </trkpt>
   <trkpt lat="45.603120000000004" lon="6.198200000000001">
    <ele>1945.8500000000001</ele>
   </trkpt>
   <trkpt lat="45.60311" lon="6.198060000000001">
    <ele>1942.0100000000002</ele>
   </trkpt>
   <trkpt lat="45.60316" lon="6.197940000000001">
    <ele>1936.3000000000002</ele>
   </trkpt>
   <trkpt lat="45.60324000000001" lon="6.197870000000001">
    <ele>1929.3000000000002</ele>
   </trkpt>
   <trkpt lat="45.603300000000004" lon="6.197760000000001">
    <ele>1922.2400000000002</ele>
   </trkpt>
   <trkpt lat="45.603280000000005" lon="6.19761">
    <ele>1916.0100000000002</ele>
   </trkpt>
   <trkpt lat="45.60322" lon="6.197500000000001">
    <ele>1914.43</ele>
   </trkpt>
   <trkpt lat="45.603320000000004" lon="6.1974100000000005">
    <ele>1902.5700000000002</ele>
   </trkpt>
   <trkpt lat="45.60333000000001" lon="6.1972700000000005">
    <ele>1895.5000000000002</ele>
   </trkpt>
   <trkpt lat="45.60336" lon="6.197150000000001">
    <ele>1886.6200000000001</ele>
   </trkpt>
   <trkpt lat="45.603570000000005" lon="6.197080000000001">
    <ele>1869.2400000000002</ele>
   </trkpt>
   <trkpt lat="45.60363" lon="6.196980000000001">
    <ele>1861.02</ele>
   </trkpt>
   <trkpt lat="45.60360000000001" lon="6.19685">
    <ele>1856.5300000000002</ele>
   </trkpt>
   <trkpt lat="45.603680000000004" lon="6.1967300000000005">
    <ele>1846.2600000000002</ele>
   </trkpt>
   <trkpt lat="45.603770000000004" lon="6.19671">
    <ele>1840.64</ele>
   </trkpt>
   <trkpt lat="45.60380000000001" lon="6.19657">
    <ele>1833.7</ele>
   </trkpt>
   <trkpt lat="45.60380000000001" lon="6.196420000000001">
    <ele>1828.38</ele>
   </trkpt>
   <trkpt lat="45.603840000000005" lon="6.1961200000000005">
    <ele>1815.0800000000002</ele>
   </trkpt>
   <trkpt lat="45.603930000000005" lon="6.19606">
    <ele>1807.4200000000003</ele>
   </trkpt>
   <trkpt lat="45.604000000000006" lon="6.195970000000001">
    <ele>1794.31</ele>
   </trkpt>
   <trkpt lat="45.6041" lon="6.19594">
    <ele>1794.31</ele>
   </trkpt>
   <trkpt lat="45.604200000000006" lon="6.1958400000000005">
    <ele>1786.0000000000002</ele>
   </trkpt>
   <trkpt lat="45.604220000000005" lon="6.195720000000001">
    <ele>1778.66</ele>
   </trkpt>
   <trkpt lat="45.60428" lon="6.19561">
    <ele>1773.09</ele>
   </trkpt>
   <trkpt lat="45.604350000000004" lon="6.19552">
    <ele>1764.67</ele>
   </trkpt>
   <trkpt lat="45.604380000000006" lon="6.19538">
    <ele>1757.7</ele>
   </trkpt>
   <trkpt lat="45.60446" lon="6.19531">
    <ele>1748.3200000000002</ele>
   </trkpt>
   <trkpt lat="45.604560000000006" lon="6.19528">
    <ele>1741.33</ele>
   </trkpt>
   <trkpt lat="45.60475" lon="6.195340000000001">
    <ele>1732.22</ele>
   </trkpt>
   <trkpt lat="45.60493" lon="6.19521">
    <ele>1717.2900000000002</ele>
   </trkpt>
   <trkpt lat="45.605000000000004" lon="6.19512">
    <ele>1706.38</ele>
   </trkpt>
   <trkpt lat="45.6051" lon="6.19507">
    <ele>1698.64</ele>
   </trkpt>
   <trkpt lat="45.60526" lon="6.194920000000001">
    <ele>1685.3300000000002</ele>
   </trkpt>
   <trkpt lat="45.6054" lon="6.1945500000000004">
    <ele>1667.0800000000002</ele>
   </trkpt>
   <trkpt lat="45.605470000000004" lon="6.194450000000001">
    <ele>1662.5</ele>
   </trkpt>
   <trkpt lat="45.605560000000004" lon="6.19441">
    <ele>1656.16</ele>
   </trkpt>
   <trkpt lat="45.60571" lon="6.1942">
    <ele>1643.5300000000002</ele>
   </trkpt>
   <trkpt lat="45.605810000000005" lon="6.1942">
    <ele>1636.2800000000002</ele>
   </trkpt>
   <trkpt lat="45.60589" lon="6.194140000000001">
    <ele>1631.28</ele>
   </trkpt>
   <trkpt lat="45.605990000000006" lon="6.194120000000001">
    <ele>1624.75</ele>
   </trkpt>
   <trkpt lat="45.606480000000005" lon="6.19385">
    <ele>1594.6200000000001</ele>
   </trkpt>
   <trkpt lat="45.60656" lon="6.19376">
    <ele>1591.01</ele>
   </trkpt>
   <trkpt lat="45.606640000000006" lon="6.19369">
    <ele>1591.01</ele>
   </trkpt>
   <trkpt lat="45.607020000000006" lon="6.19352">
    <ele>1573.17</ele>
   </trkpt>
   <trkpt lat="45.607130000000005" lon="6.193460000000001">
    <ele>1573.17</ele>
   </trkpt>
   <trkpt lat="45.607330000000005" lon="6.19331">
    <ele>1561.05</ele>
   </trkpt>
   <trkpt lat="45.607400000000005" lon="6.193200000000001">
    <ele>1555.7800000000002</ele>
   </trkpt>
   <trkpt lat="45.6075" lon="6.193160000000001">
    <ele>1552.2300000000002</ele>
   </trkpt>
   <trkpt lat="45.607710000000004" lon="6.19322">
    <ele>1543.3300000000002</ele>
   </trkpt>
   <trkpt lat="45.607800000000005" lon="6.19315">
    <ele>1543.3300000000002</ele>
   </trkpt>
   <trkpt lat="45.60788" lon="6.19305">
    <ele>1536.1</ele>
   </trkpt>
   <trkpt lat="45.607960000000006" lon="6.19298">
    <ele>1536.1</ele>
   </trkpt>
   <trkpt lat="45.608180000000004" lon="6.1929300000000005">
    <ele>1526.48</ele>
   </trkpt>
   <trkpt lat="45.608270000000005" lon="6.192850000000001">
    <ele>1522.82</ele>
   </trkpt>
   <trkpt lat="45.608410000000006" lon="6.19261">
    <ele>1511.65</ele>
   </trkpt>
   <trkpt lat="45.608610000000006" lon="6.1925300000000005">
    <ele>1508.3300000000002</ele>
   </trkpt>
   <trkpt lat="45.608740000000004" lon="6.192290000000001">
    <ele>1497.0100000000002</ele>
   </trkpt>
   <trkpt lat="45.60877000000001" lon="6.192150000000001">
    <ele>1493.8300000000002</ele>
   </trkpt>
   <trkpt lat="45.60878" lon="6.19202">
    <ele>1493.8300000000002</ele>
   </trkpt>
   <trkpt lat="45.60884" lon="6.191890000000001">
    <ele>1487.92</ele>
   </trkpt>
   <trkpt lat="45.608880000000006" lon="6.191730000000001">
    <ele>1482.72</ele>
   </trkpt>
   <trkpt lat="45.608990000000006" lon="6.191490000000001">
    <ele>1470.3300000000002</ele>
   </trkpt>
   <trkpt lat="45.609030000000004" lon="6.1911700000000005">
    <ele>1461.7000000000003</ele>
   </trkpt>
   <trkpt lat="45.60907" lon="6.19104">
    <ele>1461.7000000000003</ele>
   </trkpt>
   <trkpt lat="45.60911" lon="6.190390000000001">
    <ele>1450.4</ele>
   </trkpt>
   <trkpt lat="45.609350000000006" lon="6.1904200000000005">
    <ele>1447.81</ele>
   </trkpt>
   <trkpt lat="45.60953000000001" lon="6.1904">
    <ele>1446.3300000000002</ele>
   </trkpt>
   <trkpt lat="45.60981" lon="6.190270000000001">
    <ele>1443.5800000000002</ele>
   </trkpt>
   <trkpt lat="45.60989000000001" lon="6.19021">
    <ele>1443.27</ele>
   </trkpt>
   <trkpt lat="45.610170000000004" lon="6.18984">
    <ele>1440.0400000000002</ele>
   </trkpt>
   <trkpt lat="45.6103" lon="6.189620000000001">
    <ele>1438.8100000000002</ele>
   </trkpt>
   <trkpt lat="45.610200000000006" lon="6.18935">
    <ele>1439.0200000000002</ele>
   </trkpt>
   <trkpt lat="45.610220000000005" lon="6.18923">
    <ele>1439.27</ele>
   </trkpt>
   <trkpt lat="45.610380000000006" lon="6.188720000000001">
    <ele>1440.86</ele>
   </trkpt>
   <trkpt lat="45.61045000000001" lon="6.1885900000000005">
    <ele>1444.98</ele>
   </trkpt>
   <trkpt lat="45.610350000000004" lon="6.188510000000001">
    <ele>1445.27</ele>
   </trkpt>
   <trkpt lat="45.6103" lon="6.188510000000001">
    <ele>1445.27</ele>
   </trkpt>
   <trkpt lat="45.61027000000001" lon="6.188370000000001">
    <ele>1447.3100000000002</ele>
   </trkpt>
   <trkpt lat="45.61052" lon="6.1881200000000005">
    <ele>1449.88</ele>
   </trkpt>
   <trkpt lat="45.610620000000004" lon="6.187970000000001">
    <ele>1451.8500000000001</ele>
   </trkpt>
   <trkpt lat="45.610670000000006" lon="6.18777">
    <ele>1452.7</ele>
   </trkpt>
   <trkpt lat="45.610690000000005" lon="6.187550000000001">
    <ele>1452.7</ele>
   </trkpt>
   <trkpt lat="45.610850000000006" lon="6.18716">
    <ele>1458.14</ele>
   </trkpt>
   <trkpt lat="45.610850000000006" lon="6.18707">
    <ele>1458.14</ele>
   </trkpt>
   <trkpt lat="45.610910000000004" lon="6.18698">
    <ele>1458.14</ele>
   </trkpt>
   <trkpt lat="45.61119" lon="6.1869000000000005">
    <ele>1461.27</ele>
   </trkpt>
   <trkpt lat="45.611360000000005" lon="6.186750000000001">
    <ele>1463.23</ele>
   </trkpt>
   <trkpt lat="45.61139000000001" lon="6.18665">
    <ele>1464.3799999999999</ele>
   </trkpt>
   <trkpt lat="45.61139000000001" lon="6.186570000000001">
    <ele>1464.3799999999999</ele>
   </trkpt>
   <trkpt lat="45.611340000000006" lon="6.18648">
    <ele>1465.0500000000002</ele>
   </trkpt>
   <trkpt lat="45.61117" lon="6.18634">
    <ele>1467.18</ele>
   </trkpt>
   <trkpt lat="45.61097" lon="6.18627">
    <ele>1469.41</ele>
   </trkpt>
   <trkpt lat="45.610800000000005" lon="6.18613">
    <ele>1471.74</ele>
   </trkpt>
   <trkpt lat="45.610240000000005" lon="6.18555">
    <ele>1477.67</ele>
   </trkpt>
   <trkpt lat="45.610020000000006" lon="6.18529">
    <ele>1483.4600000000003</ele>
   </trkpt>
   <trkpt lat="45.60989000000001" lon="6.1852100000000005">
    <ele>1483.4600000000003</ele>
   </trkpt>
   <trkpt lat="45.60947" lon="6.18501">
    <ele>1487.38</ele>
   </trkpt>
   <trkpt lat="45.60929" lon="6.184850000000001">
    <ele>1490.65</ele>
   </trkpt>
   <trkpt lat="45.609140000000004" lon="6.184760000000001">
    <ele>1492.9</ele>
   </trkpt>
   <trkpt lat="45.60897000000001" lon="6.184620000000001">
    <ele>1496.75</ele>
   </trkpt>
   <trkpt lat="45.60866" lon="6.18451">
    <ele>1499.47</ele>
   </trkpt>
   <trkpt lat="45.608380000000004" lon="6.1844600000000005">
    <ele>1502.82</ele>
   </trkpt>
   <trkpt lat="45.60811" lon="6.1843">
    <ele>1507.18</ele>
   </trkpt>
   <trkpt lat="45.607940000000006" lon="6.18416">
    <ele>1507.18</ele>
   </trkpt>
   <trkpt lat="45.607620000000004" lon="6.183960000000001">
    <ele>1511.45</ele>
   </trkpt>
   <trkpt lat="45.60683" lon="6.18369">
    <ele>1519.22</ele>
   </trkpt>
   <trkpt lat="45.60647" lon="6.18365">
    <ele>1525.3200000000002</ele>
   </trkpt>
   <trkpt lat="45.60633000000001" lon="6.18372">
    <ele>1528.28</ele>
   </trkpt>
   <trkpt lat="45.606190000000005" lon="6.18372">
    <ele>1529.3400000000001</ele>
   </trkpt>
   <trkpt lat="45.605970000000006" lon="6.18365">
    <ele>1532.5900000000001</ele>
   </trkpt>
   <trkpt lat="45.6058" lon="6.18365">
    <ele>1534.25</ele>
   </trkpt>
   <trkpt lat="45.605540000000005" lon="6.183540000000001">
    <ele>1536.58</ele>
   </trkpt>
   <trkpt lat="45.60535" lon="6.18341">
    <ele>1537.91</ele>
   </trkpt>
   <trkpt lat="45.605290000000004" lon="6.183400000000001">
    <ele>1538.52</ele>
   </trkpt>
   <trkpt lat="45.60506" lon="6.18327">
    <ele>1539.6200000000001</ele>
   </trkpt>
   <trkpt lat="45.604780000000005" lon="6.183190000000001">
    <ele>1542.61</ele>
   </trkpt>
   <trkpt lat="45.60448" lon="6.183190000000001">
    <ele>1547.1200000000001</ele>
   </trkpt>
   <trkpt lat="45.604000000000006" lon="6.183160000000001">
    <ele>1552.0200000000002</ele>
   </trkpt>
   <trkpt lat="45.603750000000005" lon="6.183210000000001">
    <ele>1558.45</ele>
   </trkpt>
   <trkpt lat="45.603530000000006" lon="6.183190000000001">
    <ele>1562.8300000000002</ele>
   </trkpt>
   <trkpt lat="45.60324000000001" lon="6.183090000000001">
    <ele>1568.3200000000002</ele>
   </trkpt>
   <trkpt lat="45.60257000000001" lon="6.182910000000001">
    <ele>1578.8200000000002</ele>
   </trkpt>
   <trkpt lat="45.602410000000006" lon="6.1829">
    <ele>1585.1000000000001</ele>
   </trkpt>
   <trkpt lat="45.60208" lon="6.18282">
    <ele>1590.2800000000002</ele>
   </trkpt>
   <trkpt lat="45.60132" lon="6.182390000000001">
    <ele>1601.13</ele>
   </trkpt>
   <trkpt lat="45.60096" lon="6.18238">
    <ele>1609.6000000000001</ele>
   </trkpt>
   <trkpt lat="45.60083" lon="6.182340000000001">
    <ele>1609.6000000000001</ele>
   </trkpt>
   <trkpt lat="45.600280000000005" lon="6.182040000000001">
    <ele>1626.47</ele>
   </trkpt>
   <trkpt lat="45.60009" lon="6.181800000000001">
    <ele>1629.8600000000001</ele>
   </trkpt>
   <trkpt lat="45.6" lon="6.1816">
    <ele>1631.75</ele>
   </trkpt>
   <trkpt lat="45.59993" lon="6.18149">
    <ele>1633.3000000000002</ele>
   </trkpt>
   <trkpt lat="45.59944" lon="6.1811300000000005">
    <ele>1643.16</ele>
   </trkpt>
   <trkpt lat="45.599090000000004" lon="6.180910000000001">
    <ele>1650.29</ele>
   </trkpt>
   <trkpt lat="45.59843" lon="6.1803300000000005">
    <ele>1664.73</ele>
   </trkpt>
   <trkpt lat="45.59825000000001" lon="6.1801900000000005">
    <ele>1666.97</ele>
   </trkpt>
   <trkpt lat="45.597950000000004" lon="6.18008">
    <ele>1676.66</ele>
   </trkpt>
   <trkpt lat="45.597300000000004" lon="6.1799800000000005">
    <ele>1692.6000000000001</ele>
   </trkpt>
   <trkpt lat="45.59709" lon="6.179970000000001">
    <ele>1697.2300000000002</ele>
   </trkpt>
   <trkpt lat="45.59705" lon="6.179930000000001">
    <ele>1698.3400000000001</ele>
   </trkpt>
   <trkpt lat="45.59691" lon="6.179900000000001">
    <ele>1702.4800000000002</ele>
   </trkpt>
   <trkpt lat="45.5968" lon="6.179830000000001">
    <ele>1705.71</ele>
   </trkpt>
   <trkpt lat="45.596740000000004" lon="6.179760000000001">
    <ele>1705.71</ele>
   </trkpt>
   <trkpt lat="45.596700000000006" lon="6.179760000000001">
    <ele>1707.9700000000003</ele>
   </trkpt>
   <trkpt lat="45.59658" lon="6.1796500000000005">
    <ele>1711.38</ele>
   </trkpt>
   <trkpt lat="45.59658" lon="6.179640000000001">
    <ele>1711.38</ele>
   </trkpt>
   <trkpt lat="45.59705500059173" lon="6.179315002661496">
    <ele>1698.2</ele>
   </trkpt>
   <trkpt lat="45.597530000000006" lon="6.178990000000001">
    <ele>1692.97</ele>
   </trkpt>
   <trkpt lat="45.59808" lon="6.178750000000001">
    <ele>1698.7</ele>
   </trkpt>
   <trkpt lat="45.598220000000005" lon="6.17851">
    <ele>1703.65</ele>
   </trkpt>
   <trkpt lat="45.59826" lon="6.17832">
    <ele>1709.9400000000003</ele>
   </trkpt>
   <trkpt lat="45.59835" lon="6.17823">
    <ele>1713.0500000000002</ele>
   </trkpt>
   <trkpt lat="45.59857" lon="6.178260000000001">
    <ele>1716.14</ele>
   </trkpt>
   <trkpt lat="45.59866" lon="6.178190000000001">
    <ele>1719.27</ele>
   </trkpt>
   <trkpt lat="45.59872000000001" lon="6.17802">
    <ele>1724.63</ele>
   </trkpt>
   <trkpt lat="45.598710000000004" lon="6.17783">
    <ele>1731.95</ele>
   </trkpt>
   <trkpt lat="45.598760000000006" lon="6.177560000000001">
    <ele>1742.49</ele>
   </trkpt>
   <trkpt lat="45.59875" lon="6.177350000000001">
    <ele>1751.0500000000002</ele>
   </trkpt>
   <trkpt lat="45.59868" lon="6.177230000000001">
    <ele>1754.8400000000001</ele>
   </trkpt>
   <trkpt lat="45.598580000000005" lon="6.1771400000000005">
    <ele>1756.5000000000002</ele>
   </trkpt>
   <trkpt lat="45.59855" lon="6.177020000000001">
    <ele>1762.7400000000002</ele>
   </trkpt>
   <trkpt lat="45.598910000000004" lon="6.17684">
    <ele>1769.7800000000002</ele>
   </trkpt>
   <trkpt lat="45.59931" lon="6.176520000000001">
    <ele>1781.0500000000002</ele>
   </trkpt>
   <trkpt lat="45.59946" lon="6.176360000000001">
    <ele>1790.73</ele>
   </trkpt>
   <trkpt lat="45.599680000000006" lon="6.1763">
    <ele>1801.23</ele>
   </trkpt>
   <trkpt lat="45.59975" lon="6.176240000000001">
    <ele>1806.58</ele>
   </trkpt>
   <trkpt lat="45.599790000000006" lon="6.17619">
    <ele>1806.58</ele>
   </trkpt>
   <trkpt lat="45.59973" lon="6.17614">
    <ele>1810.9700000000003</ele>
   </trkpt>
   <trkpt lat="45.59978" lon="6.176100000000001">
    <ele>1813.6100000000001</ele>
   </trkpt>
   <trkpt lat="45.599810000000005" lon="6.17595">
    <ele>1819.7500000000002</ele>
   </trkpt>
   <trkpt lat="45.599740000000004" lon="6.17586">
    <ele>1830.07</ele>
   </trkpt>
   <trkpt lat="45.600060000000006" lon="6.17562">
    <ele>1848.15</ele>
   </trkpt>
   <trkpt lat="45.600150000000006" lon="6.175610000000001">
    <ele>1852.2600000000002</ele>
   </trkpt>
   <trkpt lat="45.600300000000004" lon="6.175510000000001">
    <ele>1859.5600000000002</ele>
   </trkpt>
   <trkpt lat="45.600440000000006" lon="6.175350000000001">
    <ele>1868.51</ele>
   </trkpt>
   <trkpt lat="45.60047" lon="6.175260000000001">
    <ele>1878.64</ele>
   </trkpt>
   <trkpt lat="45.600530000000006" lon="6.175260000000001">
    <ele>1881.91</ele>
   </trkpt>
   <trkpt lat="45.60052" lon="6.17515">
    <ele>1887.82</ele>
   </trkpt>
   <trkpt lat="45.600550000000005" lon="6.17515">
    <ele>1887.82</ele>
   </trkpt>
   <trkpt lat="45.600590000000004" lon="6.17506">
    <ele>1895.72</ele>
   </trkpt>
   <trkpt lat="45.600660000000005" lon="6.17504">
    <ele>1898.5</ele>
   </trkpt>
   <trkpt lat="45.60074" lon="6.174910000000001">
    <ele>1901.45</ele>
   </trkpt>
   <trkpt lat="45.60072" lon="6.17485">
    <ele>1910.68</ele>
   </trkpt>
   <trkpt lat="45.600820000000006" lon="6.1747700000000005">
    <ele>1919.24</ele>
   </trkpt>
   <trkpt lat="45.60079" lon="6.17471">
    <ele>1919.24</ele>
   </trkpt>
   <trkpt lat="45.60081" lon="6.174670000000001">
    <ele>1919.24</ele>
   </trkpt>
   <trkpt lat="45.60079" lon="6.17466">
    <ele>1919.24</ele>
   </trkpt>
   <trkpt lat="45.60080000000001" lon="6.174620000000001">
    <ele>1919.24</ele>
   </trkpt>
   <trkpt lat="45.60076" lon="6.17457">
    <ele>1934.1200000000001</ele>
   </trkpt>
   <trkpt lat="45.60078" lon="6.174510000000001">
    <ele>1934.1200000000001</ele>
   </trkpt>
   <trkpt lat="45.60071000000001" lon="6.174440000000001">
    <ele>1940.5</ele>
   </trkpt>
   <trkpt lat="45.600750000000005" lon="6.17433">
    <ele>1940.5</ele>
   </trkpt>
   <trkpt lat="45.600680000000004" lon="6.174150000000001">
    <ele>1953.9</ele>
   </trkpt>
   <trkpt lat="45.600680000000004" lon="6.17403">
    <ele>1960.3100000000002</ele>
   </trkpt>
   <trkpt lat="45.60063" lon="6.173940000000001">
    <ele>1966.44</ele>
   </trkpt>
   <trkpt lat="45.600570000000005" lon="6.17377">
    <ele>1975.2900000000002</ele>
   </trkpt>
   <trkpt lat="45.60061" lon="6.17372">
    <ele>1975.5300000000002</ele>
   </trkpt>
   <trkpt lat="45.600660000000005" lon="6.173680000000001">
    <ele>1976.0600000000002</ele>
   </trkpt>
   <trkpt lat="45.60080000000001" lon="6.17379">
    <ele>1976.15</ele>
   </trkpt>
   <trkpt lat="45.60092" lon="6.173970000000001">
    <ele>1973.3300000000002</ele>
   </trkpt>
   <trkpt lat="45.60105" lon="6.17396">
    <ele>1972.25</ele>
   </trkpt>
   <trkpt lat="45.6011" lon="6.174">
    <ele>1972.25</ele>
   </trkpt>
   <trkpt lat="45.60132" lon="6.174060000000001">
    <ele>1972.1200000000001</ele>
   </trkpt>
   <trkpt lat="45.601420000000005" lon="6.174040000000001">
    <ele>1970.3300000000002</ele>
   </trkpt>
   <trkpt lat="45.60152" lon="6.17407">
    <ele>1968.1800000000003</ele>
   </trkpt>
   <trkpt lat="45.601600000000005" lon="6.17414">
    <ele>1965.1900000000003</ele>
   </trkpt>
   <trkpt lat="45.601670000000006" lon="6.174290000000001">
    <ele>1960.13</ele>
   </trkpt>
   <trkpt lat="45.60173" lon="6.174290000000001">
    <ele>1958.6900000000003</ele>
   </trkpt>
   <trkpt lat="45.602070000000005" lon="6.174510000000001">
    <ele>1947.21</ele>
   </trkpt>
   <trkpt lat="45.602250000000005" lon="6.174530000000001">
    <ele>1945.89</ele>
   </trkpt>
   <trkpt lat="45.602340000000005" lon="6.174580000000001">
    <ele>1945.19</ele>
   </trkpt>
   <trkpt lat="45.60235" lon="6.174460000000001">
    <ele>1945.19</ele>
   </trkpt>
   <trkpt lat="45.602320000000006" lon="6.174440000000001">
    <ele>1945.19</ele>
   </trkpt>
   <trkpt lat="45.602320000000006" lon="6.17438">
    <ele>1931.92</ele>
   </trkpt>
   <trkpt lat="45.60235" lon="6.17431">
    <ele>1931.92</ele>
   </trkpt>
   <trkpt lat="45.60233" lon="6.174250000000001">
    <ele>1931.92</ele>
   </trkpt>
   <trkpt lat="45.602450000000005" lon="6.174290000000001">
    <ele>1927.63</ele>
   </trkpt>
   <trkpt lat="45.602450000000005" lon="6.1742300000000006">
    <ele>1921.52</ele>
   </trkpt>
   <trkpt lat="45.60249" lon="6.1742300000000006">
    <ele>1921.52</ele>
   </trkpt>
   <trkpt lat="45.602500000000006" lon="6.17419">
    <ele>1921.52</ele>
   </trkpt>
   <trkpt lat="45.602450000000005" lon="6.17407">
    <ele>1915.75</ele>
   </trkpt>
   <trkpt lat="45.60248000000001" lon="6.174040000000001">
    <ele>1913.69</ele>
   </trkpt>
   <trkpt lat="45.60246" lon="6.17398">
    <ele>1913.69</ele>
   </trkpt>
   <trkpt lat="45.60239000000001" lon="6.17398">
    <ele>1909.0000000000002</ele>
   </trkpt>
   <trkpt lat="45.6024" lon="6.173680000000001">
    <ele>1896.94</ele>
   </trkpt>
   <trkpt lat="45.602250000000005" lon="6.17344">
    <ele>1887.1200000000001</ele>
   </trkpt>
   <trkpt lat="45.60224" lon="6.17321">
    <ele>1878.3700000000001</ele>
   </trkpt>
   <trkpt lat="45.6022" lon="6.173030000000001">
    <ele>1872.2900000000002</ele>
   </trkpt>
   <trkpt lat="45.602270000000004" lon="6.17288">
    <ele>1865.8700000000001</ele>
   </trkpt>
   <trkpt lat="45.602250000000005" lon="6.1728000000000005">
    <ele>1863.8200000000002</ele>
   </trkpt>
   <trkpt lat="45.60229" lon="6.172770000000001">
    <ele>1863.8200000000002</ele>
   </trkpt>
   <trkpt lat="45.60229" lon="6.172700000000001">
    <ele>1855.96</ele>
   </trkpt>
   <trkpt lat="45.602250000000005" lon="6.17271">
    <ele>1855.96</ele>
   </trkpt>
   <trkpt lat="45.6022" lon="6.17255">
    <ele>1852.0600000000002</ele>
   </trkpt>
   <trkpt lat="45.60210000000001" lon="6.172420000000001">
    <ele>1846.0</ele>
   </trkpt>
   <trkpt lat="45.602070000000005" lon="6.172320000000001">
    <ele>1842.1000000000001</ele>
   </trkpt>
   <trkpt lat="45.60202" lon="6.17227">
    <ele>1840.21</ele>
   </trkpt>
   <trkpt lat="45.602000000000004" lon="6.172180000000001">
    <ele>1838.4000000000003</ele>
   </trkpt>
   <trkpt lat="45.60195" lon="6.17208">
    <ele>1835.2400000000002</ele>
   </trkpt>
   <trkpt lat="45.6019" lon="6.17203">
    <ele>1833.86</ele>
   </trkpt>
   <trkpt lat="45.60188" lon="6.171950000000001">
    <ele>1829.94</ele>
   </trkpt>
   <trkpt lat="45.60174000000001" lon="6.17175">
    <ele>1826.4900000000002</ele>
   </trkpt>
   <trkpt lat="45.601670000000006" lon="6.1717200000000005">
    <ele>1824.8000000000002</ele>
   </trkpt>
   <trkpt lat="45.60128" lon="6.1711100000000005">
    <ele>1811.2700000000002</ele>
   </trkpt>
   <trkpt lat="45.601240000000004" lon="6.1709000000000005">
    <ele>1806.67</ele>
   </trkpt>
   <trkpt lat="45.60118000000001" lon="6.17079">
    <ele>1801.1800000000003</ele>
   </trkpt>
   <trkpt lat="45.60117" lon="6.1707">
    <ele>1799.1800000000003</ele>
   </trkpt>
   <trkpt lat="45.60114" lon="6.170640000000001">
    <ele>1795.0400000000002</ele>
   </trkpt>
   <trkpt lat="45.601150000000004" lon="6.170610000000001">
    <ele>1795.0400000000002</ele>
   </trkpt>
   <trkpt lat="45.60112" lon="6.170590000000001">
    <ele>1795.0400000000002</ele>
   </trkpt>
   <trkpt lat="45.60108" lon="6.17041">
    <ele>1788.39</ele>
   </trkpt>
   <trkpt lat="45.6011" lon="6.170140000000001">
    <ele>1778.69</ele>
   </trkpt>
   <trkpt lat="45.60108" lon="6.17001">
    <ele>1769.36</ele>
   </trkpt>
   <trkpt lat="45.601130000000005" lon="6.169790000000001">
    <ele>1759.69</ele>
   </trkpt>
   <trkpt lat="45.60107000000001" lon="6.169440000000001">
    <ele>1753.43</ele>
   </trkpt>
   <trkpt lat="45.601040000000005" lon="6.169370000000001">
    <ele>1748.14</ele>
   </trkpt>
   <trkpt lat="45.60108" lon="6.169250000000001">
    <ele>1744.43</ele>
   </trkpt>
   <trkpt lat="45.60107000000001" lon="6.16919">
    <ele>1744.43</ele>
   </trkpt>
   <trkpt lat="45.60098000000001" lon="6.1690700000000005">
    <ele>1741.96</ele>
   </trkpt>
   <trkpt lat="45.60087" lon="6.16908">
    <ele>1739.7300000000002</ele>
   </trkpt>
   <trkpt lat="45.600620000000006" lon="6.169040000000001">
    <ele>1735.2800000000002</ele>
   </trkpt>
   <trkpt lat="45.600550000000005" lon="6.169060000000001">
    <ele>1731.1900000000003</ele>
   </trkpt>
   <trkpt lat="45.600460000000005" lon="6.16912">
    <ele>1731.1900000000003</ele>
   </trkpt>
   <trkpt lat="45.600440000000006" lon="6.169110000000001">
    <ele>1731.1900000000003</ele>
   </trkpt>
   <trkpt lat="45.600530000000006" lon="6.168920000000001">
    <ele>1726.96</ele>
   </trkpt>
   <trkpt lat="45.60065" lon="6.168780000000001">
    <ele>1724.14</ele>
   </trkpt>
   <trkpt lat="45.600910000000006" lon="6.16854">
    <ele>1716.7500000000002</ele>
   </trkpt>
   <trkpt lat="45.601020000000005" lon="6.168480000000001">
    <ele>1714.9900000000002</ele>
   </trkpt>
   <trkpt lat="45.601310000000005" lon="6.168480000000001">
    <ele>1708.8700000000001</ele>
   </trkpt>
   <trkpt lat="45.601150000000004" lon="6.16823">
    <ele>1702.8100000000002</ele>
   </trkpt>
   <trkpt lat="45.60107000000001" lon="6.168150000000001">
    <ele>1702.8100000000002</ele>
   </trkpt>
   <trkpt lat="45.600970000000004" lon="6.16811">
    <ele>1697.3300000000002</ele>
   </trkpt>
   <trkpt lat="45.60072" lon="6.16809">
    <ele>1694.43</ele>
   </trkpt>
   <trkpt lat="45.60079" lon="6.168">
    <ele>1693.3700000000001</ele>
   </trkpt>
   <trkpt lat="45.60101" lon="6.167800000000001">
    <ele>1686.15</ele>
   </trkpt>
   <trkpt lat="45.60137" lon="6.16767">
    <ele>1678.66</ele>
   </trkpt>
   <trkpt lat="45.601470000000006" lon="6.16769">
    <ele>1675.43</ele>
   </trkpt>
   <trkpt lat="45.601530000000004" lon="6.167750000000001">
    <ele>1673.3700000000001</ele>
   </trkpt>
   <trkpt lat="45.601690000000005" lon="6.16779">
    <ele>1669.55</ele>
   </trkpt>
   <trkpt lat="45.601580000000006" lon="6.167510000000001">
    <ele>1665.6000000000001</ele>
   </trkpt>
   <trkpt lat="45.60146" lon="6.167330000000001">
    <ele>1661.9</ele>
   </trkpt>
   <trkpt lat="45.601330000000004" lon="6.1671700000000005">
    <ele>1657.5400000000002</ele>
   </trkpt>
   <trkpt lat="45.60128" lon="6.16715">
    <ele>1657.5400000000002</ele>
   </trkpt>
   <trkpt lat="45.601240000000004" lon="6.167160000000001">
    <ele>1657.5400000000002</ele>
   </trkpt>
   <trkpt lat="45.60123" lon="6.167140000000001">
    <ele>1655.7400000000002</ele>
   </trkpt>
   <trkpt lat="45.601380000000006" lon="6.16706">
    <ele>1655.7400000000002</ele>
   </trkpt>
   <trkpt lat="45.60145000000001" lon="6.16706">
    <ele>1655.7400000000002</ele>
   </trkpt>
   <trkpt lat="45.60181" lon="6.1671700000000005">
    <ele>1645.28</ele>
   </trkpt>
   <trkpt lat="45.60184" lon="6.167160000000001">
    <ele>1641.7</ele>
   </trkpt>
   <trkpt lat="45.60184" lon="6.16713">
    <ele>1641.7</ele>
   </trkpt>
   <trkpt lat="45.60168" lon="6.166900000000001">
    <ele>1636.66</ele>
   </trkpt>
   <trkpt lat="45.60157" lon="6.16664">
    <ele>1633.94</ele>
   </trkpt>
   <trkpt lat="45.601510000000005" lon="6.1665600000000005">
    <ele>1631.48</ele>
   </trkpt>
   <trkpt lat="45.601420000000005" lon="6.1665">
    <ele>1629.7400000000002</ele>
   </trkpt>
   <trkpt lat="45.601310000000005" lon="6.1665">
    <ele>1627.7700000000002</ele>
   </trkpt>
   <trkpt lat="45.60137" lon="6.16643">
    <ele>1624.53</ele>
   </trkpt>
   <trkpt lat="45.60155" lon="6.16631">
    <ele>1622.45</ele>
   </trkpt>
   <trkpt lat="45.60163000000001" lon="6.166290000000001">
    <ele>1618.5200000000002</ele>
   </trkpt>
   <trkpt lat="45.6017" lon="6.16628">
    <ele>1618.5200000000002</ele>
   </trkpt>
   <trkpt lat="45.60210000000001" lon="6.16636">
    <ele>1608.38</ele>
   </trkpt>
   <trkpt lat="45.601870000000005" lon="6.165920000000001">
    <ele>1601.3300000000002</ele>
   </trkpt>
   <trkpt lat="45.601800000000004" lon="6.16586">
    <ele>1597.88</ele>
   </trkpt>
   <trkpt lat="45.60161" lon="6.165800000000001">
    <ele>1594.68</ele>
   </trkpt>
   <trkpt lat="45.60125" lon="6.16577">
    <ele>1588.5200000000002</ele>
   </trkpt>
   <trkpt lat="45.60128" lon="6.16572">
    <ele>1587.5700000000002</ele>
   </trkpt>
   <trkpt lat="45.601670000000006" lon="6.165470000000001">
    <ele>1580.0800000000002</ele>
   </trkpt>
   <trkpt lat="45.602160000000005" lon="6.165260000000001">
    <ele>1572.1200000000001</ele>
   </trkpt>
   <trkpt lat="45.60237" lon="6.16514">
    <ele>1567.39</ele>
   </trkpt>
   <trkpt lat="45.602380000000004" lon="6.16511">
    <ele>1567.39</ele>
   </trkpt>
   <trkpt lat="45.60222" lon="6.16506">
    <ele>1564.3600000000001</ele>
   </trkpt>
   <trkpt lat="45.60183000000001" lon="6.165000000000001">
    <ele>1557.25</ele>
   </trkpt>
   <trkpt lat="45.601510000000005" lon="6.164980000000001">
    <ele>1551.2800000000002</ele>
   </trkpt>
   <trkpt lat="45.60116000000001" lon="6.16499">
    <ele>1545.95</ele>
   </trkpt>
   <trkpt lat="45.60103" lon="6.164960000000001">
    <ele>1543.39</ele>
   </trkpt>
   <trkpt lat="45.600930000000005" lon="6.164980000000001">
    <ele>1543.39</ele>
   </trkpt>
   <trkpt lat="45.600910000000006" lon="6.16497">
    <ele>1543.39</ele>
   </trkpt>
   <trkpt lat="45.60092" lon="6.164930000000001">
    <ele>1539.2700000000002</ele>
   </trkpt>
   <trkpt lat="45.601110000000006" lon="6.164860000000001">
    <ele>1537.5100000000002</ele>
   </trkpt>
   <trkpt lat="45.601490000000005" lon="6.164580000000001">
    <ele>1529.77</ele>
   </trkpt>
   <trkpt lat="45.60175" lon="6.16441">
    <ele>1524.5700000000002</ele>
   </trkpt>
   <trkpt lat="45.60204" lon="6.16429">
    <ele>1520.68</ele>
   </trkpt>
   <trkpt lat="45.60277000000001" lon="6.16408">
    <ele>1508.13</ele>
   </trkpt>
   <trkpt lat="45.603170000000006" lon="6.16401">
    <ele>1498.97</ele>
   </trkpt>
   <trkpt lat="45.603460000000005" lon="6.164000000000001">
    <ele>1495.78</ele>
   </trkpt>
   <trkpt lat="45.603550000000006" lon="6.164020000000001">
    <ele>1493.2500000000002</ele>
   </trkpt>
   <trkpt lat="45.603640000000006" lon="6.164070000000001">
    <ele>1491.2800000000002</ele>
   </trkpt>
   <trkpt lat="45.603570000000005" lon="6.16399">
    <ele>1488.91</ele>
   </trkpt>
   <trkpt lat="45.60365" lon="6.163810000000001">
    <ele>1481.26</ele>
   </trkpt>
   <trkpt lat="45.60369" lon="6.16368">
    <ele>1471.7600000000002</ele>
   </trkpt>
   <trkpt lat="45.60376" lon="6.163570000000001">
    <ele>1465.21</ele>
   </trkpt>
   <trkpt lat="45.60385" lon="6.163550000000001">
    <ele>1458.7800000000002</ele>
   </trkpt>
   <trkpt lat="45.603950000000005" lon="6.1634400000000005">
    <ele>1457.7300000000002</ele>
   </trkpt>
   <trkpt lat="45.60394" lon="6.163290000000001">
    <ele>1451.4600000000003</ele>
   </trkpt>
   <trkpt lat="45.60387" lon="6.163">
    <ele>1437.5500000000002</ele>
   </trkpt>
   <trkpt lat="45.603910000000006" lon="6.16288">
    <ele>1432.49</ele>
   </trkpt>
   <trkpt lat="45.60367" lon="6.16225">
    <ele>1395.93</ele>
   </trkpt>
   <trkpt lat="45.603950000000005" lon="6.16197">
    <ele>1392.5700000000002</ele>
   </trkpt>
   <trkpt lat="45.60414" lon="6.16173">
    <ele>1386.8700000000001</ele>
   </trkpt>
   <trkpt lat="45.604530000000004" lon="6.16115">
    <ele>1376.65</ele>
   </trkpt>
   <trkpt lat="45.60474000000001" lon="6.1610000000000005">
    <ele>1372.38</ele>
   </trkpt>
   <trkpt lat="45.60481" lon="6.160900000000001">
    <ele>1370.89</ele>
   </trkpt>
   <trkpt lat="45.60493" lon="6.16056">
    <ele>1358.4</ele>
   </trkpt>
   <trkpt lat="45.6049" lon="6.16047">
    <ele>1358.4</ele>
   </trkpt>
   <trkpt lat="45.604910000000004" lon="6.160310000000001">
    <ele>1354.0100000000002</ele>
   </trkpt>
   <trkpt lat="45.60515" lon="6.16035">
    <ele>1350.68</ele>
   </trkpt>
   <trkpt lat="45.60530000000001" lon="6.160340000000001">
    <ele>1349.32</ele>
   </trkpt>
   <trkpt lat="45.605430000000005" lon="6.160240000000001">
    <ele>1352.1200000000001</ele>
   </trkpt>
   <trkpt lat="45.605500000000006" lon="6.1604600000000005">
    <ele>1349.8600000000001</ele>
   </trkpt>
   <trkpt lat="45.60559000000001" lon="6.16056">
    <ele>1346.67</ele>
   </trkpt>
   <trkpt lat="45.60577000000001" lon="6.160800000000001">
    <ele>1339.91</ele>
   </trkpt>
   <trkpt lat="45.60589" lon="6.160830000000001">
    <ele>1335.26</ele>
   </trkpt>
   <trkpt lat="45.605990000000006" lon="6.160570000000001">
    <ele>1322.7300000000002</ele>
   </trkpt>
   <trkpt lat="45.60624000000001" lon="6.160710000000001">
    <ele>1318.93</ele>
   </trkpt>
   <trkpt lat="45.60654" lon="6.160990000000001">
    <ele>1313.13</ele>
   </trkpt>
   <trkpt lat="45.606730000000006" lon="6.16122">
    <ele>1305.15</ele>
   </trkpt>
   <trkpt lat="45.60680000000001" lon="6.161390000000001">
    <ele>1301.25</ele>
   </trkpt>
   <trkpt lat="45.60678" lon="6.16155">
    <ele>1298.1200000000001</ele>
   </trkpt>
   <trkpt lat="45.60680000000001" lon="6.16171">
    <ele>1296.38</ele>
   </trkpt>
   <trkpt lat="45.606860000000005" lon="6.161910000000001">
    <ele>1293.5500000000002</ele>
   </trkpt>
   <trkpt lat="45.6069" lon="6.161980000000001">
    <ele>1292.96</ele>
   </trkpt>
   <trkpt lat="45.60699" lon="6.161980000000001">
    <ele>1291.4</ele>
   </trkpt>
   <trkpt lat="45.60762500021191" lon="6.161730002854023">
    <ele>1285.95</ele>
   </trkpt>
   <trkpt lat="45.60826" lon="6.16148">
    <ele>1280.6000000000001</ele>
   </trkpt>
   <trkpt lat="45.608470000000004" lon="6.16143">
    <ele>1278.1</ele>
   </trkpt>
   <trkpt lat="45.60875" lon="6.16148">
    <ele>1274.21</ele>
   </trkpt>
   <trkpt lat="45.60898" lon="6.161670000000001">
    <ele>1269.5200000000002</ele>
   </trkpt>
   <trkpt lat="45.60915000000001" lon="6.16194">
    <ele>1262.76</ele>
   </trkpt>
   <trkpt lat="45.60933000000001" lon="6.16213">
    <ele>1255.3200000000002</ele>
   </trkpt>
   <trkpt lat="45.60942000000001" lon="6.162120000000001">
    <ele>1255.3200000000002</ele>
   </trkpt>
   <trkpt lat="45.609500000000004" lon="6.162030000000001">
    <ele>1255.3200000000002</ele>
   </trkpt>
   <trkpt lat="45.60962000000001" lon="6.161860000000001">
    <ele>1243.06</ele>
   </trkpt>
   <trkpt lat="45.609730000000006" lon="6.16148">
    <ele>1236.58</ele>
   </trkpt>
   <trkpt lat="45.60985" lon="6.161410000000001">
    <ele>1236.58</ele>
   </trkpt>
   <trkpt lat="45.61000000000001" lon="6.161340000000001">
    <ele>1230.15</ele>
   </trkpt>
   <trkpt lat="45.61028" lon="6.16145">
    <ele>1223.0700000000002</ele>
   </trkpt>
   <trkpt lat="45.610380000000006" lon="6.161340000000001">
    <ele>1216.88</ele>
   </trkpt>
   <trkpt lat="45.61108" lon="6.16122">
    <ele>1203.7300000000002</ele>
   </trkpt>
   <trkpt lat="45.61157" lon="6.161060000000001">
    <ele>1190.77</ele>
   </trkpt>
   <trkpt lat="45.6122" lon="6.16065">
    <ele>1173.9700000000003</ele>
   </trkpt>
   <trkpt lat="45.612570000000005" lon="6.16044">
    <ele>1163.84</ele>
   </trkpt>
   <trkpt lat="45.612750000000005" lon="6.160430000000001">
    <ele>1159.0900000000001</ele>
   </trkpt>
   <trkpt lat="45.61307" lon="6.160570000000001">
    <ele>1149.2300000000002</ele>
   </trkpt>
   <trkpt lat="45.61323" lon="6.1604600000000005">
    <ele>1146.41</ele>
   </trkpt>
   <trkpt lat="45.6135" lon="6.160500000000001">
    <ele>1135.3200000000002</ele>
   </trkpt>
   <trkpt lat="45.613780000000006" lon="6.16047">
    <ele>1127.65</ele>
   </trkpt>
   <trkpt lat="45.614090000000004" lon="6.1604">
    <ele>1118.8</ele>
   </trkpt>
   <trkpt lat="45.614180000000005" lon="6.16077">
    <ele>1112.0700000000002</ele>
   </trkpt>
   <trkpt lat="45.61437" lon="6.160990000000001">
    <ele>1102.3200000000002</ele>
   </trkpt>
   <trkpt lat="45.61449" lon="6.16103">
    <ele>1095.15</ele>
   </trkpt>
   <trkpt lat="45.614650000000005" lon="6.16094">
    <ele>1093.46</ele>
   </trkpt>
   <trkpt lat="45.61469" lon="6.1608600000000004">
    <ele>1087.19</ele>
   </trkpt>
   <trkpt lat="45.61488000000001" lon="6.16075">
    <ele>1079.08</ele>
   </trkpt>
   <trkpt lat="45.61491" lon="6.1606700000000005">
    <ele>1079.08</ele>
   </trkpt>
   <trkpt lat="45.61502" lon="6.160290000000001">
    <ele>1065.3000000000002</ele>
   </trkpt>
   <trkpt lat="45.61496" lon="6.159960000000001">
    <ele>1058.65</ele>
   </trkpt>
   <trkpt lat="45.61486" lon="6.15965">
    <ele>1049.64</ele>
   </trkpt>
   <trkpt lat="45.61488000000001" lon="6.159260000000001">
    <ele>1039.92</ele>
   </trkpt>
   <trkpt lat="45.614810000000006" lon="6.15901">
    <ele>1030.95</ele>
   </trkpt>
   <trkpt lat="45.61449" lon="6.1586300000000005">
    <ele>1017.84</ele>
   </trkpt>
   <trkpt lat="45.61430000000001" lon="6.158440000000001">
    <ele>1011.8100000000001</ele>
   </trkpt>
   <trkpt lat="45.61421000000001" lon="6.158250000000001">
    <ele>1006.96</ele>
   </trkpt>
   <trkpt lat="45.61426" lon="6.158060000000001">
    <ele>1000.6300000000001</ele>
   </trkpt>
   <trkpt lat="45.61453" lon="6.157800000000001">
    <ele>988.89</ele>
   </trkpt>
   <trkpt lat="45.61464" lon="6.15772">
    <ele>985.7600000000001</ele>
   </trkpt>
   <trkpt lat="45.6148" lon="6.15765">
    <ele>982.2</ele>
   </trkpt>
   <trkpt lat="45.614920000000005" lon="6.15756">
    <ele>976.7800000000001</ele>
   </trkpt>
   <trkpt lat="45.61493" lon="6.157430000000001">
    <ele>973.8700000000001</ele>
   </trkpt>
   <trkpt lat="45.614900000000006" lon="6.157240000000001">
    <ele>969.35</ele>
   </trkpt>
   <trkpt lat="45.61496" lon="6.15704">
    <ele>964.0200000000001</ele>
   </trkpt>
   <trkpt lat="45.615080000000006" lon="6.15688">
    <ele>959.3300000000002</ele>
   </trkpt>
   <trkpt lat="45.61525" lon="6.156530000000001">
    <ele>954.3000000000001</ele>
   </trkpt>
   <trkpt lat="45.615280000000006" lon="6.1561900000000005">
    <ele>946.25</ele>
   </trkpt>
   <trkpt lat="45.615230000000004" lon="6.155950000000001">
    <ele>941.24</ele>
   </trkpt>
   <trkpt lat="45.61531" lon="6.1556500000000005">
    <ele>933.8700000000001</ele>
   </trkpt>
   <trkpt lat="45.61533000000001" lon="6.155270000000001">
    <ele>928.32</ele>
   </trkpt>
   <trkpt lat="45.6154" lon="6.1551100000000005">
    <ele>926.8000000000001</ele>
   </trkpt>
   <trkpt lat="45.615410000000004" lon="6.154710000000001">
    <ele>920.22</ele>
   </trkpt>
   <trkpt lat="45.61538" lon="6.15462">
    <ele>919.32</ele>
   </trkpt>
   <trkpt lat="45.61538" lon="6.1543600000000005">
    <ele>916.07</ele>
   </trkpt>
   <trkpt lat="45.61542" lon="6.15416">
    <ele>912.93</ele>
   </trkpt>
   <trkpt lat="45.615550000000006" lon="6.15387">
    <ele>906.6800000000001</ele>
   </trkpt>
   <trkpt lat="45.61569" lon="6.153740000000001">
    <ele>902.45</ele>
   </trkpt>
   <trkpt lat="45.61580000000001" lon="6.153740000000001">
    <ele>898.51</ele>
   </trkpt>
   <trkpt lat="45.61583" lon="6.153720000000001">
    <ele>898.51</ele>
   </trkpt>
   <trkpt lat="45.61581" lon="6.15345">
    <ele>886.6</ele>
   </trkpt>
   <trkpt lat="45.615770000000005" lon="6.153340000000001">
    <ele>882.8900000000001</ele>
   </trkpt>
   <trkpt lat="45.61585" lon="6.152920000000001">
    <ele>876.86</ele>
   </trkpt>
   <trkpt lat="45.61589" lon="6.15282">
    <ele>875.1500000000001</ele>
   </trkpt>
   <trkpt lat="45.61598" lon="6.1527400000000005">
    <ele>873.6800000000001</ele>
   </trkpt>
   <trkpt lat="45.616110000000006" lon="6.15216">
    <ele>866.6400000000001</ele>
   </trkpt>
   <trkpt lat="45.61637" lon="6.151840000000001">
    <ele>858.8100000000001</ele>
   </trkpt>
   <trkpt lat="45.61659" lon="6.1517800000000005">
    <ele>853.48</ele>
   </trkpt>
   <trkpt lat="45.616870000000006" lon="6.151770000000001">
    <ele>847.01</ele>
   </trkpt>
   <trkpt lat="45.61708" lon="6.151660000000001">
    <ele>839.3100000000001</ele>
   </trkpt>
   <trkpt lat="45.61721000000001" lon="6.15165">
    <ele>837.2</ele>
   </trkpt>
   <trkpt lat="45.61739" lon="6.1513100000000005">
    <ele>829.69</ele>
   </trkpt>
   <trkpt lat="45.61769" lon="6.150930000000001">
    <ele>822.9900000000001</ele>
   </trkpt>
   <trkpt lat="45.617850000000004" lon="6.15066">
    <ele>816.9900000000001</ele>
   </trkpt>
   <trkpt lat="45.617940000000004" lon="6.15047">
    <ele>814.6600000000001</ele>
   </trkpt>
   <trkpt lat="45.61798" lon="6.15031">
    <ele>811.6700000000001</ele>
   </trkpt>
   <trkpt lat="45.61798" lon="6.14993">
    <ele>810.32</ele>
   </trkpt>
   <trkpt lat="45.61810000227066" lon="6.149210001485402">
    <ele>805.15</ele>
   </trkpt>
   <trkpt lat="45.61822" lon="6.148490000000001">
    <ele>799.07</ele>
   </trkpt>
   <trkpt lat="45.6184" lon="6.14801">
    <ele>793.88</ele>
   </trkpt>
   <trkpt lat="45.61847" lon="6.147290000000001">
    <ele>789.03</ele>
   </trkpt>
   <trkpt lat="45.61826000000001" lon="6.14672">
    <ele>783.5500000000001</ele>
   </trkpt>
   <trkpt lat="45.61788000000001" lon="6.14646">
    <ele>781.27</ele>
   </trkpt>
   <trkpt lat="45.61777000000001" lon="6.146310000000001">
    <ele>781.2500000000001</ele>
   </trkpt>
   <trkpt lat="45.617340000000006" lon="6.145980000000001">
    <ele>780.0400000000001</ele>
   </trkpt>
   <trkpt lat="45.61724" lon="6.14594">
    <ele>779.75</ele>
   </trkpt>
   <trkpt lat="45.6173" lon="6.1453500000000005">
    <ele>776.9800000000001</ele>
   </trkpt>
   <trkpt lat="45.61739" lon="6.144850000000001">
    <ele>776.23</ele>
   </trkpt>
   <trkpt lat="45.61751" lon="6.14437">
    <ele>777.07</ele>
   </trkpt>
   <trkpt lat="45.617630000000005" lon="6.144050000000001">
    <ele>778.0100000000001</ele>
   </trkpt>
   <trkpt lat="45.61769" lon="6.143960000000001">
    <ele>778.2800000000001</ele>
   </trkpt>
   <trkpt lat="45.617940000000004" lon="6.143840000000001">
    <ele>780.07</ele>
   </trkpt>
   <trkpt lat="45.618050000000004" lon="6.143730000000001">
    <ele>780.8100000000001</ele>
   </trkpt>
   <trkpt lat="45.618140000000004" lon="6.14355">
    <ele>782.82</ele>
   </trkpt>
   <trkpt lat="45.6182" lon="6.14336">
    <ele>785.5200000000001</ele>
   </trkpt>
   <trkpt lat="45.61855000177217" lon="6.142720004021642">
    <ele>799.4300000000001</ele>
   </trkpt>
   <trkpt lat="45.618900000000004" lon="6.142080000000001">
    <ele>817.64</ele>
   </trkpt>
   <trkpt lat="45.61903" lon="6.1419500000000005">
    <ele>825.01</ele>
   </trkpt>
   <trkpt lat="45.619260000000004" lon="6.141830000000001">
    <ele>835.0500000000001</ele>
   </trkpt>
   <trkpt lat="45.619730000000004" lon="6.14193">
    <ele>848.32</ele>
   </trkpt>
   <trkpt lat="45.619820000000004" lon="6.1418800000000005">
    <ele>851.5600000000001</ele>
   </trkpt>
   <trkpt lat="45.61995" lon="6.1416900000000005">
    <ele>858.31</ele>
   </trkpt>
   <trkpt lat="45.62003000000001" lon="6.14165">
    <ele>863.1700000000001</ele>
   </trkpt>
   <trkpt lat="45.62015" lon="6.1416900000000005">
    <ele>866.11</ele>
   </trkpt>
   <trkpt lat="45.62026" lon="6.141800000000001">
    <ele>877.3900000000001</ele>
   </trkpt>
   <trkpt lat="45.62035" lon="6.14181">
    <ele>877.3900000000001</ele>
   </trkpt>
   <trkpt lat="45.62041000000001" lon="6.141780000000001">
    <ele>877.3900000000001</ele>
   </trkpt>
   <trkpt lat="45.62044" lon="6.1416900000000005">
    <ele>877.3900000000001</ele>
   </trkpt>
   <trkpt lat="45.62042" lon="6.141450000000001">
    <ele>884.44</ele>
   </trkpt>
   <trkpt lat="45.62031" lon="6.1406600000000005">
    <ele>906.48</ele>
   </trkpt>
   <trkpt lat="45.620360000000005" lon="6.14059">
    <ele>906.48</ele>
   </trkpt>
   <trkpt lat="45.620450000000005" lon="6.140560000000001">
    <ele>906.48</ele>
   </trkpt>
   <trkpt lat="45.62078" lon="6.140720000000001">
    <ele>919.8000000000001</ele>
   </trkpt>
   <trkpt lat="45.620850000000004" lon="6.14069">
    <ele>924.7</ele>
   </trkpt>
   <trkpt lat="45.62095" lon="6.140530000000001">
    <ele>931.9900000000001</ele>
   </trkpt>
   <trkpt lat="45.62106000000001" lon="6.1404700000000005">
    <ele>933.7</ele>
   </trkpt>
   <trkpt lat="45.62142" lon="6.1404700000000005">
    <ele>939.64</ele>
   </trkpt>
   <trkpt lat="45.621590000000005" lon="6.14052">
    <ele>953.25</ele>
   </trkpt>
   <trkpt lat="45.62174" lon="6.140630000000001">
    <ele>957.6600000000001</ele>
   </trkpt>
   <trkpt lat="45.621840000000006" lon="6.1406600000000005">
    <ele>960.8100000000001</ele>
   </trkpt>
   <trkpt lat="45.62187" lon="6.1404700000000005">
    <ele>964.1500000000001</ele>
   </trkpt>
   <trkpt lat="45.621900000000004" lon="6.1400500000000005">
    <ele>976.23</ele>
   </trkpt>
   <trkpt lat="45.621840000000006" lon="6.13961">
    <ele>986.9300000000001</ele>
   </trkpt>
   <trkpt lat="45.621750000000006" lon="6.13937">
    <ele>991.72</ele>
   </trkpt>
   <trkpt lat="45.621570000000006" lon="6.13914">
    <ele>998.77</ele>
   </trkpt>
   <trkpt lat="45.621210000000005" lon="6.138490000000001">
    <ele>1013.1400000000001</ele>
   </trkpt>
   <trkpt lat="45.62111" lon="6.138170000000001">
    <ele>1023.8100000000001</ele>
   </trkpt>
   <trkpt lat="45.621080000000006" lon="6.13797">
    <ele>1030.15</ele>
   </trkpt>
   <trkpt lat="45.621010000000005" lon="6.1376800000000005">
    <ele>1037.41</ele>
   </trkpt>
   <trkpt lat="45.620920000000005" lon="6.13757">
    <ele>1040.18</ele>
   </trkpt>
   <trkpt lat="45.620810000000006" lon="6.13733">
    <ele>1046.7900000000002</ele>
   </trkpt>
   <trkpt lat="45.620630000000006" lon="6.137040000000001">
    <ele>1054.3500000000001</ele>
   </trkpt>
   <trkpt lat="45.62050000000001" lon="6.136730000000001">
    <ele>1057.04</ele>
   </trkpt>
   <trkpt lat="45.620340000000006" lon="6.13642">
    <ele>1066.98</ele>
   </trkpt>
   <trkpt lat="45.62008" lon="6.13604">
    <ele>1080.45</ele>
   </trkpt>
   <trkpt lat="45.619980000000005" lon="6.13576">
    <ele>1089.44</ele>
   </trkpt>
   <trkpt lat="45.619870000000006" lon="6.135610000000001">
    <ele>1093.29</ele>
   </trkpt>
   <trkpt lat="45.61954" lon="6.13532">
    <ele>1105.19</ele>
   </trkpt>
   <trkpt lat="45.6193" lon="6.135160000000001">
    <ele>1108.13</ele>
   </trkpt>
   <trkpt lat="45.61928" lon="6.13513">
    <ele>1110.87</ele>
   </trkpt>
   <trkpt lat="45.619310000000006" lon="6.135090000000001">
    <ele>1110.87</ele>
   </trkpt>
   <trkpt lat="45.619400000000006" lon="6.13508">
    <ele>1116.1000000000001</ele>
   </trkpt>
   <trkpt lat="45.61959" lon="6.1349800000000005">
    <ele>1115.38</ele>
   </trkpt>
   <trkpt lat="45.61974" lon="6.135000000000001">
    <ele>1118.3899999999999</ele>
   </trkpt>
   <trkpt lat="45.61979" lon="6.1349800000000005">
    <ele>1119.3300000000002</ele>
   </trkpt>
   <trkpt lat="45.61981" lon="6.13492">
    <ele>1119.3300000000002</ele>
   </trkpt>
   <trkpt lat="45.61979" lon="6.134860000000001">
    <ele>1122.3899999999999</ele>
   </trkpt>
   <trkpt lat="45.619530000000005" lon="6.134720000000001">
    <ele>1128.47</ele>
   </trkpt>
   <trkpt lat="45.61936" lon="6.134550000000001">
    <ele>1133.93</ele>
   </trkpt>
   <trkpt lat="45.619110000000006" lon="6.1341">
    <ele>1146.86</ele>
   </trkpt>
   <trkpt lat="45.61901" lon="6.13386">
    <ele>1155.0900000000001</ele>
   </trkpt>
   <trkpt lat="45.61876" lon="6.133050000000001">
    <ele>1176.32</ele>
   </trkpt>
   <trkpt lat="45.61862000000001" lon="6.132770000000001">
    <ele>1183.8500000000001</ele>
   </trkpt>
   <trkpt lat="45.61862000000001" lon="6.13274">
    <ele>1183.8500000000001</ele>
   </trkpt>
   <trkpt lat="45.61862000000001" lon="6.132720000000001">
    <ele>1183.8500000000001</ele>
   </trkpt>
   <trkpt lat="45.61871000000001" lon="6.132720000000001">
    <ele>1185.6100000000001</ele>
   </trkpt>
   <trkpt lat="45.619020000000006" lon="6.13292">
    <ele>1192.02</ele>
   </trkpt>
   <trkpt lat="45.61936" lon="6.13311">
    <ele>1198.66</ele>
   </trkpt>
   <trkpt lat="45.61939" lon="6.13311">
    <ele>1200.67</ele>
   </trkpt>
   <trkpt lat="45.61939" lon="6.13306">
    <ele>1200.67</ele>
   </trkpt>
   <trkpt lat="45.619350000000004" lon="6.1330100000000005">
    <ele>1200.67</ele>
   </trkpt>
   <trkpt lat="45.61905" lon="6.13245">
    <ele>1212.8000000000002</ele>
   </trkpt>
   <trkpt lat="45.619020000000006" lon="6.13238">
    <ele>1212.8000000000002</ele>
   </trkpt>
   <trkpt lat="45.61903" lon="6.1323300000000005">
    <ele>1212.8000000000002</ele>
   </trkpt>
   <trkpt lat="45.619060000000005" lon="6.132320000000001">
    <ele>1218.2</ele>
   </trkpt>
   <trkpt lat="45.61918000000001" lon="6.132420000000001">
    <ele>1220.44</ele>
   </trkpt>
   <trkpt lat="45.61939" lon="6.132490000000001">
    <ele>1222.91</ele>
   </trkpt>
   <trkpt lat="45.61968" lon="6.13255">
    <ele>1234.07</ele>
   </trkpt>
   <trkpt lat="45.61994000000001" lon="6.132490000000001">
    <ele>1240.63</ele>
   </trkpt>
   <trkpt lat="45.6201" lon="6.13238">
    <ele>1242.63</ele>
   </trkpt>
   <trkpt lat="45.620250000000006" lon="6.1323300000000005">
    <ele>1248.55</ele>
   </trkpt>
   <trkpt lat="45.62079000000001" lon="6.13241">
    <ele>1259.32</ele>
   </trkpt>
   <trkpt lat="45.620960000000004" lon="6.1324000000000005">
    <ele>1263.5500000000002</ele>
   </trkpt>
   <trkpt lat="45.621050000000004" lon="6.132350000000001">
    <ele>1265.83</ele>
   </trkpt>
   <trkpt lat="45.62122" lon="6.13229">
    <ele>1269.12</ele>
   </trkpt>
   <trkpt lat="45.621210000000005" lon="6.132230000000001">
    <ele>1271.38</ele>
   </trkpt>
   <trkpt lat="45.62116" lon="6.1321900000000005">
    <ele>1272.5600000000002</ele>
   </trkpt>
   <trkpt lat="45.621140000000004" lon="6.132140000000001">
    <ele>1272.5600000000002</ele>
   </trkpt>
   <trkpt lat="45.621100000000006" lon="6.131830000000001">
    <ele>1280.1</ele>
   </trkpt>
   <trkpt lat="45.62118" lon="6.131970000000001">
    <ele>1278.75</ele>
   </trkpt>
   <trkpt lat="45.621280000000006" lon="6.13203">
    <ele>1278.41</ele>
   </trkpt>
   <trkpt lat="45.621410000000004" lon="6.132040000000001">
    <ele>1279.97</ele>
   </trkpt>
   <trkpt lat="45.62196" lon="6.1319300000000005">
    <ele>1288.81</ele>
   </trkpt>
   <trkpt lat="45.62216" lon="6.132090000000001">
    <ele>1289.8400000000001</ele>
   </trkpt>
   <trkpt lat="45.62254" lon="6.132350000000001">
    <ele>1289.7800000000002</ele>
   </trkpt>
   <trkpt lat="45.62313" lon="6.132610000000001">
    <ele>1296.49</ele>
   </trkpt>
   <trkpt lat="45.62382" lon="6.1330800000000005">
    <ele>1299.65</ele>
   </trkpt>
   <trkpt lat="45.62417000000001" lon="6.13337">
    <ele>1309.01</ele>
   </trkpt>
   <trkpt lat="45.62454" lon="6.13379">
    <ele>1316.47</ele>
   </trkpt>
   <trkpt lat="45.6249450003636" lon="6.134089997811162">
    <ele>1321.65</ele>
   </trkpt>
   <trkpt lat="45.625350000000005" lon="6.134390000000001">
    <ele>1327.0400000000002</ele>
   </trkpt>
   <trkpt lat="45.626110000000004" lon="6.135050000000001">
    <ele>1339.68</ele>
   </trkpt>
   <trkpt lat="45.626540000000006" lon="6.13532">
    <ele>1348.88</ele>
   </trkpt>
   <trkpt lat="45.626920000572795" lon="6.135664997709879">
    <ele>1350.5500000000002</ele>
   </trkpt>
   <trkpt lat="45.627300000000005" lon="6.136010000000001">
    <ele>1352.63</ele>
   </trkpt>
   <trkpt lat="45.627810000000004" lon="6.136270000000001">
    <ele>1352.0500000000002</ele>
   </trkpt>
   <trkpt lat="45.62803" lon="6.1364">
    <ele>1354.3700000000001</ele>
   </trkpt>
   <trkpt lat="45.628330000000005" lon="6.13663">
    <ele>1354.96</ele>
   </trkpt>
   <trkpt lat="45.62881" lon="6.137040000000001">
    <ele>1357.08</ele>
   </trkpt>
   <trkpt lat="45.62942500063632" lon="6.137399996091534">
    <ele>1352.8300000000002</ele>
   </trkpt>
   <trkpt lat="45.63004" lon="6.13776">
    <ele>1343.22</ele>
   </trkpt>
   <trkpt lat="45.630140000000004" lon="6.137840000000001">
    <ele>1342.41</ele>
   </trkpt>
   <trkpt lat="45.630390000000006" lon="6.13818">
    <ele>1343.0700000000002</ele>
   </trkpt>
   <trkpt lat="45.63051" lon="6.138310000000001">
    <ele>1345.01</ele>
   </trkpt>
   <trkpt lat="45.631140000944384" lon="6.138779994702595">
    <ele>1350.66</ele>
   </trkpt>
   <trkpt lat="45.63177" lon="6.1392500000000005">
    <ele>1356.2900000000002</ele>
   </trkpt>
   <trkpt lat="45.631870000000006" lon="6.1393">
    <ele>1356.39</ele>
   </trkpt>
   <trkpt lat="45.632020000000004" lon="6.1393200000000006">
    <ele>1356.2</ele>
   </trkpt>
   <trkpt lat="45.63248499988253" lon="6.1393200000000006">
    <ele>1354.8500000000001</ele>
   </trkpt>
   <trkpt lat="45.63295" lon="6.1393200000000006">
    <ele>1352.98</ele>
   </trkpt>
   <trkpt lat="45.63333" lon="6.139360000000001">
    <ele>1351.0300000000002</ele>
   </trkpt>
   <trkpt lat="45.63400500004342" lon="6.13952499799422">
    <ele>1346.4600000000003</ele>
   </trkpt>
   <trkpt lat="45.63468" lon="6.139690000000001">
    <ele>1343.7400000000002</ele>
   </trkpt>
   <trkpt lat="45.63494" lon="6.139570000000001">
    <ele>1343.23</ele>
   </trkpt>
   <trkpt lat="45.6351" lon="6.13947">
    <ele>1344.0200000000002</ele>
   </trkpt>
   <trkpt lat="45.63561000000001" lon="6.13895">
    <ele>1346.96</ele>
   </trkpt>
   <trkpt lat="45.63608000000001" lon="6.138540000000001">
    <ele>1356.0400000000002</ele>
   </trkpt>
   <trkpt lat="45.636300000000006" lon="6.1382900000000005">
    <ele>1361.0300000000002</ele>
   </trkpt>
   <trkpt lat="45.63646000000001" lon="6.138000000000001">
    <ele>1365.0300000000002</ele>
   </trkpt>
   <trkpt lat="45.636810000000004" lon="6.13754">
    <ele>1374.42</ele>
   </trkpt>
   <trkpt lat="45.63691" lon="6.13733">
    <ele>1377.99</ele>
   </trkpt>
   <trkpt lat="45.637370000000004" lon="6.136830000000001">
    <ele>1388.3500000000001</ele>
   </trkpt>
   <trkpt lat="45.637550000000005" lon="6.13654">
    <ele>1387.78</ele>
   </trkpt>
   <trkpt lat="45.63785" lon="6.136410000000001">
    <ele>1387.92</ele>
   </trkpt>
   <trkpt lat="45.637930000000004" lon="6.136410000000001">
    <ele>1388.8400000000001</ele>
   </trkpt>
   <trkpt lat="45.63792" lon="6.13635">
    <ele>1389.93</ele>
   </trkpt>
   <trkpt lat="45.63797" lon="6.13623">
    <ele>1391.93</ele>
   </trkpt>
   <trkpt lat="45.638090000000005" lon="6.13611">
    <ele>1395.78</ele>
   </trkpt>
   <trkpt lat="45.63814000000001" lon="6.135980000000001">
    <ele>1398.05</ele>
   </trkpt>
   <trkpt lat="45.63794" lon="6.13541">
    <ele>1397.41</ele>
   </trkpt>
   <trkpt lat="45.63784500171986" lon="6.134769998464187">
    <ele>1397.58</ele>
   </trkpt>
   <trkpt lat="45.637750000000004" lon="6.134130000000001">
    <ele>1398.22</ele>
   </trkpt>
   <trkpt lat="45.63777" lon="6.134010000000001">
    <ele>1397.93</ele>
   </trkpt>
   <trkpt lat="45.637820000000005" lon="6.133900000000001">
    <ele>1397.14</ele>
   </trkpt>
   <trkpt lat="45.637980000000006" lon="6.133640000000001">
    <ele>1394.1100000000001</ele>
   </trkpt>
   <trkpt lat="45.63806" lon="6.133330000000001">
    <ele>1393.55</ele>
   </trkpt>
   <trkpt lat="45.63811000224209" lon="6.132615000466317">
    <ele>1403.7400000000002</ele>
   </trkpt>
   <trkpt lat="45.638160000000006" lon="6.131900000000001">
    <ele>1417.42</ele>
   </trkpt>
   <trkpt lat="45.63805000000001" lon="6.131710000000001">
    <ele>1422.1000000000001</ele>
   </trkpt>
   <trkpt lat="45.6381" lon="6.13128">
    <ele>1429.7000000000003</ele>
   </trkpt>
   <trkpt lat="45.63805000000001" lon="6.131">
    <ele>1433.1299999999999</ele>
   </trkpt>
   <trkpt lat="45.63792" lon="6.130770000000001">
    <ele>1438.02</ele>
   </trkpt>
   <trkpt lat="45.63796000000001" lon="6.13048">
    <ele>1444.5700000000002</ele>
   </trkpt>
   <trkpt lat="45.63792" lon="6.13039">
    <ele>1444.5700000000002</ele>
   </trkpt>
   <trkpt lat="45.63803" lon="6.1298200000000005">
    <ele>1457.72</ele>
   </trkpt>
   <trkpt lat="45.63801" lon="6.12969">
    <ele>1458.97</ele>
   </trkpt>
   <trkpt lat="45.638110000000005" lon="6.128950000000001">
    <ele>1469.7600000000002</ele>
   </trkpt>
   <trkpt lat="45.638220000000004" lon="6.128550000000001">
    <ele>1474.79</ele>
   </trkpt>
   <trkpt lat="45.638540000000006" lon="6.128010000000001">
    <ele>1487.5200000000002</ele>
   </trkpt>
   <trkpt lat="45.63881000000001" lon="6.127750000000001">
    <ele>1492.31</ele>
   </trkpt>
   <trkpt lat="45.63952500110767" lon="6.127255006289748">
    <ele>1520.91</ele>
   </trkpt>
   <trkpt lat="45.640240000000006" lon="6.126760000000001">
    <ele>1545.43</ele>
   </trkpt>
   <trkpt lat="45.64027" lon="6.12666">
    <ele>1545.43</ele>
   </trkpt>
   <trkpt lat="45.640440000000005" lon="6.12649">
    <ele>1557.6000000000001</ele>
   </trkpt>
   <trkpt lat="45.640550000000005" lon="6.1262300000000005">
    <ele>1563.52</ele>
   </trkpt>
   <trkpt lat="45.64054" lon="6.12607">
    <ele>1568.19</ele>
   </trkpt>
   <trkpt lat="45.640890000000006" lon="6.12605">
    <ele>1574.75</ele>
   </trkpt>
   <trkpt lat="45.641070000000006" lon="6.125900000000001">
    <ele>1580.72</ele>
   </trkpt>
   <trkpt lat="45.64094" lon="6.12572">
    <ele>1586.8300000000002</ele>
   </trkpt>
   <trkpt lat="45.64077" lon="6.125360000000001">
    <ele>1594.3600000000001</ele>
   </trkpt>
   <trkpt lat="45.640710000000006" lon="6.12506">
    <ele>1599.96</ele>
   </trkpt>
   <trkpt lat="45.64056" lon="6.124820000000001">
    <ele>1607.39</ele>
   </trkpt>
   <trkpt lat="45.640350000000005" lon="6.1247300000000005">
    <ele>1612.3</ele>
   </trkpt>
   <trkpt lat="45.640190000000004" lon="6.124600000000001">
    <ele>1617.69</ele>
   </trkpt>
   <trkpt lat="45.639950000000006" lon="6.12445">
    <ele>1620.7</ele>
   </trkpt>
   <trkpt lat="45.63993000000001" lon="6.124420000000001">
    <ele>1620.7900000000002</ele>
   </trkpt>
   <trkpt lat="45.63991" lon="6.1241">
    <ele>1618.6</ele>
   </trkpt>
   <trkpt lat="45.63993000000001" lon="6.12403">
    <ele>1617.89</ele>
   </trkpt>
   <trkpt lat="45.63991" lon="6.123880000000001">
    <ele>1616.21</ele>
   </trkpt>
   <trkpt lat="45.63991" lon="6.12316">
    <ele>1609.9</ele>
   </trkpt>
   <trkpt lat="45.63993000000001" lon="6.122870000000001">
    <ele>1608.17</ele>
   </trkpt>
   <trkpt lat="45.639990000000004" lon="6.12262">
    <ele>1607.5900000000001</ele>
   </trkpt>
   <trkpt lat="45.639970000000005" lon="6.122520000000001">
    <ele>1607.6000000000001</ele>
   </trkpt>
   <trkpt lat="45.639880000000005" lon="6.12239">
    <ele>1608.4600000000003</ele>
   </trkpt>
   <trkpt lat="45.63983" lon="6.12225">
    <ele>1608.9700000000003</ele>
   </trkpt>
   <trkpt lat="45.63962" lon="6.121530000000001">
    <ele>1614.69</ele>
   </trkpt>
   <trkpt lat="45.63965" lon="6.1213500000000005">
    <ele>1615.96</ele>
   </trkpt>
   <trkpt lat="45.639610000000005" lon="6.12119">
    <ele>1618.03</ele>
   </trkpt>
   <trkpt lat="45.63962" lon="6.12108">
    <ele>1618.03</ele>
   </trkpt>
   <trkpt lat="45.639570000000006" lon="6.12101">
    <ele>1618.99</ele>
   </trkpt>
   <trkpt lat="45.63955000000001" lon="6.12091">
    <ele>1619.43</ele>
   </trkpt>
   <trkpt lat="45.639500000000005" lon="6.12084">
    <ele>1620.69</ele>
   </trkpt>
   <trkpt lat="45.639480000000006" lon="6.12075">
    <ele>1621.2000000000003</ele>
   </trkpt>
   <trkpt lat="45.639390000000006" lon="6.12063">
    <ele>1623.4100000000003</ele>
   </trkpt>
   <trkpt lat="45.63935" lon="6.1205300000000005">
    <ele>1626.3400000000001</ele>
   </trkpt>
   <trkpt lat="45.63927" lon="6.12044">
    <ele>1627.21</ele>
   </trkpt>
   <trkpt lat="45.63924" lon="6.12032">
    <ele>1627.9800000000002</ele>
   </trkpt>
   <trkpt lat="45.63909" lon="6.1204">
    <ele>1631.0200000000002</ele>
   </trkpt>
   <trkpt lat="45.63895" lon="6.12037">
    <ele>1635.18</ele>
   </trkpt>
   <trkpt lat="45.63886" lon="6.120380000000001">
    <ele>1637.42</ele>
   </trkpt>
   <trkpt lat="45.63868" lon="6.12032">
    <ele>1642.3700000000001</ele>
   </trkpt>
   <trkpt lat="45.638470000000005" lon="6.120010000000001">
    <ele>1647.67</ele>
   </trkpt>
   <trkpt lat="45.63841" lon="6.11983">
    <ele>1648.7600000000002</ele>
   </trkpt>
   <trkpt lat="45.638400000000004" lon="6.119680000000001">
    <ele>1650.8200000000002</ele>
   </trkpt>
   <trkpt lat="45.63846" lon="6.119260000000001">
    <ele>1654.46</ele>
   </trkpt>
   <trkpt lat="45.63852000000001" lon="6.11941">
    <ele>1656.1100000000001</ele>
   </trkpt>
   <trkpt lat="45.63857" lon="6.11936">
    <ele>1656.77</ele>
   </trkpt>
   <trkpt lat="45.6385" lon="6.119140000000001">
    <ele>1657.5400000000002</ele>
   </trkpt>
   <trkpt lat="45.6385" lon="6.119000000000001">
    <ele>1658.2</ele>
   </trkpt>
   <trkpt lat="45.638580000000005" lon="6.118060000000001">
    <ele>1660.7600000000002</ele>
   </trkpt>
   <trkpt lat="45.63874500194635" lon="6.1173950018886805">
    <ele>1662.38</ele>
   </trkpt>
   <trkpt lat="45.63891" lon="6.1167300000000004">
    <ele>1665.44</ele>
   </trkpt>
   <trkpt lat="45.63897" lon="6.11591">
    <ele>1669.5300000000002</ele>
   </trkpt>
   <trkpt lat="45.638940000000005" lon="6.115150000000001">
    <ele>1678.53</ele>
   </trkpt>
   <trkpt lat="45.638650000000005" lon="6.114490000000001">
    <ele>1686.42</ele>
   </trkpt>
   <trkpt lat="45.638630000000006" lon="6.11439">
    <ele>1688.6900000000003</ele>
   </trkpt>
   <trkpt lat="45.638630000000006" lon="6.11437">
    <ele>1688.6900000000003</ele>
   </trkpt>
   <trkpt lat="45.639100000000006" lon="6.1146">
    <ele>1706.53</ele>
   </trkpt>
   <trkpt lat="45.639630000000004" lon="6.114820000000001">
    <ele>1731.7300000000002</ele>
   </trkpt>
   <trkpt lat="45.63974" lon="6.114990000000001">
    <ele>1736.49</ele>
   </trkpt>
   <trkpt lat="45.63991" lon="6.115080000000001">
    <ele>1749.1000000000001</ele>
   </trkpt>
   <trkpt lat="45.640100000000004" lon="6.115">
    <ele>1760.58</ele>
   </trkpt>
   <trkpt lat="45.640080000000005" lon="6.11512">
    <ele>1762.8700000000001</ele>
   </trkpt>
   <trkpt lat="45.64016" lon="6.115150000000001">
    <ele>1774.85</ele>
   </trkpt>
   <trkpt lat="45.64016" lon="6.115290000000001">
    <ele>1774.85</ele>
   </trkpt>
   <trkpt lat="45.640370000000004" lon="6.1153">
    <ele>1786.2700000000002</ele>
   </trkpt>
   <trkpt lat="45.64036" lon="6.11556">
    <ele>1791.4200000000003</ele>
   </trkpt>
   <trkpt lat="45.640510000000006" lon="6.115570000000001">
    <ele>1791.4200000000003</ele>
   </trkpt>
   <trkpt lat="45.640510000000006" lon="6.1156500000000005">
    <ele>1820.66</ele>
   </trkpt>
   <trkpt lat="45.64067000000001" lon="6.115760000000001">
    <ele>1820.66</ele>
   </trkpt>
   <trkpt lat="45.64074" lon="6.11591">
    <ele>1825.76</ele>
   </trkpt>
   <trkpt lat="45.641020000000005" lon="6.11608">
    <ele>1839.88</ele>
   </trkpt>
   <trkpt lat="45.641200000000005" lon="6.116320000000001">
    <ele>1852.41</ele>
   </trkpt>
   <trkpt lat="45.64171" lon="6.116750000000001">
    <ele>1878.3400000000001</ele>
   </trkpt>
   <trkpt lat="45.64175" lon="6.11683">
    <ele>1878.3400000000001</ele>
   </trkpt>
   <trkpt lat="45.641670000000005" lon="6.11695">
    <ele>1888.1900000000003</ele>
   </trkpt>
   <trkpt lat="45.64184" lon="6.117240000000001">
    <ele>1902.5500000000002</ele>
   </trkpt>
   <trkpt lat="45.642050000000005" lon="6.11746">
    <ele>1915.0200000000002</ele>
   </trkpt>
   <trkpt lat="45.64275000000001" lon="6.117990000000001">
    <ele>1949.48</ele>
   </trkpt>
   <trkpt lat="45.642830000000004" lon="6.117970000000001">
    <ele>1953.3500000000001</ele>
   </trkpt>
   <trkpt lat="45.642860000000006" lon="6.11803">
    <ele>1953.3500000000001</ele>
   </trkpt>
   <trkpt lat="45.64311000000001" lon="6.118180000000001">
    <ele>1964.9600000000003</ele>
   </trkpt>
   <trkpt lat="45.64363" lon="6.118320000000001">
    <ele>1976.32</ele>
   </trkpt>
   <trkpt lat="45.64378000000001" lon="6.11856">
    <ele>1981.6000000000001</ele>
   </trkpt>
   <trkpt lat="45.64394" lon="6.118650000000001">
    <ele>1989.14</ele>
   </trkpt>
   <trkpt lat="45.644450000000006" lon="6.1192400000000005">
    <ele>2010.13</ele>
   </trkpt>
   <trkpt lat="45.64394" lon="6.118650000000001">
    <ele>1989.14</ele>
   </trkpt>
   <trkpt lat="45.64378000000001" lon="6.11856">
    <ele>1981.6000000000001</ele>
   </trkpt>
   <trkpt lat="45.64363" lon="6.118320000000001">
    <ele>1976.32</ele>
   </trkpt>
   <trkpt lat="45.64311000000001" lon="6.118180000000001">
    <ele>1964.9600000000003</ele>
   </trkpt>
   <trkpt lat="45.642860000000006" lon="6.11803">
    <ele>1955.19</ele>
   </trkpt>
   <trkpt lat="45.642830000000004" lon="6.117970000000001">
    <ele>1953.3500000000001</ele>
   </trkpt>
   <trkpt lat="45.64275000000001" lon="6.117990000000001">
    <ele>1949.48</ele>
   </trkpt>
   <trkpt lat="45.642050000000005" lon="6.11746">
    <ele>1915.0200000000002</ele>
   </trkpt>
   <trkpt lat="45.64184" lon="6.117240000000001">
    <ele>1902.5500000000002</ele>
   </trkpt>
   <trkpt lat="45.641670000000005" lon="6.11695">
    <ele>1888.1900000000003</ele>
   </trkpt>
   <trkpt lat="45.64175" lon="6.11683">
    <ele>1878.3400000000001</ele>
   </trkpt>
   <trkpt lat="45.64171" lon="6.116750000000001">
    <ele>1878.3400000000001</ele>
   </trkpt>
   <trkpt lat="45.641200000000005" lon="6.116320000000001">
    <ele>1852.41</ele>
   </trkpt>
   <trkpt lat="45.641020000000005" lon="6.11608">
    <ele>1839.88</ele>
   </trkpt>
   <trkpt lat="45.64074" lon="6.11591">
    <ele>1825.76</ele>
   </trkpt>
   <trkpt lat="45.64067000000001" lon="6.115760000000001">
    <ele>1820.66</ele>
   </trkpt>
   <trkpt lat="45.640510000000006" lon="6.1156500000000005">
    <ele>1820.66</ele>
   </trkpt>
   <trkpt lat="45.640510000000006" lon="6.115570000000001">
    <ele>1791.4200000000003</ele>
   </trkpt>
   <trkpt lat="45.64036" lon="6.11556">
    <ele>1791.4200000000003</ele>
   </trkpt>
   <trkpt lat="45.640370000000004" lon="6.1153">
    <ele>1786.2700000000002</ele>
   </trkpt>
   <trkpt lat="45.64016" lon="6.115290000000001">
    <ele>1774.85</ele>
   </trkpt>
   <trkpt lat="45.64016" lon="6.115150000000001">
    <ele>1774.85</ele>
   </trkpt>
   <trkpt lat="45.640080000000005" lon="6.11512">
    <ele>1762.8700000000001</ele>
   </trkpt>
   <trkpt lat="45.640100000000004" lon="6.115">
    <ele>1760.58</ele>
   </trkpt>
   <trkpt lat="45.63991" lon="6.115080000000001">
    <ele>1749.1000000000001</ele>
   </trkpt>
   <trkpt lat="45.63974" lon="6.114990000000001">
    <ele>1736.49</ele>
   </trkpt>
   <trkpt lat="45.639630000000004" lon="6.114820000000001">
    <ele>1731.7300000000002</ele>
   </trkpt>
   <trkpt lat="45.639100000000006" lon="6.1146">
    <ele>1706.53</ele>
   </trkpt>
   <trkpt lat="45.638630000000006" lon="6.1143600000000005">
    <ele>1688.9</ele>
   </trkpt>
   <trkpt lat="45.638650000000005" lon="6.114490000000001">
    <ele>1686.42</ele>
   </trkpt>
   <trkpt lat="45.638940000000005" lon="6.115150000000001">
    <ele>1678.53</ele>
   </trkpt>
   <trkpt lat="45.63897" lon="6.11591">
    <ele>1669.5300000000002</ele>
   </trkpt>
   <trkpt lat="45.63891" lon="6.1167300000000004">
    <ele>1665.44</ele>
   </trkpt>
   <trkpt lat="45.63874500191184" lon="6.117395002027812">
    <ele>1662.38</ele>
   </trkpt>
   <trkpt lat="45.638580000000005" lon="6.118060000000001">
    <ele>1660.7600000000002</ele>
   </trkpt>
   <trkpt lat="45.6385" lon="6.119000000000001">
    <ele>1658.2</ele>
   </trkpt>
   <trkpt lat="45.6385" lon="6.119140000000001">
    <ele>1657.5400000000002</ele>
   </trkpt>
   <trkpt lat="45.63857" lon="6.11936">
    <ele>1656.77</ele>
   </trkpt>
   <trkpt lat="45.63852000000001" lon="6.11941">
    <ele>1656.46</ele>
   </trkpt>
   <trkpt lat="45.63846" lon="6.119260000000001">
    <ele>1655.2700000000002</ele>
   </trkpt>
   <trkpt lat="45.638400000000004" lon="6.119680000000001">
    <ele>1650.8200000000002</ele>
   </trkpt>
   <trkpt lat="45.63841" lon="6.11983">
    <ele>1648.7600000000002</ele>
   </trkpt>
   <trkpt lat="45.638470000000005" lon="6.120010000000001">
    <ele>1647.67</ele>
   </trkpt>
   <trkpt lat="45.63868" lon="6.12032">
    <ele>1642.3700000000001</ele>
   </trkpt>
   <trkpt lat="45.63886" lon="6.120380000000001">
    <ele>1637.42</ele>
   </trkpt>
   <trkpt lat="45.63895" lon="6.12037">
    <ele>1635.18</ele>
   </trkpt>
   <trkpt lat="45.63909" lon="6.1204">
    <ele>1631.9800000000002</ele>
   </trkpt>
   <trkpt lat="45.63924" lon="6.12032">
    <ele>1629.4</ele>
   </trkpt>
   <trkpt lat="45.63927" lon="6.12044">
    <ele>1627.21</ele>
   </trkpt>
   <trkpt lat="45.63935" lon="6.1205300000000005">
    <ele>1626.3400000000001</ele>
   </trkpt>
   <trkpt lat="45.639390000000006" lon="6.12063">
    <ele>1623.4100000000003</ele>
   </trkpt>
   <trkpt lat="45.639480000000006" lon="6.12075">
    <ele>1621.2000000000003</ele>
   </trkpt>
   <trkpt lat="45.639500000000005" lon="6.12084">
    <ele>1620.69</ele>
   </trkpt>
   <trkpt lat="45.63955000000001" lon="6.12091">
    <ele>1620.2500000000002</ele>
   </trkpt>
   <trkpt lat="45.639570000000006" lon="6.12101">
    <ele>1619.43</ele>
   </trkpt>
   <trkpt lat="45.63962" lon="6.12108">
    <ele>1618.99</ele>
   </trkpt>
   <trkpt lat="45.639610000000005" lon="6.12119">
    <ele>1618.03</ele>
   </trkpt>
   <trkpt lat="45.63965" lon="6.1213500000000005">
    <ele>1615.96</ele>
   </trkpt>
   <trkpt lat="45.63962" lon="6.121530000000001">
    <ele>1615.0600000000002</ele>
   </trkpt>
   <trkpt lat="45.63983" lon="6.12225">
    <ele>1610.7000000000003</ele>
   </trkpt>
   <trkpt lat="45.639880000000005" lon="6.12239">
    <ele>1608.4600000000003</ele>
   </trkpt>
   <trkpt lat="45.639970000000005" lon="6.122520000000001">
    <ele>1607.6000000000001</ele>
   </trkpt>
   <trkpt lat="45.639990000000004" lon="6.12262">
    <ele>1607.55</ele>
   </trkpt>
   <trkpt lat="45.63993000000001" lon="6.122870000000001">
    <ele>1607.96</ele>
   </trkpt>
   <trkpt lat="45.63991" lon="6.12316">
    <ele>1609.9</ele>
   </trkpt>
   <trkpt lat="45.63991" lon="6.123880000000001">
    <ele>1616.21</ele>
   </trkpt>
   <trkpt lat="45.63993000000001" lon="6.12403">
    <ele>1617.45</ele>
   </trkpt>
   <trkpt lat="45.63991" lon="6.1241">
    <ele>1618.6</ele>
   </trkpt>
   <trkpt lat="45.63993000000001" lon="6.124420000000001">
    <ele>1620.7900000000002</ele>
   </trkpt>
   <trkpt lat="45.639950000000006" lon="6.12445">
    <ele>1620.7900000000002</ele>
   </trkpt>
   <trkpt lat="45.640190000000004" lon="6.124600000000001">
    <ele>1617.69</ele>
   </trkpt>
   <trkpt lat="45.640350000000005" lon="6.1247300000000005">
    <ele>1612.3</ele>
   </trkpt>
   <trkpt lat="45.64056" lon="6.124820000000001">
    <ele>1607.39</ele>
   </trkpt>
   <trkpt lat="45.640710000000006" lon="6.12506">
    <ele>1601.11</ele>
   </trkpt>
   <trkpt lat="45.64077" lon="6.125360000000001">
    <ele>1596.67</ele>
   </trkpt>
   <trkpt lat="45.64094" lon="6.12572">
    <ele>1586.8300000000002</ele>
   </trkpt>
   <trkpt lat="45.641070000000006" lon="6.125900000000001">
    <ele>1580.72</ele>
   </trkpt>
   <trkpt lat="45.640890000000006" lon="6.12605">
    <ele>1574.75</ele>
   </trkpt>
   <trkpt lat="45.64054" lon="6.12607">
    <ele>1568.19</ele>
   </trkpt>
   <trkpt lat="45.640550000000005" lon="6.1262300000000005">
    <ele>1565.92</ele>
   </trkpt>
   <trkpt lat="45.640440000000005" lon="6.12649">
    <ele>1559.25</ele>
   </trkpt>
   <trkpt lat="45.64027" lon="6.12666">
    <ele>1545.43</ele>
   </trkpt>
   <trkpt lat="45.640240000000006" lon="6.126760000000001">
    <ele>1545.43</ele>
   </trkpt>
   <trkpt lat="45.639525001030066" lon="6.127255006343485">
    <ele>1520.91</ele>
   </trkpt>
   <trkpt lat="45.63881000000001" lon="6.127750000000001">
    <ele>1492.31</ele>
   </trkpt>
   <trkpt lat="45.638540000000006" lon="6.128010000000001">
    <ele>1487.5200000000002</ele>
   </trkpt>
   <trkpt lat="45.638220000000004" lon="6.128550000000001">
    <ele>1474.79</ele>
   </trkpt>
   <trkpt lat="45.638110000000005" lon="6.128950000000001">
    <ele>1470.63</ele>
   </trkpt>
   <trkpt lat="45.63801" lon="6.12969">
    <ele>1458.97</ele>
   </trkpt>
   <trkpt lat="45.63803" lon="6.1298200000000005">
    <ele>1457.72</ele>
   </trkpt>
   <trkpt lat="45.63792" lon="6.13039">
    <ele>1444.5700000000002</ele>
   </trkpt>
   <trkpt lat="45.63796000000001" lon="6.13048">
    <ele>1444.5700000000002</ele>
   </trkpt>
   <trkpt lat="45.63792" lon="6.130770000000001">
    <ele>1438.02</ele>
   </trkpt>
   <trkpt lat="45.63805000000001" lon="6.131">
    <ele>1433.1299999999999</ele>
   </trkpt>
   <trkpt lat="45.6381" lon="6.13128">
    <ele>1429.7000000000003</ele>
   </trkpt>
   <trkpt lat="45.63805000000001" lon="6.131710000000001">
    <ele>1422.1000000000001</ele>
   </trkpt>
   <trkpt lat="45.638160000000006" lon="6.131900000000001">
    <ele>1418.63</ele>
   </trkpt>
   <trkpt lat="45.63811000221807" lon="6.132615000809707">
    <ele>1403.7400000000002</ele>
   </trkpt>
   <trkpt lat="45.63806" lon="6.133330000000001">
    <ele>1393.55</ele>
   </trkpt>
   <trkpt lat="45.637980000000006" lon="6.133640000000001">
    <ele>1394.1100000000001</ele>
   </trkpt>
   <trkpt lat="45.637820000000005" lon="6.133900000000001">
    <ele>1396.6200000000001</ele>
   </trkpt>
   <trkpt lat="45.63777" lon="6.134010000000001">
    <ele>1397.5900000000001</ele>
   </trkpt>
   <trkpt lat="45.637750000000004" lon="6.134130000000001">
    <ele>1398.14</ele>
   </trkpt>
   <trkpt lat="45.63784500185368" lon="6.134769999365707">
    <ele>1397.6200000000001</ele>
   </trkpt>
   <trkpt lat="45.63794" lon="6.13541">
    <ele>1397.41</ele>
   </trkpt>
   <trkpt lat="45.63814000000001" lon="6.135980000000001">
    <ele>1398.05</ele>
   </trkpt>
   <trkpt lat="45.638090000000005" lon="6.13611">
    <ele>1395.78</ele>
   </trkpt>
   <trkpt lat="45.63797" lon="6.13623">
    <ele>1391.93</ele>
   </trkpt>
   <trkpt lat="45.63792" lon="6.13635">
    <ele>1389.93</ele>
   </trkpt>
   <trkpt lat="45.637950000000004" lon="6.1367">
    <ele>1387.3700000000001</ele>
   </trkpt>
   <trkpt lat="45.638090000000005" lon="6.13703">
    <ele>1383.82</ele>
   </trkpt>
   <trkpt lat="45.63844" lon="6.13757">
    <ele>1388.8</ele>
   </trkpt>
   <trkpt lat="45.63781" lon="6.138170000000001">
    <ele>1374.06</ele>
   </trkpt>
   <trkpt lat="45.63792" lon="6.138470000000001">
    <ele>1370.16</ele>
   </trkpt>
   <trkpt lat="45.63832500221386" lon="6.139184994803427">
    <ele>1358.7300000000002</ele>
   </trkpt>
   <trkpt lat="45.63873" lon="6.139900000000001">
    <ele>1345.0600000000002</ele>
   </trkpt>
   <trkpt lat="45.63902" lon="6.14078">
    <ele>1334.3100000000002</ele>
   </trkpt>
   <trkpt lat="45.6392" lon="6.14144">
    <ele>1324.5</ele>
   </trkpt>
   <trkpt lat="45.639570000000006" lon="6.14198">
    <ele>1314.2</ele>
   </trkpt>
   <trkpt lat="45.63949" lon="6.14212">
    <ele>1312.24</ele>
   </trkpt>
   <trkpt lat="45.63936" lon="6.14268">
    <ele>1306.3500000000001</ele>
   </trkpt>
   <trkpt lat="45.63969" lon="6.14318">
    <ele>1299.49</ele>
   </trkpt>
   <trkpt lat="45.63996" lon="6.143870000000001">
    <ele>1283.1800000000003</ele>
   </trkpt>
   <trkpt lat="45.64011500263223" lon="6.1446499977327464">
    <ele>1271.3400000000001</ele>
   </trkpt>
   <trkpt lat="45.64027" lon="6.14543">
    <ele>1262.5700000000002</ele>
   </trkpt>
   <trkpt lat="45.64076" lon="6.1459">
    <ele>1255.5800000000002</ele>
   </trkpt>
   <trkpt lat="45.641330001231545" lon="6.146389995173246">
    <ele>1253.3500000000001</ele>
   </trkpt>
   <trkpt lat="45.64190000000001" lon="6.14688">
    <ele>1247.0400000000002</ele>
   </trkpt>
   <trkpt lat="45.64219000000001" lon="6.14768">
    <ele>1235.03</ele>
   </trkpt>
   <trkpt lat="45.64217000000001" lon="6.147670000000001">
    <ele>1235.03</ele>
   </trkpt>
   <trkpt lat="45.64268500079804" lon="6.148109995915624">
    <ele>1231.03</ele>
   </trkpt>
   <trkpt lat="45.6432" lon="6.14855">
    <ele>1217.45</ele>
   </trkpt>
   <trkpt lat="45.64376500054617" lon="6.148849997055969">
    <ele>1202.0000000000002</ele>
   </trkpt>
   <trkpt lat="45.644330000000004" lon="6.149150000000001">
    <ele>1192.13</ele>
   </trkpt>
   <trkpt lat="45.644745000547005" lon="6.149459997798975">
    <ele>1189.64</ele>
   </trkpt>
   <trkpt lat="45.645160000000004" lon="6.14977">
    <ele>1186.72</ele>
   </trkpt>
   <trkpt lat="45.64591333448182" lon="6.150129990325915">
    <ele>1177.88</ele>
   </trkpt>
   <trkpt lat="45.64666666783298" lon="6.1504899903342585">
    <ele>1166.7800000000002</ele>
   </trkpt>
   <trkpt lat="45.647420000000004" lon="6.15085">
    <ele>1156.8700000000001</ele>
   </trkpt>
   <trkpt lat="45.648193335331264" lon="6.151329986738529">
    <ele>1141.6000000000001</ele>
   </trkpt>
   <trkpt lat="45.64896666865249" lon="6.151809986730758">
    <ele>1126.91</ele>
   </trkpt>
   <trkpt lat="45.64974" lon="6.152290000000001">
    <ele>1118.6200000000001</ele>
   </trkpt>
   <trkpt lat="45.6504725044052" lon="6.152869977246114">
    <ele>1094.73</ele>
   </trkpt>
   <trkpt lat="45.65120500587569" lon="6.153449969662565">
    <ele>1077.66</ele>
   </trkpt>
   <trkpt lat="45.65193750441129" lon="6.154029977250075">
    <ele>1056.7600000000002</ele>
   </trkpt>
   <trkpt lat="45.65267" lon="6.154610000000001">
    <ele>1045.5400000000002</ele>
   </trkpt>
   <trkpt lat="45.65332500087404" lon="6.155059994730571">
    <ele>1026.39</ele>
   </trkpt>
   <trkpt lat="45.653980000000004" lon="6.1555100000000005">
    <ele>1006.96</ele>
   </trkpt>
   <trkpt lat="45.654120000000006" lon="6.15547">
    <ele>1003.3000000000001</ele>
   </trkpt>
   <trkpt lat="45.654250000000005" lon="6.1553700000000005">
    <ele>996.6600000000001</ele>
   </trkpt>
   <trkpt lat="45.654520000000005" lon="6.15446">
    <ele>972.47</ele>
   </trkpt>
   <trkpt lat="45.654560000000004" lon="6.15411">
    <ele>963.98</ele>
   </trkpt>
   <trkpt lat="45.654540000000004" lon="6.15397">
    <ele>959.37</ele>
   </trkpt>
   <trkpt lat="45.654560000000004" lon="6.153860000000001">
    <ele>958.0600000000001</ele>
   </trkpt>
   <trkpt lat="45.654610000000005" lon="6.153790000000001">
    <ele>958.0600000000001</ele>
   </trkpt>
   <trkpt lat="45.65462" lon="6.15369">
    <ele>958.0600000000001</ele>
   </trkpt>
   <trkpt lat="45.654520000000005" lon="6.15329">
    <ele>944.4800000000001</ele>
   </trkpt>
   <trkpt lat="45.654500000000006" lon="6.15312">
    <ele>943.0600000000001</ele>
   </trkpt>
   <trkpt lat="45.65455" lon="6.15296">
    <ele>940.0100000000001</ele>
   </trkpt>
   <trkpt lat="45.65471" lon="6.152800000000001">
    <ele>928.7700000000001</ele>
   </trkpt>
   <trkpt lat="45.65514" lon="6.152570000000001">
    <ele>911.9800000000001</ele>
   </trkpt>
   <trkpt lat="45.65522000000001" lon="6.15242">
    <ele>910.51</ele>
   </trkpt>
   <trkpt lat="45.655350000000006" lon="6.1523200000000005">
    <ele>907.95</ele>
   </trkpt>
   <trkpt lat="45.65551000000001" lon="6.1523200000000005">
    <ele>906.3100000000001</ele>
   </trkpt>
   <trkpt lat="45.65560000000001" lon="6.1523900000000005">
    <ele>902.5600000000001</ele>
   </trkpt>
   <trkpt lat="45.655680000000004" lon="6.152550000000001">
    <ele>900.8000000000001</ele>
   </trkpt>
   <trkpt lat="45.655730000000005" lon="6.152710000000001">
    <ele>897.61</ele>
   </trkpt>
   <trkpt lat="45.65599" lon="6.153250000000001">
    <ele>886.9100000000001</ele>
   </trkpt>
   <trkpt lat="45.656130000000005" lon="6.153740000000001">
    <ele>880.5100000000001</ele>
   </trkpt>
   <trkpt lat="45.65643" lon="6.15399">
    <ele>874.2500000000001</ele>
   </trkpt>
   <trkpt lat="45.656670000000005" lon="6.15427">
    <ele>870.04</ele>
   </trkpt>
   <trkpt lat="45.656850000000006" lon="6.15432">
    <ele>867.3400000000001</ele>
   </trkpt>
   <trkpt lat="45.657320000000006" lon="6.154170000000001">
    <ele>858.4300000000001</ele>
   </trkpt>
   <trkpt lat="45.657520000000005" lon="6.15378">
    <ele>849.5</ele>
   </trkpt>
   <trkpt lat="45.65771" lon="6.15355">
    <ele>845.1400000000001</ele>
   </trkpt>
   <trkpt lat="45.657790000000006" lon="6.1535400000000005">
    <ele>845.1400000000001</ele>
   </trkpt>
   <trkpt lat="45.658030000000004" lon="6.15359">
    <ele>838.3600000000001</ele>
   </trkpt>
   <trkpt lat="45.65816" lon="6.153460000000001">
    <ele>832.5100000000001</ele>
   </trkpt>
   <trkpt lat="45.65827" lon="6.153410000000001">
    <ele>829.09</ele>
   </trkpt>
   <trkpt lat="45.65851000000001" lon="6.153250000000001">
    <ele>820.9300000000001</ele>
   </trkpt>
   <trkpt lat="45.65869000000001" lon="6.1530700000000005">
    <ele>815.3800000000001</ele>
   </trkpt>
   <trkpt lat="45.65872" lon="6.15301">
    <ele>815.3800000000001</ele>
   </trkpt>
   <trkpt lat="45.658680000000004" lon="6.152850000000001">
    <ele>809.74</ele>
   </trkpt>
   <trkpt lat="45.658620000000006" lon="6.15272">
    <ele>809.74</ele>
   </trkpt>
   <trkpt lat="45.65847" lon="6.15249">
    <ele>805.3500000000001</ele>
   </trkpt>
   <trkpt lat="45.65843" lon="6.152380000000001">
    <ele>803.3500000000001</ele>
   </trkpt>
   <trkpt lat="45.65841" lon="6.152240000000001">
    <ele>799.6</ele>
   </trkpt>
   <trkpt lat="45.65845" lon="6.152150000000001">
    <ele>799.6</ele>
   </trkpt>
   <trkpt lat="45.658660000000005" lon="6.15186">
    <ele>792.1300000000001</ele>
   </trkpt>
   <trkpt lat="45.65885" lon="6.15167">
    <ele>789.37</ele>
   </trkpt>
   <trkpt lat="45.65892" lon="6.15165">
    <ele>793.0600000000001</ele>
   </trkpt>
   <trkpt lat="45.65899" lon="6.15167">
    <ele>791.9200000000001</ele>
   </trkpt>
   <trkpt lat="45.65927000000001" lon="6.15164">
    <ele>786.97</ele>
   </trkpt>
   <trkpt lat="45.659600000000005" lon="6.151700000000001">
    <ele>784.8000000000001</ele>
   </trkpt>
   <trkpt lat="45.66001000000001" lon="6.151840000000001">
    <ele>777.51</ele>
   </trkpt>
   <trkpt lat="45.66010000000001" lon="6.151890000000001">
    <ele>776.02</ele>
   </trkpt>
   <trkpt lat="45.660700000000006" lon="6.15235">
    <ele>767.24</ele>
   </trkpt>
   <trkpt lat="45.660920000000004" lon="6.1524600000000005">
    <ele>762.72</ele>
   </trkpt>
   <trkpt lat="45.66147" lon="6.152570000000001">
    <ele>756.17</ele>
   </trkpt>
   <trkpt lat="45.66165" lon="6.152640000000001">
    <ele>753.1000000000001</ele>
   </trkpt>
   <trkpt lat="45.661770000000004" lon="6.152730000000001">
    <ele>751.9200000000001</ele>
   </trkpt>
   <trkpt lat="45.662060000000004" lon="6.153060000000001">
    <ele>747.6700000000001</ele>
   </trkpt>
   <trkpt lat="45.66237" lon="6.15336">
    <ele>743.4000000000001</ele>
   </trkpt>
   <trkpt lat="45.66298000123211" lon="6.153879994379014">
    <ele>736.71</ele>
   </trkpt>
   <trkpt lat="45.663590000000006" lon="6.154400000000001">
    <ele>726.44</ele>
   </trkpt>
   <trkpt lat="45.66377000000001" lon="6.154660000000001">
    <ele>723.69</ele>
   </trkpt>
   <trkpt lat="45.66389" lon="6.154800000000001">
    <ele>722.7600000000001</ele>
   </trkpt>
   <trkpt lat="45.664010000000005" lon="6.1549000000000005">
    <ele>720.3000000000001</ele>
   </trkpt>
   <trkpt lat="45.66445" lon="6.155170000000001">
    <ele>715.99</ele>
   </trkpt>
   <trkpt lat="45.664905000449735" lon="6.15551499714325">
    <ele>710.37</ele>
   </trkpt>
   <trkpt lat="45.66536000000001" lon="6.1558600000000006">
    <ele>705.88</ele>
   </trkpt>
   <trkpt lat="45.66559" lon="6.15599">
    <ele>704.74</ele>
   </trkpt>
   <trkpt lat="45.665670000000006" lon="6.156090000000001">
    <ele>701.84</ele>
   </trkpt>
   <trkpt lat="45.6659" lon="6.15657">
    <ele>698.7</ele>
   </trkpt>
   <trkpt lat="45.66599" lon="6.1566600000000005">
    <ele>698.7</ele>
   </trkpt>
   <trkpt lat="45.66610000000001" lon="6.15669">
    <ele>697.5</ele>
   </trkpt>
   <trkpt lat="45.666470000000004" lon="6.156540000000001">
    <ele>693.69</ele>
   </trkpt>
   <trkpt lat="45.66689" lon="6.156440000000001">
    <ele>688.6300000000001</ele>
   </trkpt>
   <trkpt lat="45.66698" lon="6.1565">
    <ele>688.6300000000001</ele>
   </trkpt>
   <trkpt lat="45.66698" lon="6.156700000000001">
    <ele>688.1100000000001</ele>
   </trkpt>
   <trkpt lat="45.666940000000004" lon="6.156750000000001">
    <ele>688.1100000000001</ele>
   </trkpt>
   <trkpt lat="45.66664" lon="6.15699">
    <ele>687.2900000000001</ele>
   </trkpt>
   <trkpt lat="45.66658" lon="6.15709">
    <ele>687.1600000000001</ele>
   </trkpt>
   <trkpt lat="45.66657000000001" lon="6.157170000000001">
    <ele>687.1</ele>
   </trkpt>
   <trkpt lat="45.66659000000001" lon="6.1573">
    <ele>687.1</ele>
   </trkpt>
   <trkpt lat="45.66687" lon="6.15709">
    <ele>686.7</ele>
   </trkpt>
   <trkpt lat="45.66698" lon="6.157150000000001">
    <ele>687.0500000000001</ele>
   </trkpt>
   <trkpt lat="45.66713" lon="6.1572700000000005">
    <ele>687.44</ele>
   </trkpt>
   <trkpt lat="45.66741500574918" lon="6.158419994065188">
    <ele>689.6000000000001</ele>
   </trkpt>
   <trkpt lat="45.6677" lon="6.15957">
    <ele>694.4800000000001</ele>
   </trkpt>
   <trkpt lat="45.667770000000004" lon="6.160030000000001">
    <ele>695.9000000000001</ele>
   </trkpt>
   <trkpt lat="45.66809000000001" lon="6.16014">
    <ele>700.44</ele>
   </trkpt>
   <trkpt lat="45.66839" lon="6.160380000000001">
    <ele>702.73</ele>
   </trkpt>
   <trkpt lat="45.66854000000001" lon="6.16042">
    <ele>705.5300000000001</ele>
   </trkpt>
   <trkpt lat="45.669230000000006" lon="6.16051">
    <ele>711.95</ele>
   </trkpt>
   <trkpt lat="45.66957" lon="6.160570000000001">
    <ele>714.86</ele>
   </trkpt>
   <trkpt lat="45.669610000000006" lon="6.160710000000001">
    <ele>714.86</ele>
   </trkpt>
   <trkpt lat="45.66977000000001" lon="6.160660000000001">
    <ele>715.9100000000001</ele>
   </trkpt>
   <trkpt lat="45.669900000000005" lon="6.1607">
    <ele>716.8800000000001</ele>
   </trkpt>
   <trkpt lat="45.67016" lon="6.16087">
    <ele>718.2400000000001</ele>
   </trkpt>
   <trkpt lat="45.670350000000006" lon="6.160970000000001">
    <ele>719.95</ele>
   </trkpt>
   <trkpt lat="45.67085" lon="6.160970000000001">
    <ele>724.9300000000001</ele>
   </trkpt>
   <trkpt lat="45.671110000000006" lon="6.16087">
    <ele>727.48</ele>
   </trkpt>
   <trkpt lat="45.671330000000005" lon="6.16084">
    <ele>728.58</ele>
   </trkpt>
   <trkpt lat="45.67148" lon="6.1606000000000005">
    <ele>731.2900000000001</ele>
   </trkpt>
   <trkpt lat="45.67174000000001" lon="6.160290000000001">
    <ele>731.59</ele>
   </trkpt>
   <trkpt lat="45.6721" lon="6.16009">
    <ele>730.1700000000001</ele>
   </trkpt>
   <trkpt lat="45.672290000000004" lon="6.160030000000001">
    <ele>736.63</ele>
   </trkpt>
   <trkpt lat="45.67307" lon="6.160310000000001">
    <ele>746.7</ele>
   </trkpt>
   <trkpt lat="45.673280000000005" lon="6.16033">
    <ele>750.19</ele>
   </trkpt>
   <trkpt lat="45.67338" lon="6.160430000000001">
    <ele>750.77</ele>
   </trkpt>
   <trkpt lat="45.67347" lon="6.1606000000000005">
    <ele>752.2800000000001</ele>
   </trkpt>
   <trkpt lat="45.673570000000005" lon="6.1607400000000005">
    <ele>753.77</ele>
   </trkpt>
   <trkpt lat="45.674060000000004" lon="6.16096">
    <ele>755.2</ele>
   </trkpt>
   <trkpt lat="45.67436000000001" lon="6.16098">
    <ele>754.9</ele>
   </trkpt>
   <trkpt lat="45.674710000000005" lon="6.160950000000001">
    <ele>756.47</ele>
   </trkpt>
   <trkpt lat="45.674910000000004" lon="6.16101">
    <ele>757.97</ele>
   </trkpt>
   <trkpt lat="45.675540000000005" lon="6.160990000000001">
    <ele>764.9300000000001</ele>
   </trkpt>
   <trkpt lat="45.675760000000004" lon="6.160920000000001">
    <ele>767.96</ele>
   </trkpt>
   <trkpt lat="45.676050000000004" lon="6.16091">
    <ele>770.49</ele>
   </trkpt>
   <trkpt lat="45.676590000000004" lon="6.160990000000001">
    <ele>775.72</ele>
   </trkpt>
   <trkpt lat="45.67705" lon="6.161160000000001">
    <ele>785.5500000000001</ele>
   </trkpt>
   <trkpt lat="45.677420000000005" lon="6.16122">
    <ele>791.9</ele>
   </trkpt>
   <trkpt lat="45.677760000000006" lon="6.161410000000001">
    <ele>797.21</ele>
   </trkpt>
   <trkpt lat="45.67801" lon="6.161390000000001">
    <ele>799.9200000000001</ele>
   </trkpt>
   <trkpt lat="45.6781" lon="6.161440000000001">
    <ele>802.2600000000001</ele>
   </trkpt>
   <trkpt lat="45.678160000000005" lon="6.16155">
    <ele>802.2600000000001</ele>
   </trkpt>
   <trkpt lat="45.678250000000006" lon="6.161790000000001">
    <ele>804.76</ele>
   </trkpt>
   <trkpt lat="45.67831" lon="6.161840000000001">
    <ele>805.3100000000001</ele>
   </trkpt>
   <trkpt lat="45.67837" lon="6.16185">
    <ele>805.91</ele>
   </trkpt>
   <trkpt lat="45.678560000000004" lon="6.161700000000001">
    <ele>808.98</ele>
   </trkpt>
   <trkpt lat="45.67871" lon="6.1616800000000005">
    <ele>810.9300000000001</ele>
   </trkpt>
   <trkpt lat="45.67882" lon="6.161810000000001">
    <ele>811.79</ele>
   </trkpt>
   <trkpt lat="45.67927" lon="6.1622200000000005">
    <ele>815.97</ele>
   </trkpt>
   <trkpt lat="45.67970500186984" lon="6.162874994905299">
    <ele>824.8700000000001</ele>
   </trkpt>
   <trkpt lat="45.68014" lon="6.163530000000001">
    <ele>833.0900000000001</ele>
   </trkpt>
   <trkpt lat="45.6803" lon="6.1637200000000005">
    <ele>835.44</ele>
   </trkpt>
   <trkpt lat="45.680350000000004" lon="6.163810000000001">
    <ele>836.3100000000001</ele>
   </trkpt>
   <trkpt lat="45.68045" lon="6.16384">
    <ele>837.86</ele>
   </trkpt>
   <trkpt lat="45.68052" lon="6.163930000000001">
    <ele>837.86</ele>
   </trkpt>
   <trkpt lat="45.680580000000006" lon="6.163970000000001">
    <ele>840.67</ele>
   </trkpt>
   <trkpt lat="45.68075" lon="6.164000000000001">
    <ele>841.2600000000001</ele>
   </trkpt>
   <trkpt lat="45.680910000000004" lon="6.164070000000001">
    <ele>844.1</ele>
   </trkpt>
   <trkpt lat="45.68113" lon="6.1642600000000005">
    <ele>849.9000000000001</ele>
   </trkpt>
   <trkpt lat="45.68146" lon="6.16462">
    <ele>860.89</ele>
   </trkpt>
   <trkpt lat="45.681560000000005" lon="6.164650000000001">
    <ele>861.95</ele>
   </trkpt>
   <trkpt lat="45.68164" lon="6.16464">
    <ele>862.26</ele>
   </trkpt>
   <trkpt lat="45.68179000000001" lon="6.164650000000001">
    <ele>863.2700000000001</ele>
   </trkpt>
   <trkpt lat="45.68189" lon="6.164700000000001">
    <ele>864.4900000000001</ele>
   </trkpt>
   <trkpt lat="45.68202" lon="6.164720000000001">
    <ele>867.8100000000001</ele>
   </trkpt>
   <trkpt lat="45.682100000000005" lon="6.164840000000001">
    <ele>869.2200000000001</ele>
   </trkpt>
   <trkpt lat="45.6822" lon="6.16492">
    <ele>870.07</ele>
   </trkpt>
   <trkpt lat="45.682320000000004" lon="6.16492">
    <ele>871.0000000000001</ele>
   </trkpt>
   <trkpt lat="45.682390000000005" lon="6.16499">
    <ele>871.3700000000001</ele>
   </trkpt>
   <trkpt lat="45.68253000000001" lon="6.16504">
    <ele>872.95</ele>
   </trkpt>
   <trkpt lat="45.68263" lon="6.16502">
    <ele>873.8800000000001</ele>
   </trkpt>
   <trkpt lat="45.68285" lon="6.16516">
    <ele>877.41</ele>
   </trkpt>
   <trkpt lat="45.68292" lon="6.16516">
    <ele>877.9300000000001</ele>
   </trkpt>
   <trkpt lat="45.68307" lon="6.165220000000001">
    <ele>879.3400000000001</ele>
   </trkpt>
   <trkpt lat="45.68314" lon="6.1652000000000005">
    <ele>879.74</ele>
   </trkpt>
   <trkpt lat="45.68321" lon="6.165220000000001">
    <ele>879.74</ele>
   </trkpt>
   <trkpt lat="45.683220000000006" lon="6.165240000000001">
    <ele>879.74</ele>
   </trkpt>
   <trkpt lat="45.68323" lon="6.16525">
    <ele>879.74</ele>
   </trkpt>
   <trkpt lat="45.682520000000004" lon="6.1653400000000005">
    <ele>880.8100000000001</ele>
   </trkpt>
   <trkpt lat="45.682430000000004" lon="6.165290000000001">
    <ele>881.02</ele>
   </trkpt>
   <trkpt lat="45.682120000000005" lon="6.16537">
    <ele>880.5400000000001</ele>
   </trkpt>
   <trkpt lat="45.68207" lon="6.16532">
    <ele>880.5100000000001</ele>
   </trkpt>
   <trkpt lat="45.681960000000004" lon="6.16535">
    <ele>880.65</ele>
   </trkpt>
   <trkpt lat="45.68175" lon="6.16532">
    <ele>881.3000000000001</ele>
   </trkpt>
   <trkpt lat="45.68155" lon="6.165400000000001">
    <ele>882.6</ele>
   </trkpt>
   <trkpt lat="45.681450000000005" lon="6.1655500000000005">
    <ele>883.68</ele>
   </trkpt>
   <trkpt lat="45.681180000000005" lon="6.165540000000001">
    <ele>885.4900000000001</ele>
   </trkpt>
   <trkpt lat="45.68108" lon="6.165590000000001">
    <ele>886.59</ele>
   </trkpt>
   <trkpt lat="45.681020000000004" lon="6.16586">
    <ele>887.36</ele>
   </trkpt>
   <trkpt lat="45.680890000000005" lon="6.165970000000001">
    <ele>887.72</ele>
   </trkpt>
   <trkpt lat="45.68068" lon="6.166320000000001">
    <ele>887.7800000000001</ele>
   </trkpt>
   <trkpt lat="45.68039" lon="6.1666300000000005">
    <ele>887.36</ele>
   </trkpt>
   <trkpt lat="45.680200000000006" lon="6.166900000000001">
    <ele>887.58</ele>
   </trkpt>
   <trkpt lat="45.679840000000006" lon="6.167300000000001">
    <ele>889.62</ele>
   </trkpt>
   <trkpt lat="45.67992" lon="6.167440000000001">
    <ele>891.4200000000001</ele>
   </trkpt>
   <trkpt lat="45.68009000000001" lon="6.16821">
    <ele>902.3100000000001</ele>
   </trkpt>
   <trkpt lat="45.680330000000005" lon="6.1688">
    <ele>920.54</ele>
   </trkpt>
   <trkpt lat="45.680460000000004" lon="6.168760000000001">
    <ele>922.3800000000001</ele>
   </trkpt>
   <trkpt lat="45.680670000000006" lon="6.16879">
    <ele>923.9300000000001</ele>
   </trkpt>
   <trkpt lat="45.68113" lon="6.168990000000001">
    <ele>926.42</ele>
   </trkpt>
   <trkpt lat="45.68133" lon="6.169060000000001">
    <ele>927.2300000000001</ele>
   </trkpt>
   <trkpt lat="45.681560000000005" lon="6.169090000000001">
    <ele>927.82</ele>
   </trkpt>
   <trkpt lat="45.681830000000005" lon="6.16908">
    <ele>928.9000000000001</ele>
   </trkpt>
   <trkpt lat="45.68234" lon="6.168830000000001">
    <ele>930.8100000000001</ele>
   </trkpt>
   <trkpt lat="45.682320000000004" lon="6.168990000000001">
    <ele>931.97</ele>
   </trkpt>
   <trkpt lat="45.6822" lon="6.169340000000001">
    <ele>935.7800000000001</ele>
   </trkpt>
   <trkpt lat="45.682230000000004" lon="6.1695400000000005">
    <ele>937.5500000000001</ele>
   </trkpt>
   <trkpt lat="45.68227" lon="6.169670000000001">
    <ele>939.85</ele>
   </trkpt>
   <trkpt lat="45.68216" lon="6.169840000000001">
    <ele>941.0100000000001</ele>
   </trkpt>
   <trkpt lat="45.68207" lon="6.170050000000001">
    <ele>944.0500000000001</ele>
   </trkpt>
   <trkpt lat="45.682010000000005" lon="6.170280000000001">
    <ele>948.4000000000001</ele>
   </trkpt>
   <trkpt lat="45.681900000000006" lon="6.1704300000000005">
    <ele>948.4000000000001</ele>
   </trkpt>
   <trkpt lat="45.681670000000004" lon="6.170560000000001">
    <ele>952.52</ele>
   </trkpt>
   <trkpt lat="45.68139" lon="6.170610000000001">
    <ele>956.9200000000001</ele>
   </trkpt>
   <trkpt lat="45.68133" lon="6.170660000000001">
    <ele>956.9200000000001</ele>
   </trkpt>
   <trkpt lat="45.68115" lon="6.170990000000001">
    <ele>962.47</ele>
   </trkpt>
   <trkpt lat="45.680890000000005" lon="6.1713000000000005">
    <ele>965.3800000000001</ele>
   </trkpt>
   <trkpt lat="45.68076000000001" lon="6.1715100000000005">
    <ele>967.8100000000001</ele>
   </trkpt>
   <trkpt lat="45.680670000000006" lon="6.17175">
    <ele>970.37</ele>
   </trkpt>
   <trkpt lat="45.680600000000005" lon="6.17208">
    <ele>974.2100000000002</ele>
   </trkpt>
   <trkpt lat="45.68063" lon="6.1724000000000006">
    <ele>980.3600000000001</ele>
   </trkpt>
   <trkpt lat="45.680580000000006" lon="6.1726600000000005">
    <ele>986.13</ele>
   </trkpt>
   <trkpt lat="45.68057" lon="6.17281">
    <ele>987.01</ele>
   </trkpt>
   <trkpt lat="45.680600000000005" lon="6.17299">
    <ele>989.33</ele>
   </trkpt>
   <trkpt lat="45.680640000000004" lon="6.173070000000001">
    <ele>990.65</ele>
   </trkpt>
   <trkpt lat="45.680710000000005" lon="6.173070000000001">
    <ele>990.65</ele>
   </trkpt>
   <trkpt lat="45.680780000000006" lon="6.17299">
    <ele>994.7800000000001</ele>
   </trkpt>
   <trkpt lat="45.68088" lon="6.172820000000001">
    <ele>995.5500000000001</ele>
   </trkpt>
   <trkpt lat="45.680930000000004" lon="6.17281">
    <ele>996.3600000000001</ele>
   </trkpt>
   <trkpt lat="45.680960000000006" lon="6.172860000000001">
    <ele>996.3600000000001</ele>
   </trkpt>
   <trkpt lat="45.680960000000006" lon="6.17335">
    <ele>1003.1000000000001</ele>
   </trkpt>
   <trkpt lat="45.68094000000001" lon="6.173470000000001">
    <ele>1004.8700000000001</ele>
   </trkpt>
   <trkpt lat="45.680780000000006" lon="6.17372">
    <ele>1009.6500000000001</ele>
   </trkpt>
   <trkpt lat="45.68075" lon="6.1738100000000005">
    <ele>1013.9500000000002</ele>
   </trkpt>
   <trkpt lat="45.680730000000004" lon="6.17396">
    <ele>1014.98</ele>
   </trkpt>
   <trkpt lat="45.680820000000004" lon="6.1740900000000005">
    <ele>1017.7800000000001</ele>
   </trkpt>
   <trkpt lat="45.680890000000005" lon="6.17405">
    <ele>1018.64</ele>
   </trkpt>
   <trkpt lat="45.68103000000001" lon="6.174130000000001">
    <ele>1021.1000000000001</ele>
   </trkpt>
   <trkpt lat="45.6811" lon="6.1742300000000006">
    <ele>1022.81</ele>
   </trkpt>
   <trkpt lat="45.680980000000005" lon="6.1745">
    <ele>1027.25</ele>
   </trkpt>
   <trkpt lat="45.68097" lon="6.1748400000000006">
    <ele>1032.72</ele>
   </trkpt>
   <trkpt lat="45.681000000000004" lon="6.17501">
    <ele>1035.17</ele>
   </trkpt>
   <trkpt lat="45.68112000000001" lon="6.1752">
    <ele>1038.8000000000002</ele>
   </trkpt>
   <trkpt lat="45.681430000000006" lon="6.17555">
    <ele>1045.8</ele>
   </trkpt>
   <trkpt lat="45.68155" lon="6.175750000000001">
    <ele>1050.17</ele>
   </trkpt>
   <trkpt lat="45.681650000000005" lon="6.176">
    <ele>1053.26</ele>
   </trkpt>
   <trkpt lat="45.681740000000005" lon="6.1766000000000005">
    <ele>1065.6000000000001</ele>
   </trkpt>
   <trkpt lat="45.68173" lon="6.176690000000001">
    <ele>1065.7</ele>
   </trkpt>
   <trkpt lat="45.681720000000006" lon="6.17687">
    <ele>1065.7</ele>
   </trkpt>
   <trkpt lat="45.681670000000004" lon="6.17701">
    <ele>1065.45</ele>
   </trkpt>
   <trkpt lat="45.68157" lon="6.177130000000001">
    <ele>1069.48</ele>
   </trkpt>
   <trkpt lat="45.68153" lon="6.177250000000001">
    <ele>1074.13</ele>
   </trkpt>
   <trkpt lat="45.68150000000001" lon="6.1774700000000005">
    <ele>1077.02</ele>
   </trkpt>
   <trkpt lat="45.681520000000006" lon="6.178070000000001">
    <ele>1089.11</ele>
   </trkpt>
   <trkpt lat="45.681580000000004" lon="6.178190000000001">
    <ele>1093.55</ele>
   </trkpt>
   <trkpt lat="45.681610000000006" lon="6.1782">
    <ele>1093.55</ele>
   </trkpt>
   <trkpt lat="45.681960000000004" lon="6.179270000000001">
    <ele>1121.3700000000001</ele>
   </trkpt>
   <trkpt lat="45.68216" lon="6.17949">
    <ele>1126.7500000000002</ele>
   </trkpt>
   <trkpt lat="45.682520000000004" lon="6.179780000000001">
    <ele>1152.56</ele>
   </trkpt>
   <trkpt lat="45.68272" lon="6.17989">
    <ele>1162.2800000000002</ele>
   </trkpt>
   <trkpt lat="45.683130000000006" lon="6.180930000000001">
    <ele>1198.67</ele>
   </trkpt>
   <trkpt lat="45.683330000000005" lon="6.18123">
    <ele>1207.0</ele>
   </trkpt>
   <trkpt lat="45.683510000000005" lon="6.182270000000001">
    <ele>1250.7100000000003</ele>
   </trkpt>
   <trkpt lat="45.683640000000004" lon="6.18278">
    <ele>1274.99</ele>
   </trkpt>
   <trkpt lat="45.68361" lon="6.183090000000001">
    <ele>1291.5700000000002</ele>
   </trkpt>
   <trkpt lat="45.683710000000005" lon="6.1833800000000005">
    <ele>1310.65</ele>
   </trkpt>
   <trkpt lat="45.683690000000006" lon="6.184">
    <ele>1331.55</ele>
   </trkpt>
   <trkpt lat="45.68372" lon="6.18437">
    <ele>1344.72</ele>
   </trkpt>
   <trkpt lat="45.68372" lon="6.18475">
    <ele>1357.9</ele>
   </trkpt>
   <trkpt lat="45.68377" lon="6.184900000000001">
    <ele>1367.01</ele>
   </trkpt>
   <trkpt lat="45.68377" lon="6.18505">
    <ele>1367.01</ele>
   </trkpt>
   <trkpt lat="45.68383" lon="6.18519">
    <ele>1383.15</ele>
   </trkpt>
   <trkpt lat="45.68385000000001" lon="6.18545">
    <ele>1397.44</ele>
   </trkpt>
   <trkpt lat="45.68403000000001" lon="6.185860000000001">
    <ele>1412.2700000000002</ele>
   </trkpt>
   <trkpt lat="45.68417" lon="6.186380000000001">
    <ele>1434.1000000000001</ele>
   </trkpt>
   <trkpt lat="45.684090000000005" lon="6.18681">
    <ele>1451.95</ele>
   </trkpt>
   <trkpt lat="45.683840000000004" lon="6.1875100000000005">
    <ele>1478.55</ele>
   </trkpt>
   <trkpt lat="45.683780000000006" lon="6.18796">
    <ele>1484.91</ele>
   </trkpt>
   <trkpt lat="45.683580000000006" lon="6.188230000000001">
    <ele>1496.72</ele>
   </trkpt>
   <trkpt lat="45.68354" lon="6.1883300000000006">
    <ele>1498.4400000000003</ele>
   </trkpt>
   <trkpt lat="45.68357" lon="6.188390000000001">
    <ele>1500.0000000000002</ele>
   </trkpt>
   <trkpt lat="45.683620000000005" lon="6.188370000000001">
    <ele>1501.3100000000002</ele>
   </trkpt>
   <trkpt lat="45.68361" lon="6.188510000000001">
    <ele>1503.1200000000001</ele>
   </trkpt>
   <trkpt lat="45.68343" lon="6.188630000000001">
    <ele>1504.2900000000002</ele>
   </trkpt>
   <trkpt lat="45.68323" lon="6.18864">
    <ele>1506.0000000000002</ele>
   </trkpt>
   <trkpt lat="45.683020000000006" lon="6.1886">
    <ele>1512.41</ele>
   </trkpt>
   <trkpt lat="45.68281" lon="6.1885">
    <ele>1518.1100000000001</ele>
   </trkpt>
   <trkpt lat="45.68276" lon="6.188490000000001">
    <ele>1519.38</ele>
   </trkpt>
   <trkpt lat="45.682750000000006" lon="6.188540000000001">
    <ele>1520.8600000000001</ele>
   </trkpt>
   <trkpt lat="45.6828" lon="6.1886600000000005">
    <ele>1524.44</ele>
   </trkpt>
   <trkpt lat="45.68276" lon="6.1886600000000005">
    <ele>1524.44</ele>
   </trkpt>
   <trkpt lat="45.68263" lon="6.1886">
    <ele>1532.65</ele>
   </trkpt>
   <trkpt lat="45.682520000000004" lon="6.188510000000001">
    <ele>1540.28</ele>
   </trkpt>
   <trkpt lat="45.68242" lon="6.18853">
    <ele>1540.28</ele>
   </trkpt>
   <trkpt lat="45.68263" lon="6.18876">
    <ele>1551.8700000000001</ele>
   </trkpt>
   <trkpt lat="45.68267" lon="6.1889400000000006">
    <ele>1557.91</ele>
   </trkpt>
   <trkpt lat="45.682660000000006" lon="6.189050000000001">
    <ele>1559.2</ele>
   </trkpt>
   <trkpt lat="45.68262000000001" lon="6.189050000000001">
    <ele>1560.3600000000001</ele>
   </trkpt>
   <trkpt lat="45.68251" lon="6.18892">
    <ele>1564.38</ele>
   </trkpt>
   <trkpt lat="45.68231" lon="6.188750000000001">
    <ele>1569.7200000000003</ele>
   </trkpt>
   <trkpt lat="45.68207" lon="6.188700000000001">
    <ele>1575.0600000000002</ele>
   </trkpt>
   <trkpt lat="45.681760000000004" lon="6.188680000000001">
    <ele>1583.73</ele>
   </trkpt>
   <trkpt lat="45.6816" lon="6.188720000000001">
    <ele>1586.99</ele>
   </trkpt>
   <trkpt lat="45.68142" lon="6.188960000000001">
    <ele>1585.8400000000001</ele>
   </trkpt>
   <trkpt lat="45.681290000000004" lon="6.189010000000001">
    <ele>1589.14</ele>
   </trkpt>
   <trkpt lat="45.68124" lon="6.18907">
    <ele>1589.14</ele>
   </trkpt>
   <trkpt lat="45.681110000000004" lon="6.189150000000001">
    <ele>1595.64</ele>
   </trkpt>
   <trkpt lat="45.68106" lon="6.18923">
    <ele>1599.0600000000002</ele>
   </trkpt>
   <trkpt lat="45.681070000000005" lon="6.18935">
    <ele>1604.63</ele>
   </trkpt>
   <trkpt lat="45.68112000000001" lon="6.18942">
    <ele>1604.63</ele>
   </trkpt>
   <trkpt lat="45.68112000000001" lon="6.1894800000000005">
    <ele>1604.63</ele>
   </trkpt>
   <trkpt lat="45.68117" lon="6.18958">
    <ele>1614.3100000000002</ele>
   </trkpt>
   <trkpt lat="45.681180000000005" lon="6.18972">
    <ele>1614.3100000000002</ele>
   </trkpt>
   <trkpt lat="45.681230000000006" lon="6.189830000000001">
    <ele>1621.8400000000001</ele>
   </trkpt>
   <trkpt lat="45.68121000000001" lon="6.189970000000001">
    <ele>1625.48</ele>
   </trkpt>
   <trkpt lat="45.681160000000006" lon="6.190040000000001">
    <ele>1625.48</ele>
   </trkpt>
   <trkpt lat="45.68119" lon="6.190150000000001">
    <ele>1632.54</ele>
   </trkpt>
   <trkpt lat="45.681360000000005" lon="6.190130000000001">
    <ele>1638.21</ele>
   </trkpt>
   <trkpt lat="45.68146" lon="6.190180000000001">
    <ele>1642.3200000000002</ele>
   </trkpt>
   <trkpt lat="45.681520000000006" lon="6.19024">
    <ele>1642.3200000000002</ele>
   </trkpt>
   <trkpt lat="45.68150000000001" lon="6.1902800000000004">
    <ele>1652.9300000000003</ele>
   </trkpt>
   <trkpt lat="45.68150000000001" lon="6.190340000000001">
    <ele>1652.9300000000003</ele>
   </trkpt>
   <trkpt lat="45.68159000000001" lon="6.19038">
    <ele>1652.9300000000003</ele>
   </trkpt>
   <trkpt lat="45.681610000000006" lon="6.190410000000001">
    <ele>1652.9300000000003</ele>
   </trkpt>
   <trkpt lat="45.681450000000005" lon="6.190620000000001">
    <ele>1663.13</ele>
   </trkpt>
   <trkpt lat="45.68148" lon="6.1907000000000005">
    <ele>1663.13</ele>
   </trkpt>
   <trkpt lat="45.681450000000005" lon="6.19078">
    <ele>1675.25</ele>
   </trkpt>
   <trkpt lat="45.681470000000004" lon="6.19085">
    <ele>1675.25</ele>
   </trkpt>
   <trkpt lat="45.681230000000006" lon="6.191280000000001">
    <ele>1697.71</ele>
   </trkpt>
   <trkpt lat="45.681290000000004" lon="6.191330000000001">
    <ele>1697.71</ele>
   </trkpt>
   <trkpt lat="45.681200000000004" lon="6.19151">
    <ele>1699.89</ele>
   </trkpt>
   <trkpt lat="45.68119" lon="6.191660000000001">
    <ele>1712.47</ele>
   </trkpt>
   <trkpt lat="45.681140000000006" lon="6.191910000000001">
    <ele>1721.5900000000001</ele>
   </trkpt>
   <trkpt lat="45.681140000000006" lon="6.192130000000001">
    <ele>1729.0</ele>
   </trkpt>
   <trkpt lat="45.68117" lon="6.19223">
    <ele>1731.23</ele>
   </trkpt>
   <trkpt lat="45.681160000000006" lon="6.1923">
    <ele>1733.16</ele>
   </trkpt>
   <trkpt lat="45.681070000000005" lon="6.19251">
    <ele>1738.19</ele>
   </trkpt>
   <trkpt lat="45.68106" lon="6.192660000000001">
    <ele>1742.96</ele>
   </trkpt>
   <trkpt lat="45.681070000000005" lon="6.19289">
    <ele>1748.9800000000002</ele>
   </trkpt>
   <trkpt lat="45.681070000000005" lon="6.19294">
    <ele>1748.9800000000002</ele>
   </trkpt>
   <trkpt lat="45.68121000000001" lon="6.1929300000000005">
    <ele>1752.5700000000002</ele>
   </trkpt>
   <trkpt lat="45.68135" lon="6.1927900000000005">
    <ele>1760.5400000000002</ele>
   </trkpt>
   <trkpt lat="45.68142" lon="6.19265">
    <ele>1762.04</ele>
   </trkpt>
   <trkpt lat="45.68150000000001" lon="6.1926000000000005">
    <ele>1766.3000000000002</ele>
   </trkpt>
   <trkpt lat="45.6816" lon="6.19261">
    <ele>1771.02</ele>
   </trkpt>
   <trkpt lat="45.68198" lon="6.1930000000000005">
    <ele>1781.7800000000002</ele>
   </trkpt>
   <trkpt lat="45.68211" lon="6.19305">
    <ele>1783.3900000000003</ele>
   </trkpt>
   <trkpt lat="45.6826450006692" lon="6.1934849957132085">
    <ele>1804.16</ele>
   </trkpt>
   <trkpt lat="45.68318000000001" lon="6.19392">
    <ele>1828.4300000000003</ele>
   </trkpt>
   <trkpt lat="45.6839" lon="6.19399">
    <ele>1842.5900000000001</ele>
   </trkpt>
   <trkpt lat="45.684380000000004" lon="6.193840000000001">
    <ele>1856.88</ele>
   </trkpt>
   <trkpt lat="45.68507" lon="6.193770000000001">
    <ele>1875.25</ele>
   </trkpt>
   <trkpt lat="45.685520000000004" lon="6.193580000000001">
    <ele>1893.9800000000002</ele>
   </trkpt>
   <trkpt lat="45.685950000000005" lon="6.19364">
    <ele>1907.96</ele>
   </trkpt>
   <trkpt lat="45.68643" lon="6.193530000000001">
    <ele>1924.9900000000002</ele>
   </trkpt>
   <trkpt lat="45.68663" lon="6.19345">
    <ele>1932.4500000000003</ele>
   </trkpt>
   <trkpt lat="45.68695" lon="6.19338">
    <ele>1941.42</ele>
   </trkpt>
   <trkpt lat="45.687020000000004" lon="6.1934000000000005">
    <ele>1945.17</ele>
   </trkpt>
   <trkpt lat="45.68704" lon="6.193370000000001">
    <ele>1945.17</ele>
   </trkpt>
   <trkpt lat="45.68706" lon="6.19338">
    <ele>1947.25</ele>
   </trkpt>
   <trkpt lat="45.68708" lon="6.193350000000001">
    <ele>1949.4700000000003</ele>
   </trkpt>
   <trkpt lat="45.68715" lon="6.193350000000001">
    <ele>1949.4700000000003</ele>
   </trkpt>
   <trkpt lat="45.687180000000005" lon="6.193320000000001">
    <ele>1956.38</ele>
   </trkpt>
   <trkpt lat="45.687290000000004" lon="6.193270000000001">
    <ele>1960.41</ele>
   </trkpt>
   <trkpt lat="45.687400000000004" lon="6.19334">
    <ele>1962.14</ele>
   </trkpt>
   <trkpt lat="45.68746" lon="6.19334">
    <ele>1966.8400000000001</ele>
   </trkpt>
   <trkpt lat="45.687490000000004" lon="6.193320000000001">
    <ele>1966.8400000000001</ele>
   </trkpt>
   <trkpt lat="45.68759000000001" lon="6.193320000000001">
    <ele>1972.3000000000002</ele>
   </trkpt>
   <trkpt lat="45.68761000000001" lon="6.19329">
    <ele>1972.3000000000002</ele>
   </trkpt>
   <trkpt lat="45.68770000000001" lon="6.193280000000001">
    <ele>1978.5400000000002</ele>
   </trkpt>
   <trkpt lat="45.68773" lon="6.19322">
    <ele>1978.5400000000002</ele>
   </trkpt>
   <trkpt lat="45.687810000000006" lon="6.19315">
    <ele>1982.93</ele>
   </trkpt>
   <trkpt lat="45.68789" lon="6.19312">
    <ele>1989.7000000000003</ele>
   </trkpt>
   <trkpt lat="45.687900000000006" lon="6.19308">
    <ele>1989.7000000000003</ele>
   </trkpt>
   <trkpt lat="45.688030000000005" lon="6.193060000000001">
    <ele>1994.0000000000002</ele>
   </trkpt>
   <trkpt lat="45.688100000000006" lon="6.1930000000000005">
    <ele>2000.2400000000002</ele>
   </trkpt>
   <trkpt lat="45.68813" lon="6.192950000000001">
    <ele>2002.1200000000001</ele>
   </trkpt>
   <trkpt lat="45.688190000000006" lon="6.1930000000000005">
    <ele>2003.69</ele>
   </trkpt>
   <trkpt lat="45.688460000000006" lon="6.19341">
    <ele>2008.4600000000003</ele>
   </trkpt>
   <trkpt lat="45.68849" lon="6.193510000000001">
    <ele>2009.8100000000002</ele>
   </trkpt>
   <trkpt lat="45.6886" lon="6.193670000000001">
    <ele>2012.6699999999998</ele>
   </trkpt>
   <trkpt lat="45.68862" lon="6.19376">
    <ele>2014.4700000000003</ele>
   </trkpt>
   <trkpt lat="45.688680000000005" lon="6.193880000000001">
    <ele>2016.0200000000002</ele>
   </trkpt>
   <trkpt lat="45.68871" lon="6.1940100000000005">
    <ele>2017.4600000000003</ele>
   </trkpt>
   <trkpt lat="45.68876" lon="6.194100000000001">
    <ele>2019.15</ele>
   </trkpt>
   <trkpt lat="45.68878" lon="6.1943">
    <ele>2023.0900000000001</ele>
   </trkpt>
   <trkpt lat="45.68887" lon="6.194660000000001">
    <ele>2035.8</ele>
   </trkpt>
   <trkpt lat="45.68889" lon="6.1948300000000005">
    <ele>2041.48</ele>
   </trkpt>
   <trkpt lat="45.68896" lon="6.194940000000001">
    <ele>2044.5000000000002</ele>
   </trkpt>
   <trkpt lat="45.68896" lon="6.195030000000001">
    <ele>2045.4500000000003</ele>
   </trkpt>
   <trkpt lat="45.68900000000001" lon="6.19512">
    <ele>2046.0000000000002</ele>
   </trkpt>
   <trkpt lat="45.68896" lon="6.19531">
    <ele>2044.9399999999998</ele>
   </trkpt>
   <trkpt lat="45.688950000000006" lon="6.195500000000001">
    <ele>2045.23</ele>
   </trkpt>
   <trkpt lat="45.688970000000005" lon="6.1957">
    <ele>2049.8700000000003</ele>
   </trkpt>
   <trkpt lat="45.688990000000004" lon="6.195760000000001">
    <ele>2052.41</ele>
   </trkpt>
   <trkpt lat="45.689020000000006" lon="6.19577">
    <ele>2055.28</ele>
   </trkpt>
   <trkpt lat="45.689020000000006" lon="6.19585">
    <ele>2055.28</ele>
   </trkpt>
   <trkpt lat="45.68905" lon="6.195860000000001">
    <ele>2064.3700000000003</ele>
   </trkpt>
   <trkpt lat="45.689060000000005" lon="6.19589">
    <ele>2064.3700000000003</ele>
   </trkpt>
   <trkpt lat="45.68905" lon="6.19603">
    <ele>2070.2000000000003</ele>
   </trkpt>
   <trkpt lat="45.689080000000004" lon="6.1960500000000005">
    <ele>2070.2000000000003</ele>
   </trkpt>
   <trkpt lat="45.68909" lon="6.19613">
    <ele>2078.55</ele>
   </trkpt>
   <trkpt lat="45.68905" lon="6.19617">
    <ele>2078.55</ele>
   </trkpt>
   <trkpt lat="45.68907" lon="6.1961900000000005">
    <ele>2078.55</ele>
   </trkpt>
   <trkpt lat="45.689060000000005" lon="6.19629">
    <ele>2083.92</ele>
   </trkpt>
   <trkpt lat="45.68911000000001" lon="6.19636">
    <ele>2088.36</ele>
   </trkpt>
   <trkpt lat="45.68921" lon="6.19643">
    <ele>2090.67</ele>
   </trkpt>
   <trkpt lat="45.6893" lon="6.196440000000001">
    <ele>2091.24</ele>
   </trkpt>
   <trkpt lat="45.68941" lon="6.196400000000001">
    <ele>2091.03</ele>
   </trkpt>
   <trkpt lat="45.68947000000001" lon="6.19643">
    <ele>2090.94</ele>
   </trkpt>
   <trkpt lat="45.689510000000006" lon="6.19653">
    <ele>2091.28</ele>
   </trkpt>
   <trkpt lat="45.68967000000001" lon="6.196490000000001">
    <ele>2093.89</ele>
   </trkpt>
   <trkpt lat="45.68974" lon="6.196510000000001">
    <ele>2094.57</ele>
   </trkpt>
   <trkpt lat="45.68977" lon="6.196490000000001">
    <ele>2094.57</ele>
   </trkpt>
   <trkpt lat="45.68979" lon="6.19653">
    <ele>2095.7799999999997</ele>
   </trkpt>
   <trkpt lat="45.689870000000006" lon="6.1965200000000005">
    <ele>2097.4700000000003</ele>
   </trkpt>
   <trkpt lat="45.689890000000005" lon="6.196560000000001">
    <ele>2097.4700000000003</ele>
   </trkpt>
   <trkpt lat="45.69012" lon="6.1965900000000005">
    <ele>2104.13</ele>
   </trkpt>
   <trkpt lat="45.690180000000005" lon="6.196630000000001">
    <ele>2106.3900000000003</ele>
   </trkpt>
   <trkpt lat="45.69021" lon="6.19669">
    <ele>2107.45</ele>
   </trkpt>
   <trkpt lat="45.690340000000006" lon="6.19674">
    <ele>2109.8</ele>
   </trkpt>
   <trkpt lat="45.69041000000001" lon="6.1968000000000005">
    <ele>2110.29</ele>
   </trkpt>
   <trkpt lat="45.690490000000004" lon="6.196820000000001">
    <ele>2110.3</ele>
   </trkpt>
   <trkpt lat="45.69053" lon="6.19678">
    <ele>2110.3</ele>
   </trkpt>
   <trkpt lat="45.690690000000004" lon="6.196840000000001">
    <ele>2109.83</ele>
   </trkpt>
   <trkpt lat="45.69079000000001" lon="6.196820000000001">
    <ele>2108.9800000000005</ele>
   </trkpt>
   <trkpt lat="45.69091" lon="6.196820000000001">
    <ele>2107.12</ele>
   </trkpt>
   <trkpt lat="45.69115" lon="6.19676">
    <ele>2106.32</ele>
   </trkpt>
   <trkpt lat="45.691210000000005" lon="6.19678">
    <ele>2106.7500000000005</ele>
   </trkpt>
   <trkpt lat="45.691250000000004" lon="6.19676">
    <ele>2107.37</ele>
   </trkpt>
   <trkpt lat="45.69135000000001" lon="6.19683">
    <ele>2109.4900000000002</ele>
   </trkpt>
   <trkpt lat="45.691430000000004" lon="6.19685">
    <ele>2110.78</ele>
   </trkpt>
   <trkpt lat="45.69156" lon="6.196840000000001">
    <ele>2113.8500000000004</ele>
   </trkpt>
   <trkpt lat="45.69162" lon="6.196770000000001">
    <ele>2113.8500000000004</ele>
   </trkpt>
   <trkpt lat="45.69167" lon="6.19678">
    <ele>2119.53</ele>
   </trkpt>
   <trkpt lat="45.691930000000006" lon="6.19676">
    <ele>2123.65</ele>
   </trkpt>
   <trkpt lat="45.69198" lon="6.1967300000000005">
    <ele>2123.99</ele>
   </trkpt>
   <trkpt lat="45.692040000000006" lon="6.1966600000000005">
    <ele>2124.03</ele>
   </trkpt>
   <trkpt lat="45.69212" lon="6.196630000000001">
    <ele>2124.48</ele>
   </trkpt>
   <trkpt lat="45.69232" lon="6.196420000000001">
    <ele>2123.12</ele>
   </trkpt>
   <trkpt lat="45.692330000000005" lon="6.1964500000000005">
    <ele>2123.12</ele>
   </trkpt>
   <trkpt lat="45.69238000000001" lon="6.196440000000001">
    <ele>2122.04</ele>
   </trkpt>
   <trkpt lat="45.692530000000005" lon="6.19624">
    <ele>2121.1000000000004</ele>
   </trkpt>
   <trkpt lat="45.692620000000005" lon="6.1961900000000005">
    <ele>2122.15</ele>
   </trkpt>
   <trkpt lat="45.692710000000005" lon="6.19617">
    <ele>2122.4500000000003</ele>
   </trkpt>
   <trkpt lat="45.69265" lon="6.196180000000001">
    <ele>2121.69</ele>
   </trkpt>
   <trkpt lat="45.692530000000005" lon="6.19624">
    <ele>2122.57</ele>
   </trkpt>
   <trkpt lat="45.69238000000001" lon="6.196440000000001">
    <ele>2121.1000000000004</ele>
   </trkpt>
   <trkpt lat="45.692330000000005" lon="6.1964500000000005">
    <ele>2121.0</ele>
   </trkpt>
   <trkpt lat="45.69232" lon="6.196420000000001">
    <ele>2121.0</ele>
   </trkpt>
   <trkpt lat="45.692280000000004" lon="6.1964500000000005">
    <ele>2121.0600000000004</ele>
   </trkpt>
   <trkpt lat="45.692240000000005" lon="6.19643">
    <ele>2121.26</ele>
   </trkpt>
   <trkpt lat="45.692190000000004" lon="6.19646">
    <ele>2121.6000000000004</ele>
   </trkpt>
   <trkpt lat="45.69207" lon="6.196470000000001">
    <ele>2122.36</ele>
   </trkpt>
   <trkpt lat="45.69189" lon="6.196650000000001">
    <ele>2119.3500000000004</ele>
   </trkpt>
   <trkpt lat="45.691860000000005" lon="6.196630000000001">
    <ele>2118.3300000000004</ele>
   </trkpt>
   <trkpt lat="45.6918" lon="6.19664">
    <ele>2117.1900000000005</ele>
   </trkpt>
   <trkpt lat="45.69178" lon="6.19662">
    <ele>2115.92</ele>
   </trkpt>
   <trkpt lat="45.69187" lon="6.196420000000001">
    <ele>2109.07</ele>
   </trkpt>
   <trkpt lat="45.691860000000005" lon="6.196370000000001">
    <ele>2109.07</ele>
   </trkpt>
   <trkpt lat="45.691700000000004" lon="6.19643">
    <ele>2104.9</ele>
   </trkpt>
   <trkpt lat="45.69164000000001" lon="6.19643">
    <ele>2103.59</ele>
   </trkpt>
   <trkpt lat="45.69154" lon="6.19639">
    <ele>2101.29</ele>
   </trkpt>
   <trkpt lat="45.69144000000001" lon="6.19643">
    <ele>2097.28</ele>
   </trkpt>
   <trkpt lat="45.69142" lon="6.19643">
    <ele>2097.28</ele>
   </trkpt>
   <trkpt lat="45.691410000000005" lon="6.19641">
    <ele>2097.28</ele>
   </trkpt>
   <trkpt lat="45.69145" lon="6.196320000000001">
    <ele>2096.23</ele>
   </trkpt>
   <trkpt lat="45.691480000000006" lon="6.196180000000001">
    <ele>2092.9</ele>
   </trkpt>
   <trkpt lat="45.691500000000005" lon="6.196160000000001">
    <ele>2092.9</ele>
   </trkpt>
   <trkpt lat="45.691570000000006" lon="6.1961900000000005">
    <ele>2090.84</ele>
   </trkpt>
   <trkpt lat="45.69162" lon="6.196180000000001">
    <ele>2089.89</ele>
   </trkpt>
   <trkpt lat="45.69171" lon="6.195950000000001">
    <ele>2086.3</ele>
   </trkpt>
   <trkpt lat="45.691770000000005" lon="6.19594">
    <ele>2085.3700000000003</ele>
   </trkpt>
   <trkpt lat="45.691810000000004" lon="6.19596">
    <ele>2083.39</ele>
   </trkpt>
   <trkpt lat="45.69182000000001" lon="6.195950000000001">
    <ele>2083.39</ele>
   </trkpt>
   <trkpt lat="45.69187" lon="6.195860000000001">
    <ele>2083.39</ele>
   </trkpt>
   <trkpt lat="45.691900000000004" lon="6.19573">
    <ele>2078.3</ele>
   </trkpt>
   <trkpt lat="45.69205" lon="6.19556">
    <ele>2076.14</ele>
   </trkpt>
   <trkpt lat="45.6921" lon="6.19542">
    <ele>2072.84</ele>
   </trkpt>
   <trkpt lat="45.692190000000004" lon="6.19531">
    <ele>2071.67</ele>
   </trkpt>
   <trkpt lat="45.692220000000006" lon="6.195200000000001">
    <ele>2066.6600000000003</ele>
   </trkpt>
   <trkpt lat="45.6923" lon="6.195150000000001">
    <ele>2064.3700000000003</ele>
   </trkpt>
   <trkpt lat="45.69234" lon="6.1950400000000005">
    <ele>2062.4500000000003</ele>
   </trkpt>
   <trkpt lat="45.69241" lon="6.194990000000001">
    <ele>2061.63</ele>
   </trkpt>
   <trkpt lat="45.69243" lon="6.19495">
    <ele>2060.9</ele>
   </trkpt>
   <trkpt lat="45.692660000000004" lon="6.194820000000001">
    <ele>2057.73</ele>
   </trkpt>
   <trkpt lat="45.692890000000006" lon="6.19477">
    <ele>2055.5600000000004</ele>
   </trkpt>
   <trkpt lat="45.69303" lon="6.194780000000001">
    <ele>2053.53</ele>
   </trkpt>
   <trkpt lat="45.69304" lon="6.19477">
    <ele>2053.53</ele>
   </trkpt>
   <trkpt lat="45.69348" lon="6.19486">
    <ele>2045.0500000000002</ele>
   </trkpt>
   <trkpt lat="45.69362" lon="6.19484">
    <ele>2043.5600000000002</ele>
   </trkpt>
   <trkpt lat="45.693740000000005" lon="6.19479">
    <ele>2040.74</ele>
   </trkpt>
   <trkpt lat="45.69407" lon="6.19453">
    <ele>2032.3800000000003</ele>
   </trkpt>
   <trkpt lat="45.69413" lon="6.19451">
    <ele>2032.3800000000003</ele>
   </trkpt>
   <trkpt lat="45.69408000000001" lon="6.19446">
    <ele>2030.3500000000004</ele>
   </trkpt>
   <trkpt lat="45.69388000000001" lon="6.194350000000001">
    <ele>2024.81</ele>
   </trkpt>
   <trkpt lat="45.693850000000005" lon="6.19434">
    <ele>2024.81</ele>
   </trkpt>
   <trkpt lat="45.693760000000005" lon="6.1943600000000005">
    <ele>2024.81</ele>
   </trkpt>
   <trkpt lat="45.693650000000005" lon="6.19434">
    <ele>2017.1499999999999</ele>
   </trkpt>
   <trkpt lat="45.69379000000001" lon="6.194210000000001">
    <ele>2014.8300000000004</ele>
   </trkpt>
   <trkpt lat="45.69384" lon="6.194140000000001">
    <ele>2012.3600000000001</ele>
   </trkpt>
   <trkpt lat="45.693920000000006" lon="6.1940800000000005">
    <ele>2011.1700000000003</ele>
   </trkpt>
   <trkpt lat="45.69406" lon="6.194030000000001">
    <ele>2005.7500000000002</ele>
   </trkpt>
   <trkpt lat="45.694120000000005" lon="6.193980000000001">
    <ele>2005.7500000000002</ele>
   </trkpt>
   <trkpt lat="45.69435000000001" lon="6.193910000000001">
    <ele>2001.6000000000001</ele>
   </trkpt>
   <trkpt lat="45.69449" lon="6.193890000000001">
    <ele>1996.3200000000002</ele>
   </trkpt>
   <trkpt lat="45.69453" lon="6.1939">
    <ele>1996.3200000000002</ele>
   </trkpt>
   <trkpt lat="45.69471" lon="6.19385">
    <ele>1989.88</ele>
   </trkpt>
   <trkpt lat="45.694630000000004" lon="6.19376">
    <ele>1989.88</ele>
   </trkpt>
   <trkpt lat="45.69462" lon="6.193720000000001">
    <ele>1987.66</ele>
   </trkpt>
   <trkpt lat="45.69426000000001" lon="6.19336">
    <ele>1975.27</ele>
   </trkpt>
   <trkpt lat="45.69442" lon="6.193320000000001">
    <ele>1975.27</ele>
   </trkpt>
   <trkpt lat="45.69454" lon="6.1933300000000004">
    <ele>1968.5</ele>
   </trkpt>
   <trkpt lat="45.69474" lon="6.193280000000001">
    <ele>1965.24</ele>
   </trkpt>
   <trkpt lat="45.6948" lon="6.19329">
    <ele>1965.24</ele>
   </trkpt>
   <trkpt lat="45.69485" lon="6.193250000000001">
    <ele>1960.97</ele>
   </trkpt>
   <trkpt lat="45.695" lon="6.193230000000001">
    <ele>1960.97</ele>
   </trkpt>
   <trkpt lat="45.69507" lon="6.19324">
    <ele>1955.4900000000002</ele>
   </trkpt>
   <trkpt lat="45.69516" lon="6.193280000000001">
    <ele>1955.4900000000002</ele>
   </trkpt>
   <trkpt lat="45.695060000000005" lon="6.193130000000001">
    <ele>1953.3500000000001</ele>
   </trkpt>
   <trkpt lat="45.694860000000006" lon="6.1930000000000005">
    <ele>1946.56</ele>
   </trkpt>
   <trkpt lat="45.69482000000001" lon="6.192900000000001">
    <ele>1945.75</ele>
   </trkpt>
   <trkpt lat="45.694750000000006" lon="6.192830000000001">
    <ele>1943.4</ele>
   </trkpt>
   <trkpt lat="45.694720000000004" lon="6.19282">
    <ele>1943.4</ele>
   </trkpt>
   <trkpt lat="45.69467" lon="6.19275">
    <ele>1941.7400000000002</ele>
   </trkpt>
   <trkpt lat="45.69454" lon="6.192710000000001">
    <ele>1938.23</ele>
   </trkpt>
   <trkpt lat="45.69444000000001" lon="6.192760000000001">
    <ele>1937.39</ele>
   </trkpt>
   <trkpt lat="45.694370000000006" lon="6.192760000000001">
    <ele>1937.39</ele>
   </trkpt>
   <trkpt lat="45.69424" lon="6.192740000000001">
    <ele>1933.3500000000001</ele>
   </trkpt>
   <trkpt lat="45.694140000000004" lon="6.192690000000001">
    <ele>1931.43</ele>
   </trkpt>
   <trkpt lat="45.69413" lon="6.192670000000001">
    <ele>1931.43</ele>
   </trkpt>
   <trkpt lat="45.69417000000001" lon="6.19265">
    <ele>1928.8400000000001</ele>
   </trkpt>
   <trkpt lat="45.69446000000001" lon="6.19226">
    <ele>1917.63</ele>
   </trkpt>
   <trkpt lat="45.69449" lon="6.19219">
    <ele>1916.4200000000003</ele>
   </trkpt>
   <trkpt lat="45.694500000000005" lon="6.1921100000000004">
    <ele>1912.97</ele>
   </trkpt>
   <trkpt lat="45.69455000000001" lon="6.192030000000001">
    <ele>1912.97</ele>
   </trkpt>
   <trkpt lat="45.69458" lon="6.19193">
    <ele>1910.7300000000002</ele>
   </trkpt>
   <trkpt lat="45.69465" lon="6.191870000000001">
    <ele>1908.5900000000001</ele>
   </trkpt>
   <trkpt lat="45.694700000000005" lon="6.19186">
    <ele>1907.5700000000002</ele>
   </trkpt>
   <trkpt lat="45.694790000000005" lon="6.1917800000000005">
    <ele>1905.63</ele>
   </trkpt>
   <trkpt lat="45.69482000000001" lon="6.1917100000000005">
    <ele>1905.63</ele>
   </trkpt>
   <trkpt lat="45.69487" lon="6.19167">
    <ele>1901.8700000000001</ele>
   </trkpt>
   <trkpt lat="45.69491000000001" lon="6.191520000000001">
    <ele>1900.8700000000001</ele>
   </trkpt>
   <trkpt lat="45.69496" lon="6.191420000000001">
    <ele>1899.8000000000002</ele>
   </trkpt>
   <trkpt lat="45.69501" lon="6.191350000000001">
    <ele>1896.3200000000002</ele>
   </trkpt>
   <trkpt lat="45.695130000000006" lon="6.1912400000000005">
    <ele>1893.3300000000002</ele>
   </trkpt>
   <trkpt lat="45.69523" lon="6.191090000000001">
    <ele>1891.64</ele>
   </trkpt>
   <trkpt lat="45.695510000000006" lon="6.191000000000001">
    <ele>1890.95</ele>
   </trkpt>
   <trkpt lat="45.69559" lon="6.19099">
    <ele>1890.95</ele>
   </trkpt>
   <trkpt lat="45.69586" lon="6.190860000000001">
    <ele>1890.2900000000002</ele>
   </trkpt>
   <trkpt lat="45.69601" lon="6.190880000000001">
    <ele>1889.2700000000002</ele>
   </trkpt>
   <trkpt lat="45.69612" lon="6.1908">
    <ele>1888.68</ele>
   </trkpt>
   <trkpt lat="45.69632000000001" lon="6.19078">
    <ele>1887.6800000000003</ele>
   </trkpt>
   <trkpt lat="45.696360000000006" lon="6.19073">
    <ele>1886.71</ele>
   </trkpt>
   <trkpt lat="45.69641" lon="6.19071">
    <ele>1886.3400000000001</ele>
   </trkpt>
   <trkpt lat="45.696560000000005" lon="6.19059">
    <ele>1884.2800000000002</ele>
   </trkpt>
   <trkpt lat="45.696540000000006" lon="6.190530000000001">
    <ele>1884.2800000000002</ele>
   </trkpt>
   <trkpt lat="45.69643000000001" lon="6.1904200000000005">
    <ele>1881.7700000000002</ele>
   </trkpt>
   <trkpt lat="45.69644" lon="6.190390000000001">
    <ele>1881.7700000000002</ele>
   </trkpt>
   <trkpt lat="45.696490000000004" lon="6.1904200000000005">
    <ele>1881.0900000000001</ele>
   </trkpt>
   <trkpt lat="45.69657" lon="6.190410000000001">
    <ele>1879.3700000000001</ele>
   </trkpt>
   <trkpt lat="45.696630000000006" lon="6.19043">
    <ele>1878.2</ele>
   </trkpt>
   <trkpt lat="45.696810000000006" lon="6.19057">
    <ele>1870.27</ele>
   </trkpt>
   <trkpt lat="45.696850000000005" lon="6.19054">
    <ele>1868.78</ele>
   </trkpt>
   <trkpt lat="45.69689" lon="6.19054">
    <ele>1868.78</ele>
   </trkpt>
   <trkpt lat="45.69695" lon="6.190510000000001">
    <ele>1864.5600000000002</ele>
   </trkpt>
   <trkpt lat="45.697070000000004" lon="6.19036">
    <ele>1858.3300000000002</ele>
   </trkpt>
   <trkpt lat="45.697320000000005" lon="6.19029">
    <ele>1850.1600000000003</ele>
   </trkpt>
   <trkpt lat="45.69736" lon="6.190250000000001">
    <ele>1850.1600000000003</ele>
   </trkpt>
   <trkpt lat="45.69746000000001" lon="6.190200000000001">
    <ele>1847.4</ele>
   </trkpt>
   <trkpt lat="45.69769" lon="6.1901600000000006">
    <ele>1842.39</ele>
   </trkpt>
   <trkpt lat="45.697970000000005" lon="6.18979">
    <ele>1837.8100000000002</ele>
   </trkpt>
   <trkpt lat="45.698010000000004" lon="6.189590000000001">
    <ele>1836.5900000000001</ele>
   </trkpt>
   <trkpt lat="45.698130000000006" lon="6.1895500000000006">
    <ele>1833.88</ele>
   </trkpt>
   <trkpt lat="45.698330000000006" lon="6.1893">
    <ele>1829.66</ele>
   </trkpt>
   <trkpt lat="45.698350000000005" lon="6.18923">
    <ele>1826.88</ele>
   </trkpt>
   <trkpt lat="45.69854" lon="6.189120000000001">
    <ele>1822.9400000000003</ele>
   </trkpt>
   <trkpt lat="45.698660000000004" lon="6.18909">
    <ele>1820.8200000000002</ele>
   </trkpt>
   <trkpt lat="45.698930000000004" lon="6.18914">
    <ele>1817.49</ele>
   </trkpt>
   <trkpt lat="45.69899" lon="6.189170000000001">
    <ele>1817.49</ele>
   </trkpt>
   <trkpt lat="45.699130000000004" lon="6.189170000000001">
    <ele>1813.8700000000001</ele>
   </trkpt>
   <trkpt lat="45.69924" lon="6.189220000000001">
    <ele>1813.29</ele>
   </trkpt>
   <trkpt lat="45.69939" lon="6.189220000000001">
    <ele>1811.73</ele>
   </trkpt>
   <trkpt lat="45.6995" lon="6.18925">
    <ele>1809.71</ele>
   </trkpt>
   <trkpt lat="45.69959" lon="6.18925">
    <ele>1808.2600000000002</ele>
   </trkpt>
   <trkpt lat="45.69971" lon="6.1893">
    <ele>1804.4700000000003</ele>
   </trkpt>
   <trkpt lat="45.69979000000001" lon="6.1893">
    <ele>1804.4700000000003</ele>
   </trkpt>
   <trkpt lat="45.7" lon="6.1894100000000005">
    <ele>1800.19</ele>
   </trkpt>
   <trkpt lat="45.70027" lon="6.189430000000001">
    <ele>1796.0800000000002</ele>
   </trkpt>
   <trkpt lat="45.70044" lon="6.18949">
    <ele>1794.21</ele>
   </trkpt>
   <trkpt lat="45.70058" lon="6.189620000000001">
    <ele>1793.26</ele>
   </trkpt>
   <trkpt lat="45.70073000000001" lon="6.18968">
    <ele>1793.22</ele>
   </trkpt>
   <trkpt lat="45.70094" lon="6.189640000000001">
    <ele>1792.3600000000001</ele>
   </trkpt>
   <trkpt lat="45.701" lon="6.189660000000001">
    <ele>1791.4800000000002</ele>
   </trkpt>
   <trkpt lat="45.70116" lon="6.189830000000001">
    <ele>1788.97</ele>
   </trkpt>
   <trkpt lat="45.701280000000004" lon="6.18993">
    <ele>1787.74</ele>
   </trkpt>
   <trkpt lat="45.70132" lon="6.18993">
    <ele>1787.7200000000003</ele>
   </trkpt>
   <trkpt lat="45.70131000000001" lon="6.18984">
    <ele>1787.97</ele>
   </trkpt>
   <trkpt lat="45.70138" lon="6.18975">
    <ele>1790.2700000000002</ele>
   </trkpt>
   <trkpt lat="45.70161" lon="6.18975">
    <ele>1794.5600000000002</ele>
   </trkpt>
   <trkpt lat="45.70167000000001" lon="6.18965">
    <ele>1795.4800000000002</ele>
   </trkpt>
   <trkpt lat="45.7017" lon="6.18965">
    <ele>1795.4800000000002</ele>
   </trkpt>
   <trkpt lat="45.70172" lon="6.189570000000001">
    <ele>1796.67</ele>
   </trkpt>
   <trkpt lat="45.70176000000001" lon="6.189590000000001">
    <ele>1797.3700000000001</ele>
   </trkpt>
   <trkpt lat="45.70179" lon="6.189540000000001">
    <ele>1798.18</ele>
   </trkpt>
   <trkpt lat="45.701840000000004" lon="6.18956">
    <ele>1799.13</ele>
   </trkpt>
   <trkpt lat="45.70185" lon="6.18951">
    <ele>1800.24</ele>
   </trkpt>
   <trkpt lat="45.70187000000001" lon="6.189520000000001">
    <ele>1800.24</ele>
   </trkpt>
   <trkpt lat="45.70192" lon="6.189500000000001">
    <ele>1801.5</ele>
   </trkpt>
   <trkpt lat="45.701950000000004" lon="6.18946">
    <ele>1804.2300000000002</ele>
   </trkpt>
   <trkpt lat="45.70196000000001" lon="6.1894800000000005">
    <ele>1804.2300000000002</ele>
   </trkpt>
   <trkpt lat="45.70199" lon="6.189450000000001">
    <ele>1804.2300000000002</ele>
   </trkpt>
   <trkpt lat="45.70208" lon="6.189470000000001">
    <ele>1809.91</ele>
   </trkpt>
   <trkpt lat="45.702130000000004" lon="6.18944">
    <ele>1809.91</ele>
   </trkpt>
   <trkpt lat="45.702180000000006" lon="6.18944">
    <ele>1812.88</ele>
   </trkpt>
   <trkpt lat="45.702180000000006" lon="6.1894100000000005">
    <ele>1812.88</ele>
   </trkpt>
   <trkpt lat="45.70233" lon="6.18937">
    <ele>1814.42</ele>
   </trkpt>
   <trkpt lat="45.70235" lon="6.189310000000001">
    <ele>1820.8000000000002</ele>
   </trkpt>
   <trkpt lat="45.70237" lon="6.18932">
    <ele>1820.8000000000002</ele>
   </trkpt>
   <trkpt lat="45.702400000000004" lon="6.18928">
    <ele>1820.8000000000002</ele>
   </trkpt>
   <trkpt lat="45.70246" lon="6.1893">
    <ele>1823.7800000000002</ele>
   </trkpt>
   <trkpt lat="45.702490000000004" lon="6.18928">
    <ele>1823.7800000000002</ele>
   </trkpt>
   <trkpt lat="45.70259" lon="6.18932">
    <ele>1827.89</ele>
   </trkpt>
   <trkpt lat="45.70317000000001" lon="6.189430000000001">
    <ele>1840.27</ele>
   </trkpt>
   <trkpt lat="45.7034" lon="6.18951">
    <ele>1842.0800000000002</ele>
   </trkpt>
   <trkpt lat="45.703700000000005" lon="6.18965">
    <ele>1841.8600000000001</ele>
   </trkpt>
   <trkpt lat="45.70387" lon="6.189780000000001">
    <ele>1844.1000000000001</ele>
   </trkpt>
   <trkpt lat="45.704080000000005" lon="6.189870000000001">
    <ele>1853.8900000000003</ele>
   </trkpt>
   <trkpt lat="45.704190000000004" lon="6.18984">
    <ele>1856.5000000000002</ele>
   </trkpt>
   <trkpt lat="45.70423" lon="6.189850000000001">
    <ele>1857.5900000000001</ele>
   </trkpt>
   <trkpt lat="45.704280000000004" lon="6.189830000000001">
    <ele>1858.5800000000002</ele>
   </trkpt>
   <trkpt lat="45.70465" lon="6.18975">
    <ele>1864.98</ele>
   </trkpt>
   <trkpt lat="45.705470000000005" lon="6.18972">
    <ele>1851.65</ele>
   </trkpt>
   <trkpt lat="45.70584" lon="6.189780000000001">
    <ele>1846.51</ele>
   </trkpt>
   <trkpt lat="45.70619000000001" lon="6.18991">
    <ele>1842.24</ele>
   </trkpt>
   <trkpt lat="45.70633" lon="6.189940000000001">
    <ele>1839.3000000000002</ele>
   </trkpt>
   <trkpt lat="45.7066" lon="6.189920000000001">
    <ele>1837.25</ele>
   </trkpt>
   <trkpt lat="45.707170000000005" lon="6.18977">
    <ele>1834.2800000000002</ele>
   </trkpt>
   <trkpt lat="45.707280000000004" lon="6.189710000000001">
    <ele>1833.66</ele>
   </trkpt>
   <trkpt lat="45.70758000000001" lon="6.189590000000001">
    <ele>1832.95</ele>
   </trkpt>
   <trkpt lat="45.707980000000006" lon="6.189360000000001">
    <ele>1833.0400000000002</ele>
   </trkpt>
   <trkpt lat="45.708130000000004" lon="6.18925">
    <ele>1833.25</ele>
   </trkpt>
   <trkpt lat="45.70823" lon="6.1891300000000005">
    <ele>1833.44</ele>
   </trkpt>
   <trkpt lat="45.7083" lon="6.189120000000001">
    <ele>1833.8</ele>
   </trkpt>
   <trkpt lat="45.70837" lon="6.189120000000001">
    <ele>1833.8</ele>
   </trkpt>
   <trkpt lat="45.708470000000005" lon="6.18916">
    <ele>1834.3700000000001</ele>
   </trkpt>
   <trkpt lat="45.70861000000001" lon="6.18928">
    <ele>1834.5300000000002</ele>
   </trkpt>
   <trkpt lat="45.70873" lon="6.189450000000001">
    <ele>1833.92</ele>
   </trkpt>
   <trkpt lat="45.70882" lon="6.189520000000001">
    <ele>1832.66</ele>
   </trkpt>
   <trkpt lat="45.70891" lon="6.189540000000001">
    <ele>1831.3400000000001</ele>
   </trkpt>
   <trkpt lat="45.70902" lon="6.189500000000001">
    <ele>1830.5500000000002</ele>
   </trkpt>
   <trkpt lat="45.70926" lon="6.189520000000001">
    <ele>1825.56</ele>
   </trkpt>
   <trkpt lat="45.70938" lon="6.18958">
    <ele>1823.66</ele>
   </trkpt>
   <trkpt lat="45.70949" lon="6.189590000000001">
    <ele>1823.3300000000002</ele>
   </trkpt>
   <trkpt lat="45.70962" lon="6.18965">
    <ele>1824.2</ele>
   </trkpt>
   <trkpt lat="45.70971" lon="6.1896700000000004">
    <ele>1824.71</ele>
   </trkpt>
   <trkpt lat="45.70975000000001" lon="6.18965">
    <ele>1824.6700000000003</ele>
   </trkpt>
   <trkpt lat="45.70976" lon="6.189590000000001">
    <ele>1824.38</ele>
   </trkpt>
   <trkpt lat="45.709680000000006" lon="6.189380000000001">
    <ele>1822.71</ele>
   </trkpt>
   <trkpt lat="45.709680000000006" lon="6.189330000000001">
    <ele>1822.15</ele>
   </trkpt>
   <trkpt lat="45.70973" lon="6.189330000000001">
    <ele>1821.65</ele>
   </trkpt>
   <trkpt lat="45.70985" lon="6.18939">
    <ele>1818.0600000000002</ele>
   </trkpt>
   <trkpt lat="45.709920000000004" lon="6.18939">
    <ele>1816.3500000000001</ele>
   </trkpt>
   <trkpt lat="45.70993000000001" lon="6.18935">
    <ele>1816.3500000000001</ele>
   </trkpt>
   <trkpt lat="45.70989" lon="6.189310000000001">
    <ele>1811.0000000000002</ele>
   </trkpt>
   <trkpt lat="45.70989" lon="6.1892700000000005">
    <ele>1811.0000000000002</ele>
   </trkpt>
   <trkpt lat="45.710080000000005" lon="6.18923">
    <ele>1804.65</ele>
   </trkpt>
   <trkpt lat="45.710080000000005" lon="6.18921">
    <ele>1804.65</ele>
   </trkpt>
   <trkpt lat="45.710010000000004" lon="6.18916">
    <ele>1801.2</ele>
   </trkpt>
   <trkpt lat="45.71002000000001" lon="6.18914">
    <ele>1801.2</ele>
   </trkpt>
   <trkpt lat="45.710240000000006" lon="6.18914">
    <ele>1790.5600000000002</ele>
   </trkpt>
   <trkpt lat="45.71036" lon="6.18909">
    <ele>1787.3700000000001</ele>
   </trkpt>
   <trkpt lat="45.710980000000006" lon="6.18892">
    <ele>1765.48</ele>
   </trkpt>
   <trkpt lat="45.711200000000005" lon="6.188720000000001">
    <ele>1757.41</ele>
   </trkpt>
   <trkpt lat="45.711380000000005" lon="6.188650000000001">
    <ele>1753.81</ele>
   </trkpt>
   <trkpt lat="45.71144" lon="6.18864">
    <ele>1742.2600000000002</ele>
   </trkpt>
   <trkpt lat="45.71146" lon="6.1886">
    <ele>1741.42</ele>
   </trkpt>
   <trkpt lat="45.711400000000005" lon="6.18857">
    <ele>1740.22</ele>
   </trkpt>
   <trkpt lat="45.71115" lon="6.1886">
    <ele>1733.3500000000001</ele>
   </trkpt>
   <trkpt lat="45.710860000000004" lon="6.1885900000000005">
    <ele>1726.25</ele>
   </trkpt>
   <trkpt lat="45.71083" lon="6.188560000000001">
    <ele>1726.25</ele>
   </trkpt>
   <trkpt lat="45.71099" lon="6.18838">
    <ele>1721.1000000000001</ele>
   </trkpt>
   <trkpt lat="45.711510000000004" lon="6.1879100000000005">
    <ele>1700.66</ele>
   </trkpt>
   <trkpt lat="45.71215" lon="6.18754">
    <ele>1683.64</ele>
   </trkpt>
   <trkpt lat="45.71213" lon="6.187500000000001">
    <ele>1683.64</ele>
   </trkpt>
   <trkpt lat="45.71195" lon="6.1874400000000005">
    <ele>1675.66</ele>
   </trkpt>
   <trkpt lat="45.71173" lon="6.18733">
    <ele>1671.7700000000002</ele>
   </trkpt>
   <trkpt lat="45.71157" lon="6.18731">
    <ele>1668.1800000000003</ele>
   </trkpt>
   <trkpt lat="45.71162" lon="6.18721">
    <ele>1664.3300000000002</ele>
   </trkpt>
   <trkpt lat="45.71172000000001" lon="6.18714">
    <ele>1660.66</ele>
   </trkpt>
   <trkpt lat="45.711740000000006" lon="6.187100000000001">
    <ele>1660.66</ele>
   </trkpt>
   <trkpt lat="45.71173" lon="6.187080000000001">
    <ele>1660.66</ele>
   </trkpt>
   <trkpt lat="45.71154000000001" lon="6.18705">
    <ele>1656.6600000000003</ele>
   </trkpt>
   <trkpt lat="45.711510000000004" lon="6.18702">
    <ele>1651.0200000000002</ele>
   </trkpt>
   <trkpt lat="45.711580000000005" lon="6.18684">
    <ele>1649.68</ele>
   </trkpt>
   <trkpt lat="45.711670000000005" lon="6.1867600000000005">
    <ele>1645.8400000000001</ele>
   </trkpt>
   <trkpt lat="45.711670000000005" lon="6.1867">
    <ele>1645.8400000000001</ele>
   </trkpt>
   <trkpt lat="45.71148" lon="6.186640000000001">
    <ele>1638.77</ele>
   </trkpt>
   <trkpt lat="45.71139" lon="6.186590000000001">
    <ele>1632.4</ele>
   </trkpt>
   <trkpt lat="45.711270000000006" lon="6.186490000000001">
    <ele>1630.89</ele>
   </trkpt>
   <trkpt lat="45.71117" lon="6.18644">
    <ele>1626.8600000000001</ele>
   </trkpt>
   <trkpt lat="45.71052" lon="6.186310000000001">
    <ele>1608.1000000000001</ele>
   </trkpt>
   <trkpt lat="45.71041" lon="6.186310000000001">
    <ele>1606.9700000000003</ele>
   </trkpt>
   <trkpt lat="45.710440000000006" lon="6.186240000000001">
    <ele>1605.91</ele>
   </trkpt>
   <trkpt lat="45.71059" lon="6.186050000000001">
    <ele>1600.66</ele>
   </trkpt>
   <trkpt lat="45.71078000000001" lon="6.185840000000001">
    <ele>1591.7500000000002</ele>
   </trkpt>
   <trkpt lat="45.710890000000006" lon="6.185770000000001">
    <ele>1591.7500000000002</ele>
   </trkpt>
   <trkpt lat="45.71105000000001" lon="6.18559">
    <ele>1586.0400000000002</ele>
   </trkpt>
   <trkpt lat="45.711040000000004" lon="6.185510000000001">
    <ele>1581.26</ele>
   </trkpt>
   <trkpt lat="45.71074" lon="6.18541">
    <ele>1572.8300000000002</ele>
   </trkpt>
   <trkpt lat="45.71069000000001" lon="6.185370000000001">
    <ele>1570.4600000000003</ele>
   </trkpt>
   <trkpt lat="45.71072" lon="6.1852800000000006">
    <ele>1569.4500000000003</ele>
   </trkpt>
   <trkpt lat="45.71088" lon="6.18515">
    <ele>1565.8700000000001</ele>
   </trkpt>
   <trkpt lat="45.71096000000001" lon="6.18503">
    <ele>1562.51</ele>
   </trkpt>
   <trkpt lat="45.71103" lon="6.18498">
    <ele>1559.6000000000001</ele>
   </trkpt>
   <trkpt lat="45.71105000000001" lon="6.1849300000000005">
    <ele>1559.6000000000001</ele>
   </trkpt>
   <trkpt lat="45.711040000000004" lon="6.184880000000001">
    <ele>1556.42</ele>
   </trkpt>
   <trkpt lat="45.710770000000004" lon="6.184810000000001">
    <ele>1547.8100000000002</ele>
   </trkpt>
   <trkpt lat="45.710370000000005" lon="6.184640000000001">
    <ele>1539.0800000000002</ele>
   </trkpt>
   <trkpt lat="45.71025" lon="6.18458">
    <ele>1533.77</ele>
   </trkpt>
   <trkpt lat="45.71022000000001" lon="6.184500000000001">
    <ele>1531.19</ele>
   </trkpt>
   <trkpt lat="45.71022000000001" lon="6.18444">
    <ele>1529.97</ele>
   </trkpt>
   <trkpt lat="45.71025" lon="6.184380000000001">
    <ele>1528.8100000000002</ele>
   </trkpt>
   <trkpt lat="45.710570000000004" lon="6.18409">
    <ele>1519.53</ele>
   </trkpt>
   <trkpt lat="45.71059" lon="6.18402">
    <ele>1518.42</ele>
   </trkpt>
   <trkpt lat="45.710570000000004" lon="6.183940000000001">
    <ele>1517.19</ele>
   </trkpt>
   <trkpt lat="45.7105" lon="6.18386">
    <ele>1514.3300000000002</ele>
   </trkpt>
   <trkpt lat="45.71027" lon="6.18369">
    <ele>1506.48</ele>
   </trkpt>
   <trkpt lat="45.71003" lon="6.1835700000000005">
    <ele>1500.64</ele>
   </trkpt>
   <trkpt lat="45.709830000000004" lon="6.183490000000001">
    <ele>1490.16</ele>
   </trkpt>
   <trkpt lat="45.70937000000001" lon="6.183450000000001">
    <ele>1475.23</ele>
   </trkpt>
   <trkpt lat="45.709250000000004" lon="6.183350000000001">
    <ele>1472.89</ele>
   </trkpt>
   <trkpt lat="45.70918" lon="6.183210000000001">
    <ele>1469.5200000000002</ele>
   </trkpt>
   <trkpt lat="45.708980000000004" lon="6.18325">
    <ele>1464.3400000000001</ele>
   </trkpt>
   <trkpt lat="45.70888" lon="6.183190000000001">
    <ele>1463.2900000000002</ele>
   </trkpt>
   <trkpt lat="45.708760000000005" lon="6.18304">
    <ele>1458.97</ele>
   </trkpt>
   <trkpt lat="45.708490000000005" lon="6.18297">
    <ele>1454.15</ele>
   </trkpt>
   <trkpt lat="45.708330000000004" lon="6.182860000000001">
    <ele>1451.15</ele>
   </trkpt>
   <trkpt lat="45.708220000000004" lon="6.182910000000001">
    <ele>1446.83</ele>
   </trkpt>
   <trkpt lat="45.7081" lon="6.182860000000001">
    <ele>1444.8700000000001</ele>
   </trkpt>
   <trkpt lat="45.70788" lon="6.18285">
    <ele>1440.0900000000001</ele>
   </trkpt>
   <trkpt lat="45.70787000000001" lon="6.182740000000001">
    <ele>1437.84</ele>
   </trkpt>
   <trkpt lat="45.70774" lon="6.182720000000001">
    <ele>1434.76</ele>
   </trkpt>
   <trkpt lat="45.7077" lon="6.182370000000001">
    <ele>1422.25</ele>
   </trkpt>
   <trkpt lat="45.707820000000005" lon="6.182080000000001">
    <ele>1413.51</ele>
   </trkpt>
   <trkpt lat="45.707890000000006" lon="6.18198">
    <ele>1412.1000000000001</ele>
   </trkpt>
   <trkpt lat="45.70794" lon="6.181780000000001">
    <ele>1409.52</ele>
   </trkpt>
   <trkpt lat="45.707950000000004" lon="6.181620000000001">
    <ele>1405.99</ele>
   </trkpt>
   <trkpt lat="45.708040000000004" lon="6.181400000000001">
    <ele>1399.43</ele>
   </trkpt>
   <trkpt lat="45.708000000000006" lon="6.181310000000001">
    <ele>1397.93</ele>
   </trkpt>
   <trkpt lat="45.707910000000005" lon="6.181330000000001">
    <ele>1396.32</ele>
   </trkpt>
   <trkpt lat="45.70787000000001" lon="6.18118">
    <ele>1389.34</ele>
   </trkpt>
   <trkpt lat="45.707890000000006" lon="6.18106">
    <ele>1387.73</ele>
   </trkpt>
   <trkpt lat="45.708000000000006" lon="6.180860000000001">
    <ele>1382.18</ele>
   </trkpt>
   <trkpt lat="45.70801" lon="6.180680000000001">
    <ele>1378.8500000000001</ele>
   </trkpt>
   <trkpt lat="45.70806" lon="6.180440000000001">
    <ele>1375.31</ele>
   </trkpt>
   <trkpt lat="45.70812" lon="6.180390000000001">
    <ele>1374.6100000000001</ele>
   </trkpt>
   <trkpt lat="45.70814" lon="6.1802600000000005">
    <ele>1372.3400000000001</ele>
   </trkpt>
   <trkpt lat="45.70819" lon="6.1802">
    <ele>1372.3400000000001</ele>
   </trkpt>
   <trkpt lat="45.708180000000006" lon="6.180110000000001">
    <ele>1371.64</ele>
   </trkpt>
   <trkpt lat="45.708070000000006" lon="6.1797200000000005">
    <ele>1366.06</ele>
   </trkpt>
   <trkpt lat="45.707890000000006" lon="6.17949">
    <ele>1353.97</ele>
   </trkpt>
   <trkpt lat="45.70788" lon="6.1793000000000005">
    <ele>1353.97</ele>
   </trkpt>
   <trkpt lat="45.70783" lon="6.17924">
    <ele>1350.97</ele>
   </trkpt>
   <trkpt lat="45.70779" lon="6.17914">
    <ele>1350.97</ele>
   </trkpt>
   <trkpt lat="45.707620000000006" lon="6.178920000000001">
    <ele>1345.44</ele>
   </trkpt>
   <trkpt lat="45.70759" lon="6.17886">
    <ele>1334.1200000000001</ele>
   </trkpt>
   <trkpt lat="45.707570000000004" lon="6.17874">
    <ele>1334.1200000000001</ele>
   </trkpt>
   <trkpt lat="45.70740000000001" lon="6.178350000000001">
    <ele>1327.3799999999999</ele>
   </trkpt>
   <trkpt lat="45.707370000000004" lon="6.178210000000001">
    <ele>1327.3799999999999</ele>
   </trkpt>
   <trkpt lat="45.70722000000001" lon="6.1778200000000005">
    <ele>1316.03</ele>
   </trkpt>
   <trkpt lat="45.70698" lon="6.17703">
    <ele>1302.48</ele>
   </trkpt>
   <trkpt lat="45.706880000000005" lon="6.17665">
    <ele>1295.39</ele>
   </trkpt>
   <trkpt lat="45.70675000000001" lon="6.17637">
    <ele>1292.0</ele>
   </trkpt>
   <trkpt lat="45.70655000000001" lon="6.175800000000001">
    <ele>1281.7800000000002</ele>
   </trkpt>
   <trkpt lat="45.706520000000005" lon="6.175490000000001">
    <ele>1277.47</ele>
   </trkpt>
   <trkpt lat="45.706500000000005" lon="6.17492">
    <ele>1266.4700000000003</ele>
   </trkpt>
   <trkpt lat="45.70656" lon="6.174600000000001">
    <ele>1258.3300000000002</ele>
   </trkpt>
   <trkpt lat="45.706570000000006" lon="6.17431">
    <ele>1255.83</ele>
   </trkpt>
   <trkpt lat="45.706520000000005" lon="6.17424">
    <ele>1253.19</ele>
   </trkpt>
   <trkpt lat="45.70651" lon="6.17417">
    <ele>1251.8100000000002</ele>
   </trkpt>
   <trkpt lat="45.70653" lon="6.173900000000001">
    <ele>1245.3</ele>
   </trkpt>
   <trkpt lat="45.706500000000005" lon="6.173850000000001">
    <ele>1241.6100000000001</ele>
   </trkpt>
   <trkpt lat="45.706430000000005" lon="6.1738100000000005">
    <ele>1239.8600000000001</ele>
   </trkpt>
   <trkpt lat="45.706410000000005" lon="6.17311">
    <ele>1224.3300000000002</ele>
   </trkpt>
   <trkpt lat="45.70628000000001" lon="6.17292">
    <ele>1219.2500000000002</ele>
   </trkpt>
   <trkpt lat="45.7062" lon="6.172860000000001">
    <ele>1217.21</ele>
   </trkpt>
   <trkpt lat="45.70613" lon="6.172750000000001">
    <ele>1215.48</ele>
   </trkpt>
   <trkpt lat="45.70611" lon="6.172680000000001">
    <ele>1213.0700000000002</ele>
   </trkpt>
   <trkpt lat="45.70591" lon="6.172560000000001">
    <ele>1209.2</ele>
   </trkpt>
   <trkpt lat="45.7058" lon="6.172470000000001">
    <ele>1205.7</ele>
   </trkpt>
   <trkpt lat="45.70577" lon="6.172370000000001">
    <ele>1204.5800000000002</ele>
   </trkpt>
   <trkpt lat="45.705760000000005" lon="6.17215">
    <ele>1201.78</ele>
   </trkpt>
  </trkseg>
 </trk>
</gpx>
