<?xml version="1.0" encoding="UTF-8"?>
<gpx creator="StravaGPX" version="1.1" xmlns="http://www.topografix.com/GPX/1/1" xmlns:xsi="http://www.w3.org/2001/XMLSchema-instance" xsi:schemaLocation="http://www.topografix.com/GPX/1/1 http://www.topografix.com/GPX/1/1/gpx.xsd">
 <metadata>
  <name>14 2000 bauges V2</name>
  <author>
   <name>Emilien Marion</name>
   <link href="https://www.strava.com/athletes/79224240"/>
  </author>
  <copyright author="OpenStreetMap contributors">
   <year>2020</year>
   <license>https://www.openstreetmap.org/copyright</license>
  </copyright>
  <link href="https://www.strava.com/routes/3203751822750265220"/>
 </metadata>
 <wpt lat="45.70588" lon="6.31114">
  <name>ravito 1</name>
  <desc></desc>
  <sym>Beach</sym>
  <type>Beach</type>
 </wpt>
 <wpt lat="45.68218" lon="6.23458">
  <name>ravito</name>
  <desc></desc>
  <sym>Beach</sym>
  <type>Beach</type>
 </wpt>
 <wpt lat="45.64604" lon="6.23745">
  <name>ravito</name>
  <desc></desc>
  <sym>Beach</sym>
  <type>Beach</type>
 </wpt>
 <wpt lat="45.61724" lon="6.14594">
  <name>ravito</name>
  <desc></desc>
  <sym>Beach</sym>
  <type>Beach</type>
 </wpt>
 <wpt lat="45.66923" lon="6.16052">
  <name>ravito</name>
  <desc></desc>
  <sym>Beach</sym>
  <type>Beach</type>
 </wpt>
 <trk>
  <name>14 2000 bauges V2</name>
  <link href="https://www.strava.com/routes/3203751822750265220"/>
  <type>running</type>
  <trkseg>
   <trkpt lat="45.73691" lon="6.368950000000001">
    <ele>1193.14</ele>
   </trkpt>
   <trkpt lat="45.73678" lon="6.36852">
    <ele>1193.44</ele>
   </trkpt>
   <trkpt lat="45.736580000000004" lon="6.36819">
    <ele>1194.4800000000002</ele>
   </trkpt>
   <trkpt lat="45.736520000000006" lon="6.368040000000001">
    <ele>1194.44</ele>
   </trkpt>
   <trkpt lat="45.736430000000006" lon="6.367890000000001">
    <ele>1194.15</ele>
   </trkpt>
   <trkpt lat="45.736230000000006" lon="6.367570000000001">
    <ele>1192.8899999999999</ele>
   </trkpt>
   <trkpt lat="45.736160000000005" lon="6.367500000000001">
    <ele>1192.8899999999999</ele>
   </trkpt>
   <trkpt lat="45.73603000000001" lon="6.3674800000000005">
    <ele>1192.1200000000001</ele>
   </trkpt>
   <trkpt lat="45.7359" lon="6.367500000000001">
    <ele>1191.2500000000002</ele>
   </trkpt>
   <trkpt lat="45.73574000000001" lon="6.3675500000000005">
    <ele>1189.17</ele>
   </trkpt>
   <trkpt lat="45.73552" lon="6.367730000000001">
    <ele>1186.1000000000001</ele>
   </trkpt>
   <trkpt lat="45.735420000000005" lon="6.367710000000001">
    <ele>1186.41</ele>
   </trkpt>
   <trkpt lat="45.735350000000004" lon="6.367660000000001">
    <ele>1186.6000000000001</ele>
   </trkpt>
   <trkpt lat="45.735240000000005" lon="6.367470000000001">
    <ele>1186.44</ele>
   </trkpt>
   <trkpt lat="45.73503" lon="6.3672200000000005">
    <ele>1187.04</ele>
   </trkpt>
   <trkpt lat="45.734730000000006" lon="6.36709">
    <ele>1192.6100000000001</ele>
   </trkpt>
   <trkpt lat="45.734370000000006" lon="6.36664">
    <ele>1199.1900000000003</ele>
   </trkpt>
   <trkpt lat="45.733900000000006" lon="6.36629">
    <ele>1202.52</ele>
   </trkpt>
   <trkpt lat="45.73362" lon="6.36605">
    <ele>1210.22</ele>
   </trkpt>
   <trkpt lat="45.733160000000005" lon="6.3658">
    <ele>1215.4600000000003</ele>
   </trkpt>
   <trkpt lat="45.732730000000004" lon="6.36589">
    <ele>1221.46</ele>
   </trkpt>
   <trkpt lat="45.732310000000005" lon="6.36542">
    <ele>1227.16</ele>
   </trkpt>
   <trkpt lat="45.732200000000006" lon="6.365360000000001">
    <ele>1229.88</ele>
   </trkpt>
   <trkpt lat="45.73214" lon="6.36537">
    <ele>1230.7</ele>
   </trkpt>
   <trkpt lat="45.73208" lon="6.3653200000000005">
    <ele>1231.98</ele>
   </trkpt>
   <trkpt lat="45.73203" lon="6.36516">
    <ele>1232.7700000000002</ele>
   </trkpt>
   <trkpt lat="45.732000000000006" lon="6.36483">
    <ele>1235.5</ele>
   </trkpt>
   <trkpt lat="45.731910000000006" lon="6.364750000000001">
    <ele>1235.5</ele>
   </trkpt>
   <trkpt lat="45.731820000000006" lon="6.364920000000001">
    <ele>1237.26</ele>
   </trkpt>
   <trkpt lat="45.73174" lon="6.36488">
    <ele>1238.39</ele>
   </trkpt>
   <trkpt lat="45.73169" lon="6.364890000000001">
    <ele>1239.98</ele>
   </trkpt>
   <trkpt lat="45.731640000000006" lon="6.36495">
    <ele>1241.03</ele>
   </trkpt>
   <trkpt lat="45.7316" lon="6.364960000000001">
    <ele>1242.2600000000002</ele>
   </trkpt>
   <trkpt lat="45.73151000000001" lon="6.36493">
    <ele>1245.2500000000002</ele>
   </trkpt>
   <trkpt lat="45.73151000000001" lon="6.36488">
    <ele>1245.2500000000002</ele>
   </trkpt>
   <trkpt lat="45.731460000000006" lon="6.364890000000001">
    <ele>1245.2500000000002</ele>
   </trkpt>
   <trkpt lat="45.73136" lon="6.36483">
    <ele>1253.63</ele>
   </trkpt>
   <trkpt lat="45.731410000000004" lon="6.3646400000000005">
    <ele>1253.63</ele>
   </trkpt>
   <trkpt lat="45.731370000000005" lon="6.364630000000001">
    <ele>1261.68</ele>
   </trkpt>
   <trkpt lat="45.731350000000006" lon="6.36455">
    <ele>1261.68</ele>
   </trkpt>
   <trkpt lat="45.73136" lon="6.3645000000000005">
    <ele>1261.68</ele>
   </trkpt>
   <trkpt lat="45.73134" lon="6.36441">
    <ele>1264.8000000000002</ele>
   </trkpt>
   <trkpt lat="45.731370000000005" lon="6.36408">
    <ele>1272.18</ele>
   </trkpt>
   <trkpt lat="45.73134" lon="6.36385">
    <ele>1277.15</ele>
   </trkpt>
   <trkpt lat="45.73118" lon="6.36404">
    <ele>1281.2400000000002</ele>
   </trkpt>
   <trkpt lat="45.731080000000006" lon="6.364050000000001">
    <ele>1283.4</ele>
   </trkpt>
   <trkpt lat="45.731030000000004" lon="6.36408">
    <ele>1285.73</ele>
   </trkpt>
   <trkpt lat="45.730940000000004" lon="6.3641000000000005">
    <ele>1289.44</ele>
   </trkpt>
   <trkpt lat="45.731" lon="6.363910000000001">
    <ele>1292.0900000000001</ele>
   </trkpt>
   <trkpt lat="45.731010000000005" lon="6.36359">
    <ele>1300.8300000000002</ele>
   </trkpt>
   <trkpt lat="45.73107" lon="6.36331">
    <ele>1305.42</ele>
   </trkpt>
   <trkpt lat="45.73102" lon="6.36291">
    <ele>1319.53</ele>
   </trkpt>
   <trkpt lat="45.73091" lon="6.363020000000001">
    <ele>1323.0300000000002</ele>
   </trkpt>
   <trkpt lat="45.730760000000004" lon="6.363090000000001">
    <ele>1330.1900000000003</ele>
   </trkpt>
   <trkpt lat="45.73068000000001" lon="6.36305">
    <ele>1330.1900000000003</ele>
   </trkpt>
   <trkpt lat="45.73064" lon="6.362970000000001">
    <ele>1331.62</ele>
   </trkpt>
   <trkpt lat="45.730610000000006" lon="6.36265">
    <ele>1341.7100000000003</ele>
   </trkpt>
   <trkpt lat="45.73051" lon="6.362500000000001">
    <ele>1345.5400000000002</ele>
   </trkpt>
   <trkpt lat="45.730500000000006" lon="6.36242">
    <ele>1345.5400000000002</ele>
   </trkpt>
   <trkpt lat="45.73044" lon="6.362380000000001">
    <ele>1355.3200000000002</ele>
   </trkpt>
   <trkpt lat="45.730450000000005" lon="6.362290000000001">
    <ele>1355.3200000000002</ele>
   </trkpt>
   <trkpt lat="45.7304" lon="6.362260000000001">
    <ele>1355.3200000000002</ele>
   </trkpt>
   <trkpt lat="45.730360000000005" lon="6.362080000000001">
    <ele>1367.64</ele>
   </trkpt>
   <trkpt lat="45.73031" lon="6.36195">
    <ele>1367.64</ele>
   </trkpt>
   <trkpt lat="45.73024" lon="6.36188">
    <ele>1371.4</ele>
   </trkpt>
   <trkpt lat="45.730160000000005" lon="6.361860000000001">
    <ele>1376.5500000000002</ele>
   </trkpt>
   <trkpt lat="45.73015" lon="6.36183">
    <ele>1376.5500000000002</ele>
   </trkpt>
   <trkpt lat="45.73012000000001" lon="6.36183">
    <ele>1378.3700000000001</ele>
   </trkpt>
   <trkpt lat="45.73008" lon="6.361720000000001">
    <ele>1380.3200000000002</ele>
   </trkpt>
   <trkpt lat="45.7301" lon="6.361700000000001">
    <ele>1384.54</ele>
   </trkpt>
   <trkpt lat="45.72999" lon="6.36136">
    <ele>1393.16</ele>
   </trkpt>
   <trkpt lat="45.72999" lon="6.361300000000001">
    <ele>1393.16</ele>
   </trkpt>
   <trkpt lat="45.72992000000001" lon="6.361180000000001">
    <ele>1399.2900000000002</ele>
   </trkpt>
   <trkpt lat="45.72993" lon="6.361160000000001">
    <ele>1399.2900000000002</ele>
   </trkpt>
   <trkpt lat="45.729820000000004" lon="6.36101">
    <ele>1403.99</ele>
   </trkpt>
   <trkpt lat="45.72977" lon="6.3609800000000005">
    <ele>1405.46</ele>
   </trkpt>
   <trkpt lat="45.72974000000001" lon="6.36089">
    <ele>1408.0900000000001</ele>
   </trkpt>
   <trkpt lat="45.729670000000006" lon="6.360860000000001">
    <ele>1411.71</ele>
   </trkpt>
   <trkpt lat="45.729530000000004" lon="6.36103">
    <ele>1415.51</ele>
   </trkpt>
   <trkpt lat="45.72939" lon="6.361000000000001">
    <ele>1419.67</ele>
   </trkpt>
   <trkpt lat="45.72925" lon="6.36075">
    <ele>1427.3200000000002</ele>
   </trkpt>
   <trkpt lat="45.72909000000001" lon="6.36056">
    <ele>1433.22</ele>
   </trkpt>
   <trkpt lat="45.7289" lon="6.360250000000001">
    <ele>1447.47</ele>
   </trkpt>
   <trkpt lat="45.728840000000005" lon="6.360220000000001">
    <ele>1447.47</ele>
   </trkpt>
   <trkpt lat="45.728820000000006" lon="6.360150000000001">
    <ele>1447.47</ele>
   </trkpt>
   <trkpt lat="45.728770000000004" lon="6.36012">
    <ele>1450.86</ele>
   </trkpt>
   <trkpt lat="45.728770000000004" lon="6.360060000000001">
    <ele>1452.63</ele>
   </trkpt>
   <trkpt lat="45.72869" lon="6.360010000000001">
    <ele>1456.29</ele>
   </trkpt>
   <trkpt lat="45.72871000000001" lon="6.359960000000001">
    <ele>1456.29</ele>
   </trkpt>
   <trkpt lat="45.728660000000005" lon="6.359940000000001">
    <ele>1456.29</ele>
   </trkpt>
   <trkpt lat="45.728680000000004" lon="6.359850000000001">
    <ele>1465.78</ele>
   </trkpt>
   <trkpt lat="45.728640000000006" lon="6.3598300000000005">
    <ele>1465.78</ele>
   </trkpt>
   <trkpt lat="45.72862000000001" lon="6.359680000000001">
    <ele>1465.78</ele>
   </trkpt>
   <trkpt lat="45.72858" lon="6.35967">
    <ele>1473.5800000000002</ele>
   </trkpt>
   <trkpt lat="45.728590000000004" lon="6.359590000000001">
    <ele>1473.5800000000002</ele>
   </trkpt>
   <trkpt lat="45.72856" lon="6.3595500000000005">
    <ele>1473.5800000000002</ele>
   </trkpt>
   <trkpt lat="45.72858" lon="6.359500000000001">
    <ele>1473.5800000000002</ele>
   </trkpt>
   <trkpt lat="45.72856" lon="6.35944">
    <ele>1481.5900000000001</ele>
   </trkpt>
   <trkpt lat="45.728570000000005" lon="6.35939">
    <ele>1481.5900000000001</ele>
   </trkpt>
   <trkpt lat="45.728530000000006" lon="6.3593">
    <ele>1485.44</ele>
   </trkpt>
   <trkpt lat="45.72849" lon="6.3593">
    <ele>1485.44</ele>
   </trkpt>
   <trkpt lat="45.728500000000004" lon="6.35927">
    <ele>1487.24</ele>
   </trkpt>
   <trkpt lat="45.728410000000004" lon="6.359170000000001">
    <ele>1490.5900000000001</ele>
   </trkpt>
   <trkpt lat="45.728370000000005" lon="6.35918">
    <ele>1490.5900000000001</ele>
   </trkpt>
   <trkpt lat="45.728190000000005" lon="6.35913">
    <ele>1500.41</ele>
   </trkpt>
   <trkpt lat="45.7282" lon="6.35909">
    <ele>1500.41</ele>
   </trkpt>
   <trkpt lat="45.72807" lon="6.358980000000001">
    <ele>1509.48</ele>
   </trkpt>
   <trkpt lat="45.72796" lon="6.35883">
    <ele>1509.48</ele>
   </trkpt>
   <trkpt lat="45.727920000000005" lon="6.358750000000001">
    <ele>1509.48</ele>
   </trkpt>
   <trkpt lat="45.727940000000004" lon="6.35871">
    <ele>1522.7400000000002</ele>
   </trkpt>
   <trkpt lat="45.72789" lon="6.3586800000000006">
    <ele>1522.7400000000002</ele>
   </trkpt>
   <trkpt lat="45.72789" lon="6.358630000000001">
    <ele>1522.7400000000002</ele>
   </trkpt>
   <trkpt lat="45.727850000000004" lon="6.35862">
    <ele>1522.7400000000002</ele>
   </trkpt>
   <trkpt lat="45.72789" lon="6.358510000000001">
    <ele>1522.7400000000002</ele>
   </trkpt>
   <trkpt lat="45.72777000000001" lon="6.358370000000001">
    <ele>1531.77</ele>
   </trkpt>
   <trkpt lat="45.727740000000004" lon="6.35817">
    <ele>1541.49</ele>
   </trkpt>
   <trkpt lat="45.72771" lon="6.358160000000001">
    <ele>1541.49</ele>
   </trkpt>
   <trkpt lat="45.727720000000005" lon="6.3581">
    <ele>1541.49</ele>
   </trkpt>
   <trkpt lat="45.72769" lon="6.35808">
    <ele>1541.49</ele>
   </trkpt>
   <trkpt lat="45.72771" lon="6.35801">
    <ele>1541.49</ele>
   </trkpt>
   <trkpt lat="45.72766" lon="6.357970000000001">
    <ele>1541.49</ele>
   </trkpt>
   <trkpt lat="45.727630000000005" lon="6.357880000000001">
    <ele>1554.7700000000002</ele>
   </trkpt>
   <trkpt lat="45.7276" lon="6.35787">
    <ele>1554.7700000000002</ele>
   </trkpt>
   <trkpt lat="45.72758" lon="6.3578">
    <ele>1554.7700000000002</ele>
   </trkpt>
   <trkpt lat="45.727450000000005" lon="6.35768">
    <ele>1558.7000000000003</ele>
   </trkpt>
   <trkpt lat="45.727470000000004" lon="6.35763">
    <ele>1558.7000000000003</ele>
   </trkpt>
   <trkpt lat="45.727360000000004" lon="6.357520000000001">
    <ele>1566.72</ele>
   </trkpt>
   <trkpt lat="45.72739000000001" lon="6.35744">
    <ele>1570.54</ele>
   </trkpt>
   <trkpt lat="45.72711" lon="6.3571800000000005">
    <ele>1580.6200000000001</ele>
   </trkpt>
   <trkpt lat="45.72710000000001" lon="6.357100000000001">
    <ele>1588.0700000000002</ele>
   </trkpt>
   <trkpt lat="45.72693" lon="6.356870000000001">
    <ele>1596.15</ele>
   </trkpt>
   <trkpt lat="45.72683000000001" lon="6.35695">
    <ele>1599.5700000000002</ele>
   </trkpt>
   <trkpt lat="45.726780000000005" lon="6.356870000000001">
    <ele>1599.5700000000002</ele>
   </trkpt>
   <trkpt lat="45.72673" lon="6.356870000000001">
    <ele>1606.5600000000002</ele>
   </trkpt>
   <trkpt lat="45.72674000000001" lon="6.356800000000001">
    <ele>1606.5600000000002</ele>
   </trkpt>
   <trkpt lat="45.726620000000004" lon="6.356730000000001">
    <ele>1615.5100000000002</ele>
   </trkpt>
   <trkpt lat="45.726560000000006" lon="6.356750000000001">
    <ele>1615.5100000000002</ele>
   </trkpt>
   <trkpt lat="45.726510000000005" lon="6.35644">
    <ele>1625.1700000000003</ele>
   </trkpt>
   <trkpt lat="45.726510000000005" lon="6.35634">
    <ele>1625.1700000000003</ele>
   </trkpt>
   <trkpt lat="45.726530000000004" lon="6.35625">
    <ele>1626.8300000000002</ele>
   </trkpt>
   <trkpt lat="45.726510000000005" lon="6.35613">
    <ele>1626.8300000000002</ele>
   </trkpt>
   <trkpt lat="45.72645000000001" lon="6.35608">
    <ele>1633.79</ele>
   </trkpt>
   <trkpt lat="45.726440000000004" lon="6.3560300000000005">
    <ele>1633.79</ele>
   </trkpt>
   <trkpt lat="45.72637" lon="6.35599">
    <ele>1636.95</ele>
   </trkpt>
   <trkpt lat="45.726420000000005" lon="6.35585">
    <ele>1638.3700000000001</ele>
   </trkpt>
   <trkpt lat="45.7265" lon="6.35578">
    <ele>1643.68</ele>
   </trkpt>
   <trkpt lat="45.72657" lon="6.355670000000001">
    <ele>1643.68</ele>
   </trkpt>
   <trkpt lat="45.72648" lon="6.35561">
    <ele>1650.5100000000002</ele>
   </trkpt>
   <trkpt lat="45.72639" lon="6.355480000000001">
    <ele>1653.1000000000001</ele>
   </trkpt>
   <trkpt lat="45.7263" lon="6.355410000000001">
    <ele>1656.88</ele>
   </trkpt>
   <trkpt lat="45.726110000000006" lon="6.35531">
    <ele>1661.01</ele>
   </trkpt>
   <trkpt lat="45.726090000000006" lon="6.355250000000001">
    <ele>1664.0400000000002</ele>
   </trkpt>
   <trkpt lat="45.726040000000005" lon="6.355230000000001">
    <ele>1665.49</ele>
   </trkpt>
   <trkpt lat="45.72612" lon="6.3551400000000005">
    <ele>1668.1500000000003</ele>
   </trkpt>
   <trkpt lat="45.725910000000006" lon="6.355040000000001">
    <ele>1673.16</ele>
   </trkpt>
   <trkpt lat="45.725950000000005" lon="6.354870000000001">
    <ele>1677.31</ele>
   </trkpt>
   <trkpt lat="45.725880000000004" lon="6.35486">
    <ele>1682.74</ele>
   </trkpt>
   <trkpt lat="45.725910000000006" lon="6.35477">
    <ele>1682.74</ele>
   </trkpt>
   <trkpt lat="45.72585" lon="6.354760000000001">
    <ele>1682.74</ele>
   </trkpt>
   <trkpt lat="45.72572" lon="6.354590000000001">
    <ele>1689.6700000000003</ele>
   </trkpt>
   <trkpt lat="45.72581" lon="6.354500000000001">
    <ele>1692.05</ele>
   </trkpt>
   <trkpt lat="45.725530000000006" lon="6.3543400000000005">
    <ele>1704.0100000000002</ele>
   </trkpt>
   <trkpt lat="45.72547" lon="6.354360000000001">
    <ele>1704.0100000000002</ele>
   </trkpt>
   <trkpt lat="45.725390000000004" lon="6.35432">
    <ele>1704.0100000000002</ele>
   </trkpt>
   <trkpt lat="45.725500000000004" lon="6.354">
    <ele>1717.5800000000002</ele>
   </trkpt>
   <trkpt lat="45.725570000000005" lon="6.35393">
    <ele>1722.7</ele>
   </trkpt>
   <trkpt lat="45.725570000000005" lon="6.353870000000001">
    <ele>1722.7</ele>
   </trkpt>
   <trkpt lat="45.72560000000001" lon="6.353860000000001">
    <ele>1728.19</ele>
   </trkpt>
   <trkpt lat="45.725660000000005" lon="6.3537300000000005">
    <ele>1734.01</ele>
   </trkpt>
   <trkpt lat="45.725730000000006" lon="6.35364">
    <ele>1734.01</ele>
   </trkpt>
   <trkpt lat="45.72571000000001" lon="6.353560000000001">
    <ele>1752.0300000000002</ele>
   </trkpt>
   <trkpt lat="45.725770000000004" lon="6.353490000000001">
    <ele>1752.0300000000002</ele>
   </trkpt>
   <trkpt lat="45.725730000000006" lon="6.35339">
    <ele>1752.0300000000002</ele>
   </trkpt>
   <trkpt lat="45.725770000000004" lon="6.353350000000001">
    <ele>1752.0300000000002</ele>
   </trkpt>
   <trkpt lat="45.725750000000005" lon="6.35327">
    <ele>1764.5300000000002</ele>
   </trkpt>
   <trkpt lat="45.725770000000004" lon="6.353180000000001">
    <ele>1764.5300000000002</ele>
   </trkpt>
   <trkpt lat="45.725730000000006" lon="6.35306">
    <ele>1770.52</ele>
   </trkpt>
   <trkpt lat="45.72578" lon="6.3531200000000005">
    <ele>1778.13</ele>
   </trkpt>
   <trkpt lat="45.725770000000004" lon="6.35301">
    <ele>1778.13</ele>
   </trkpt>
   <trkpt lat="45.72579" lon="6.35299">
    <ele>1782.8700000000001</ele>
   </trkpt>
   <trkpt lat="45.72574" lon="6.3528">
    <ele>1789.1200000000001</ele>
   </trkpt>
   <trkpt lat="45.72561" lon="6.35254">
    <ele>1797.7500000000002</ele>
   </trkpt>
   <trkpt lat="45.72563" lon="6.3523700000000005">
    <ele>1800.27</ele>
   </trkpt>
   <trkpt lat="45.72560000000001" lon="6.35226">
    <ele>1802.45</ele>
   </trkpt>
   <trkpt lat="45.72551000000001" lon="6.352130000000001">
    <ele>1806.72</ele>
   </trkpt>
   <trkpt lat="45.72545" lon="6.352010000000001">
    <ele>1808.51</ele>
   </trkpt>
   <trkpt lat="45.72543" lon="6.351920000000001">
    <ele>1814.27</ele>
   </trkpt>
   <trkpt lat="45.72545" lon="6.351870000000001">
    <ele>1816.0200000000002</ele>
   </trkpt>
   <trkpt lat="45.72545" lon="6.3516900000000005">
    <ele>1819.92</ele>
   </trkpt>
   <trkpt lat="45.72542000000001" lon="6.35153">
    <ele>1821.8200000000002</ele>
   </trkpt>
   <trkpt lat="45.72536" lon="6.351430000000001">
    <ele>1823.9</ele>
   </trkpt>
   <trkpt lat="45.72531" lon="6.35123">
    <ele>1829.66</ele>
   </trkpt>
   <trkpt lat="45.72532" lon="6.351140000000001">
    <ele>1829.66</ele>
   </trkpt>
   <trkpt lat="45.725260000000006" lon="6.350930000000001">
    <ele>1837.47</ele>
   </trkpt>
   <trkpt lat="45.72518" lon="6.350860000000001">
    <ele>1838.5900000000001</ele>
   </trkpt>
   <trkpt lat="45.72511" lon="6.350750000000001">
    <ele>1841.73</ele>
   </trkpt>
   <trkpt lat="45.725080000000005" lon="6.350530000000001">
    <ele>1845.39</ele>
   </trkpt>
   <trkpt lat="45.725030000000004" lon="6.35048">
    <ele>1848.7700000000002</ele>
   </trkpt>
   <trkpt lat="45.724990000000005" lon="6.35038">
    <ele>1853.2100000000003</ele>
   </trkpt>
   <trkpt lat="45.72498" lon="6.35024">
    <ele>1858.14</ele>
   </trkpt>
   <trkpt lat="45.72502" lon="6.35022">
    <ele>1860.3200000000002</ele>
   </trkpt>
   <trkpt lat="45.725010000000005" lon="6.350020000000001">
    <ele>1863.6800000000003</ele>
   </trkpt>
   <trkpt lat="45.72491" lon="6.349900000000001">
    <ele>1867.8400000000001</ele>
   </trkpt>
   <trkpt lat="45.72482" lon="6.34984">
    <ele>1872.54</ele>
   </trkpt>
   <trkpt lat="45.72482" lon="6.34973">
    <ele>1875.3700000000001</ele>
   </trkpt>
   <trkpt lat="45.7248" lon="6.349690000000001">
    <ele>1876.63</ele>
   </trkpt>
   <trkpt lat="45.72467" lon="6.3496500000000005">
    <ele>1880.0500000000002</ele>
   </trkpt>
   <trkpt lat="45.72458" lon="6.349500000000001">
    <ele>1882.5600000000002</ele>
   </trkpt>
   <trkpt lat="45.72446" lon="6.349430000000001">
    <ele>1884.6</ele>
   </trkpt>
   <trkpt lat="45.72435" lon="6.349200000000001">
    <ele>1889.1100000000001</ele>
   </trkpt>
   <trkpt lat="45.724380000000004" lon="6.34919">
    <ele>1890.75</ele>
   </trkpt>
   <trkpt lat="45.72446" lon="6.34928">
    <ele>1892.54</ele>
   </trkpt>
   <trkpt lat="45.72449" lon="6.34926">
    <ele>1896.3700000000001</ele>
   </trkpt>
   <trkpt lat="45.72453" lon="6.3493">
    <ele>1896.3700000000001</ele>
   </trkpt>
   <trkpt lat="45.724560000000004" lon="6.34928">
    <ele>1900.36</ele>
   </trkpt>
   <trkpt lat="45.72453" lon="6.3491100000000005">
    <ele>1904.4600000000003</ele>
   </trkpt>
   <trkpt lat="45.72455" lon="6.349100000000001">
    <ele>1904.4600000000003</ele>
   </trkpt>
   <trkpt lat="45.72458" lon="6.34914">
    <ele>1908.7600000000002</ele>
   </trkpt>
   <trkpt lat="45.724610000000006" lon="6.349130000000001">
    <ele>1908.7600000000002</ele>
   </trkpt>
   <trkpt lat="45.724560000000004" lon="6.3489700000000004">
    <ele>1917.8400000000001</ele>
   </trkpt>
   <trkpt lat="45.72469" lon="6.349060000000001">
    <ele>1921.91</ele>
   </trkpt>
   <trkpt lat="45.724900000000005" lon="6.34916">
    <ele>1930.91</ele>
   </trkpt>
   <trkpt lat="45.72504000000001" lon="6.3491800000000005">
    <ele>1935.6000000000001</ele>
   </trkpt>
   <trkpt lat="45.725150000000006" lon="6.34916">
    <ele>1949.0</ele>
   </trkpt>
   <trkpt lat="45.72516" lon="6.3491100000000005">
    <ele>1949.0</ele>
   </trkpt>
   <trkpt lat="45.72504000000001" lon="6.348910000000001">
    <ele>1958.5500000000002</ele>
   </trkpt>
   <trkpt lat="45.72514" lon="6.348870000000001">
    <ele>1962.3000000000002</ele>
   </trkpt>
   <trkpt lat="45.725170000000006" lon="6.348870000000001">
    <ele>1962.3000000000002</ele>
   </trkpt>
   <trkpt lat="45.725170000000006" lon="6.34874">
    <ele>1962.46</ele>
   </trkpt>
   <trkpt lat="45.7252" lon="6.348700000000001">
    <ele>1962.39</ele>
   </trkpt>
   <trkpt lat="45.725390000000004" lon="6.3487800000000005">
    <ele>1961.44</ele>
   </trkpt>
   <trkpt lat="45.725350000000006" lon="6.348660000000001">
    <ele>1961.3300000000002</ele>
   </trkpt>
   <trkpt lat="45.72542000000001" lon="6.3487100000000005">
    <ele>1961.3700000000001</ele>
   </trkpt>
   <trkpt lat="45.72542000000001" lon="6.348660000000001">
    <ele>1961.51</ele>
   </trkpt>
   <trkpt lat="45.72549" lon="6.348680000000001">
    <ele>1961.96</ele>
   </trkpt>
   <trkpt lat="45.72549" lon="6.34862">
    <ele>1962.16</ele>
   </trkpt>
   <trkpt lat="45.725550000000005" lon="6.348630000000001">
    <ele>1962.2700000000002</ele>
   </trkpt>
   <trkpt lat="45.72552" lon="6.348540000000001">
    <ele>1962.2100000000003</ele>
   </trkpt>
   <trkpt lat="45.72561" lon="6.348560000000001">
    <ele>1962.8100000000002</ele>
   </trkpt>
   <trkpt lat="45.72569000000001" lon="6.34865">
    <ele>1964.64</ele>
   </trkpt>
   <trkpt lat="45.725840000000005" lon="6.34867">
    <ele>1968.7900000000002</ele>
   </trkpt>
   <trkpt lat="45.72589000000001" lon="6.3487100000000005">
    <ele>1969.75</ele>
   </trkpt>
   <trkpt lat="45.72596" lon="6.34872">
    <ele>1971.51</ele>
   </trkpt>
   <trkpt lat="45.72618000000001" lon="6.34888">
    <ele>1975.6700000000003</ele>
   </trkpt>
   <trkpt lat="45.726310000000005" lon="6.349060000000001">
    <ele>1978.69</ele>
   </trkpt>
   <trkpt lat="45.726400000000005" lon="6.34912">
    <ele>1980.08</ele>
   </trkpt>
   <trkpt lat="45.726620000000004" lon="6.34923">
    <ele>1986.6100000000001</ele>
   </trkpt>
   <trkpt lat="45.72686" lon="6.349270000000001">
    <ele>1998.6800000000003</ele>
   </trkpt>
   <trkpt lat="45.72708" lon="6.349550000000001">
    <ele>2003.0700000000002</ele>
   </trkpt>
   <trkpt lat="45.727450000000005" lon="6.34989">
    <ele>2002.9500000000003</ele>
   </trkpt>
   <trkpt lat="45.727900000000005" lon="6.35017">
    <ele>2019.0800000000002</ele>
   </trkpt>
   <trkpt lat="45.728260000000006" lon="6.350460000000001">
    <ele>2023.48</ele>
   </trkpt>
   <trkpt lat="45.7284" lon="6.350630000000001">
    <ele>2024.07</ele>
   </trkpt>
   <trkpt lat="45.728500000000004" lon="6.350700000000001">
    <ele>2022.88</ele>
   </trkpt>
   <trkpt lat="45.72865" lon="6.35069">
    <ele>2021.2500000000002</ele>
   </trkpt>
   <trkpt lat="45.728790000000004" lon="6.35064">
    <ele>2021.51</ele>
   </trkpt>
   <trkpt lat="45.72905" lon="6.350720000000001">
    <ele>2026.51</ele>
   </trkpt>
   <trkpt lat="45.72908" lon="6.350750000000001">
    <ele>2027.31</ele>
   </trkpt>
   <trkpt lat="45.729150000000004" lon="6.350740000000001">
    <ele>2028.69</ele>
   </trkpt>
   <trkpt lat="45.729220000000005" lon="6.3508000000000004">
    <ele>2028.69</ele>
   </trkpt>
   <trkpt lat="45.729290000000006" lon="6.350910000000001">
    <ele>2031.21</ele>
   </trkpt>
   <trkpt lat="45.72932" lon="6.35092">
    <ele>2031.21</ele>
   </trkpt>
   <trkpt lat="45.72943" lon="6.35106">
    <ele>2034.8700000000001</ele>
   </trkpt>
   <trkpt lat="45.729470000000006" lon="6.35111">
    <ele>2036.3200000000004</ele>
   </trkpt>
   <trkpt lat="45.72932" lon="6.35092">
    <ele>2032.01</ele>
   </trkpt>
   <trkpt lat="45.729290000000006" lon="6.350910000000001">
    <ele>2031.21</ele>
   </trkpt>
   <trkpt lat="45.729220000000005" lon="6.3508000000000004">
    <ele>2030.5</ele>
   </trkpt>
   <trkpt lat="45.729150000000004" lon="6.350740000000001">
    <ele>2028.69</ele>
   </trkpt>
   <trkpt lat="45.72908" lon="6.350750000000001">
    <ele>2027.31</ele>
   </trkpt>
   <trkpt lat="45.72905" lon="6.350720000000001">
    <ele>2027.31</ele>
   </trkpt>
   <trkpt lat="45.728790000000004" lon="6.35064">
    <ele>2022.0700000000002</ele>
   </trkpt>
   <trkpt lat="45.72865" lon="6.35069">
    <ele>2021.2500000000002</ele>
   </trkpt>
   <trkpt lat="45.728500000000004" lon="6.350700000000001">
    <ele>2022.88</ele>
   </trkpt>
   <trkpt lat="45.7284" lon="6.350630000000001">
    <ele>2023.88</ele>
   </trkpt>
   <trkpt lat="45.728260000000006" lon="6.350460000000001">
    <ele>2023.48</ele>
   </trkpt>
   <trkpt lat="45.727900000000005" lon="6.35017">
    <ele>2019.0800000000002</ele>
   </trkpt>
   <trkpt lat="45.727450000000005" lon="6.34989">
    <ele>2002.9500000000003</ele>
   </trkpt>
   <trkpt lat="45.72751" lon="6.34949">
    <ele>1982.46</ele>
   </trkpt>
   <trkpt lat="45.72764" lon="6.349480000000001">
    <ele>1971.95</ele>
   </trkpt>
   <trkpt lat="45.727560000000004" lon="6.349360000000001">
    <ele>1966.97</ele>
   </trkpt>
   <trkpt lat="45.727430000000005" lon="6.349310000000001">
    <ele>1960.64</ele>
   </trkpt>
   <trkpt lat="45.727540000000005" lon="6.34919">
    <ele>1955.01</ele>
   </trkpt>
   <trkpt lat="45.727430000000005" lon="6.34914">
    <ele>1950.92</ele>
   </trkpt>
   <trkpt lat="45.72757000000001" lon="6.34902">
    <ele>1942.0100000000002</ele>
   </trkpt>
   <trkpt lat="45.727500000000006" lon="6.348960000000001">
    <ele>1939.69</ele>
   </trkpt>
   <trkpt lat="45.727540000000005" lon="6.348940000000001">
    <ele>1932.2800000000002</ele>
   </trkpt>
   <trkpt lat="45.727470000000004" lon="6.34886">
    <ele>1929.8500000000001</ele>
   </trkpt>
   <trkpt lat="45.727590000000006" lon="6.348730000000001">
    <ele>1923.22</ele>
   </trkpt>
   <trkpt lat="45.72768000000001" lon="6.348750000000001">
    <ele>1919.3500000000001</ele>
   </trkpt>
   <trkpt lat="45.727990000000005" lon="6.348450000000001">
    <ele>1907.28</ele>
   </trkpt>
   <trkpt lat="45.728010000000005" lon="6.348350000000001">
    <ele>1905.5900000000001</ele>
   </trkpt>
   <trkpt lat="45.727790000000006" lon="6.3484300000000005">
    <ele>1895.1700000000003</ele>
   </trkpt>
   <trkpt lat="45.727720000000005" lon="6.3483600000000004">
    <ele>1891.0500000000002</ele>
   </trkpt>
   <trkpt lat="45.72791" lon="6.348070000000001">
    <ele>1881.8300000000002</ele>
   </trkpt>
   <trkpt lat="45.72811" lon="6.34768">
    <ele>1872.3100000000002</ele>
   </trkpt>
   <trkpt lat="45.727970000000006" lon="6.34754">
    <ele>1868.2800000000002</ele>
   </trkpt>
   <trkpt lat="45.727990000000005" lon="6.3474">
    <ele>1859.5700000000002</ele>
   </trkpt>
   <trkpt lat="45.72823" lon="6.347150000000001">
    <ele>1839.23</ele>
   </trkpt>
   <trkpt lat="45.72804000000001" lon="6.347080000000001">
    <ele>1831.8700000000001</ele>
   </trkpt>
   <trkpt lat="45.72822" lon="6.34689">
    <ele>1824.3500000000001</ele>
   </trkpt>
   <trkpt lat="45.72795000000001" lon="6.346900000000001">
    <ele>1811.2700000000002</ele>
   </trkpt>
   <trkpt lat="45.728080000000006" lon="6.34672">
    <ele>1800.99</ele>
   </trkpt>
   <trkpt lat="45.728120000000004" lon="6.346780000000001">
    <ele>1800.99</ele>
   </trkpt>
   <trkpt lat="45.728030000000004" lon="6.34672">
    <ele>1802.9800000000002</ele>
   </trkpt>
   <trkpt lat="45.728060000000006" lon="6.34656">
    <ele>1787.19</ele>
   </trkpt>
   <trkpt lat="45.72815000000001" lon="6.34649">
    <ele>1787.19</ele>
   </trkpt>
   <trkpt lat="45.72827" lon="6.3465300000000004">
    <ele>1783.14</ele>
   </trkpt>
   <trkpt lat="45.728390000000005" lon="6.3465300000000004">
    <ele>1778.0600000000002</ele>
   </trkpt>
   <trkpt lat="45.728500000000004" lon="6.346520000000001">
    <ele>1776.5100000000002</ele>
   </trkpt>
   <trkpt lat="45.72862000000001" lon="6.346470000000001">
    <ele>1770.39</ele>
   </trkpt>
   <trkpt lat="45.728730000000006" lon="6.346450000000001">
    <ele>1770.39</ele>
   </trkpt>
   <trkpt lat="45.72881" lon="6.34637">
    <ele>1767.9600000000003</ele>
   </trkpt>
   <trkpt lat="45.7289" lon="6.346220000000001">
    <ele>1748.38</ele>
   </trkpt>
   <trkpt lat="45.72901" lon="6.3462000000000005">
    <ele>1748.38</ele>
   </trkpt>
   <trkpt lat="45.729130000000005" lon="6.3462000000000005">
    <ele>1741.8700000000001</ele>
   </trkpt>
   <trkpt lat="45.729330000000004" lon="6.3460600000000005">
    <ele>1721.69</ele>
   </trkpt>
   <trkpt lat="45.72923" lon="6.3460600000000005">
    <ele>1721.69</ele>
   </trkpt>
   <trkpt lat="45.72907000000001" lon="6.34604">
    <ele>1731.7300000000002</ele>
   </trkpt>
   <trkpt lat="45.72919" lon="6.345940000000001">
    <ele>1720.9200000000003</ele>
   </trkpt>
   <trkpt lat="45.729130000000005" lon="6.345840000000001">
    <ele>1720.9200000000003</ele>
   </trkpt>
   <trkpt lat="45.729220000000005" lon="6.34576">
    <ele>1707.6700000000003</ele>
   </trkpt>
   <trkpt lat="45.72909000000001" lon="6.345700000000001">
    <ele>1706.3700000000001</ele>
   </trkpt>
   <trkpt lat="45.72899" lon="6.34564">
    <ele>1706.3700000000001</ele>
   </trkpt>
   <trkpt lat="45.7291" lon="6.3456">
    <ele>1705.14</ele>
   </trkpt>
   <trkpt lat="45.729040000000005" lon="6.345470000000001">
    <ele>1700.0300000000002</ele>
   </trkpt>
   <trkpt lat="45.729150000000004" lon="6.34543">
    <ele>1687.1200000000001</ele>
   </trkpt>
   <trkpt lat="45.72908" lon="6.345320000000001">
    <ele>1678.56</ele>
   </trkpt>
   <trkpt lat="45.72921" lon="6.3453800000000005">
    <ele>1668.19</ele>
   </trkpt>
   <trkpt lat="45.729380000000006" lon="6.345280000000001">
    <ele>1664.68</ele>
   </trkpt>
   <trkpt lat="45.729240000000004" lon="6.345230000000001">
    <ele>1659.1000000000001</ele>
   </trkpt>
   <trkpt lat="45.72909000000001" lon="6.3450500000000005">
    <ele>1650.0400000000002</ele>
   </trkpt>
   <trkpt lat="45.72905" lon="6.34489">
    <ele>1645.68</ele>
   </trkpt>
   <trkpt lat="45.729220000000005" lon="6.344740000000001">
    <ele>1632.23</ele>
   </trkpt>
   <trkpt lat="45.72959" lon="6.344570000000001">
    <ele>1617.5000000000002</ele>
   </trkpt>
   <trkpt lat="45.72968" lon="6.34449">
    <ele>1613.04</ele>
   </trkpt>
   <trkpt lat="45.729960000000005" lon="6.3443000000000005">
    <ele>1602.1200000000001</ele>
   </trkpt>
   <trkpt lat="45.72999" lon="6.344250000000001">
    <ele>1602.1200000000001</ele>
   </trkpt>
   <trkpt lat="45.72999" lon="6.34419">
    <ele>1600.47</ele>
   </trkpt>
   <trkpt lat="45.730030000000006" lon="6.344110000000001">
    <ele>1596.8600000000001</ele>
   </trkpt>
   <trkpt lat="45.730180000000004" lon="6.3439700000000006">
    <ele>1591.1000000000001</ele>
   </trkpt>
   <trkpt lat="45.730250000000005" lon="6.343940000000001">
    <ele>1583.6000000000001</ele>
   </trkpt>
   <trkpt lat="45.73028" lon="6.3439000000000005">
    <ele>1583.6000000000001</ele>
   </trkpt>
   <trkpt lat="45.73021000000001" lon="6.34381">
    <ele>1583.6000000000001</ele>
   </trkpt>
   <trkpt lat="45.730270000000004" lon="6.34372">
    <ele>1575.77</ele>
   </trkpt>
   <trkpt lat="45.730360000000005" lon="6.3436900000000005">
    <ele>1572.1100000000001</ele>
   </trkpt>
   <trkpt lat="45.730380000000004" lon="6.343640000000001">
    <ele>1572.1100000000001</ele>
   </trkpt>
   <trkpt lat="45.73012000000001" lon="6.343660000000001">
    <ele>1566.3400000000001</ele>
   </trkpt>
   <trkpt lat="45.729910000000004" lon="6.3436">
    <ele>1555.2100000000003</ele>
   </trkpt>
   <trkpt lat="45.730030000000006" lon="6.343500000000001">
    <ele>1555.2100000000003</ele>
   </trkpt>
   <trkpt lat="45.729910000000004" lon="6.343450000000001">
    <ele>1555.2100000000003</ele>
   </trkpt>
   <trkpt lat="45.72981" lon="6.3434800000000005">
    <ele>1546.51</ele>
   </trkpt>
   <trkpt lat="45.72974000000001" lon="6.343540000000001">
    <ele>1546.51</ele>
   </trkpt>
   <trkpt lat="45.729490000000006" lon="6.34346">
    <ele>1537.2700000000002</ele>
   </trkpt>
   <trkpt lat="45.7297" lon="6.34327">
    <ele>1533.0400000000002</ele>
   </trkpt>
   <trkpt lat="45.72955" lon="6.34327">
    <ele>1531.95</ele>
   </trkpt>
   <trkpt lat="45.72966" lon="6.34313">
    <ele>1526.1200000000001</ele>
   </trkpt>
   <trkpt lat="45.72948" lon="6.34306">
    <ele>1522.7100000000003</ele>
   </trkpt>
   <trkpt lat="45.729710000000004" lon="6.34285">
    <ele>1514.0000000000002</ele>
   </trkpt>
   <trkpt lat="45.729420000000005" lon="6.3427500000000006">
    <ele>1508.73</ele>
   </trkpt>
   <trkpt lat="45.7297" lon="6.342530000000001">
    <ele>1501.5</ele>
   </trkpt>
   <trkpt lat="45.729440000000004" lon="6.34243">
    <ele>1491.65</ele>
   </trkpt>
   <trkpt lat="45.729710000000004" lon="6.342250000000001">
    <ele>1481.33</ele>
   </trkpt>
   <trkpt lat="45.72981" lon="6.342230000000001">
    <ele>1480.02</ele>
   </trkpt>
   <trkpt lat="45.72983000000001" lon="6.34217">
    <ele>1474.47</ele>
   </trkpt>
   <trkpt lat="45.729670000000006" lon="6.342130000000001">
    <ele>1473.0200000000002</ele>
   </trkpt>
   <trkpt lat="45.72954000000001" lon="6.342040000000001">
    <ele>1469.95</ele>
   </trkpt>
   <trkpt lat="45.72955" lon="6.34198">
    <ele>1461.8300000000002</ele>
   </trkpt>
   <trkpt lat="45.72963" lon="6.34194">
    <ele>1461.8300000000002</ele>
   </trkpt>
   <trkpt lat="45.729670000000006" lon="6.34189">
    <ele>1458.72</ele>
   </trkpt>
   <trkpt lat="45.729580000000006" lon="6.34182">
    <ele>1457.27</ele>
   </trkpt>
   <trkpt lat="45.72945000000001" lon="6.34175">
    <ele>1452.13</ele>
   </trkpt>
   <trkpt lat="45.72937" lon="6.341670000000001">
    <ele>1449.98</ele>
   </trkpt>
   <trkpt lat="45.729380000000006" lon="6.341600000000001">
    <ele>1449.01</ele>
   </trkpt>
   <trkpt lat="45.72983000000001" lon="6.34142">
    <ele>1438.8</ele>
   </trkpt>
   <trkpt lat="45.73015" lon="6.341270000000001">
    <ele>1428.9</ele>
   </trkpt>
   <trkpt lat="45.73024" lon="6.34119">
    <ele>1428.9</ele>
   </trkpt>
   <trkpt lat="45.730160000000005" lon="6.34114">
    <ele>1419.71</ele>
   </trkpt>
   <trkpt lat="45.730250000000005" lon="6.34105">
    <ele>1417.7700000000002</ele>
   </trkpt>
   <trkpt lat="45.730160000000005" lon="6.341060000000001">
    <ele>1411.76</ele>
   </trkpt>
   <trkpt lat="45.73012000000001" lon="6.3410400000000005">
    <ele>1411.76</ele>
   </trkpt>
   <trkpt lat="45.73011" lon="6.340980000000001">
    <ele>1409.89</ele>
   </trkpt>
   <trkpt lat="45.73026" lon="6.34074">
    <ele>1399.85</ele>
   </trkpt>
   <trkpt lat="45.73062" lon="6.34036">
    <ele>1388.14</ele>
   </trkpt>
   <trkpt lat="45.73075" lon="6.340280000000001">
    <ele>1380.46</ele>
   </trkpt>
   <trkpt lat="45.730900000000005" lon="6.340140000000001">
    <ele>1375.48</ele>
   </trkpt>
   <trkpt lat="45.73106000000001" lon="6.340020000000001">
    <ele>1368.48</ele>
   </trkpt>
   <trkpt lat="45.73116" lon="6.339810000000001">
    <ele>1363.8700000000001</ele>
   </trkpt>
   <trkpt lat="45.731300000000005" lon="6.3396300000000005">
    <ele>1354.36</ele>
   </trkpt>
   <trkpt lat="45.731300000000005" lon="6.33959">
    <ele>1354.36</ele>
   </trkpt>
   <trkpt lat="45.73129" lon="6.3396300000000005">
    <ele>1354.36</ele>
   </trkpt>
   <trkpt lat="45.731300000000005" lon="6.3395600000000005">
    <ele>1353.39</ele>
   </trkpt>
   <trkpt lat="45.731170000000006" lon="6.339510000000001">
    <ele>1349.28</ele>
   </trkpt>
   <trkpt lat="45.73115000000001" lon="6.33945">
    <ele>1346.51</ele>
   </trkpt>
   <trkpt lat="45.731170000000006" lon="6.33933">
    <ele>1346.51</ele>
   </trkpt>
   <trkpt lat="45.73127" lon="6.339180000000001">
    <ele>1339.3799999999999</ele>
   </trkpt>
   <trkpt lat="45.73127" lon="6.339110000000001">
    <ele>1338.15</ele>
   </trkpt>
   <trkpt lat="45.731080000000006" lon="6.338940000000001">
    <ele>1332.1900000000003</ele>
   </trkpt>
   <trkpt lat="45.731030000000004" lon="6.338830000000001">
    <ele>1328.18</ele>
   </trkpt>
   <trkpt lat="45.7312" lon="6.3386000000000005">
    <ele>1322.8300000000002</ele>
   </trkpt>
   <trkpt lat="45.73122" lon="6.338540000000001">
    <ele>1321.3300000000002</ele>
   </trkpt>
   <trkpt lat="45.731190000000005" lon="6.338430000000001">
    <ele>1316.7000000000003</ele>
   </trkpt>
   <trkpt lat="45.73114" lon="6.338400000000001">
    <ele>1316.7000000000003</ele>
   </trkpt>
   <trkpt lat="45.731" lon="6.338380000000001">
    <ele>1309.95</ele>
   </trkpt>
   <trkpt lat="45.73091" lon="6.33839">
    <ele>1306.28</ele>
   </trkpt>
   <trkpt lat="45.730760000000004" lon="6.33837">
    <ele>1301.4800000000002</ele>
   </trkpt>
   <trkpt lat="45.73069" lon="6.33832">
    <ele>1300.39</ele>
   </trkpt>
   <trkpt lat="45.73059000000001" lon="6.338660000000001">
    <ele>1312.4900000000002</ele>
   </trkpt>
   <trkpt lat="45.730520000000006" lon="6.338830000000001">
    <ele>1319.3000000000002</ele>
   </trkpt>
   <trkpt lat="45.730430000000005" lon="6.33886">
    <ele>1319.0300000000002</ele>
   </trkpt>
   <trkpt lat="45.73035" lon="6.339040000000001">
    <ele>1326.8700000000001</ele>
   </trkpt>
   <trkpt lat="45.73033" lon="6.339200000000001">
    <ele>1338.71</ele>
   </trkpt>
   <trkpt lat="45.730230000000006" lon="6.339530000000001">
    <ele>1354.5200000000002</ele>
   </trkpt>
   <trkpt lat="45.730030000000006" lon="6.33959">
    <ele>1357.11</ele>
   </trkpt>
   <trkpt lat="45.72973" lon="6.339580000000001">
    <ele>1349.5900000000001</ele>
   </trkpt>
   <trkpt lat="45.72965000000001" lon="6.339650000000001">
    <ele>1355.43</ele>
   </trkpt>
   <trkpt lat="45.72957" lon="6.339700000000001">
    <ele>1361.73</ele>
   </trkpt>
   <trkpt lat="45.729470000000006" lon="6.33971">
    <ele>1361.73</ele>
   </trkpt>
   <trkpt lat="45.72928" lon="6.339690000000001">
    <ele>1359.6100000000001</ele>
   </trkpt>
   <trkpt lat="45.72905" lon="6.339740000000001">
    <ele>1364.0400000000002</ele>
   </trkpt>
   <trkpt lat="45.728950000000005" lon="6.339720000000001">
    <ele>1363.89</ele>
   </trkpt>
   <trkpt lat="45.7287" lon="6.339760000000001">
    <ele>1363.9800000000002</ele>
   </trkpt>
   <trkpt lat="45.728590000000004" lon="6.339840000000001">
    <ele>1365.4400000000003</ele>
   </trkpt>
   <trkpt lat="45.728480000000005" lon="6.33985">
    <ele>1366.92</ele>
   </trkpt>
   <trkpt lat="45.7284" lon="6.339950000000001">
    <ele>1371.3500000000001</ele>
   </trkpt>
   <trkpt lat="45.72822" lon="6.34006">
    <ele>1378.56</ele>
   </trkpt>
   <trkpt lat="45.728060000000006" lon="6.340190000000001">
    <ele>1385.45</ele>
   </trkpt>
   <trkpt lat="45.727900000000005" lon="6.34006">
    <ele>1381.88</ele>
   </trkpt>
   <trkpt lat="45.72787" lon="6.33994">
    <ele>1376.64</ele>
   </trkpt>
   <trkpt lat="45.72773" lon="6.339840000000001">
    <ele>1373.22</ele>
   </trkpt>
   <trkpt lat="45.727610000000006" lon="6.339790000000001">
    <ele>1374.4</ele>
   </trkpt>
   <trkpt lat="45.727500000000006" lon="6.339790000000001">
    <ele>1380.3100000000002</ele>
   </trkpt>
   <trkpt lat="45.72739000000001" lon="6.339740000000001">
    <ele>1380.17</ele>
   </trkpt>
   <trkpt lat="45.72729" lon="6.3396300000000005">
    <ele>1381.85</ele>
   </trkpt>
   <trkpt lat="45.727230000000006" lon="6.33952">
    <ele>1379.6000000000001</ele>
   </trkpt>
   <trkpt lat="45.72717" lon="6.339200000000001">
    <ele>1369.7800000000002</ele>
   </trkpt>
   <trkpt lat="45.727120000000006" lon="6.33903">
    <ele>1363.02</ele>
   </trkpt>
   <trkpt lat="45.72701000000001" lon="6.33882">
    <ele>1361.1000000000001</ele>
   </trkpt>
   <trkpt lat="45.72695" lon="6.338640000000001">
    <ele>1358.19</ele>
   </trkpt>
   <trkpt lat="45.72686" lon="6.338430000000001">
    <ele>1353.4</ele>
   </trkpt>
   <trkpt lat="45.726800000000004" lon="6.33832">
    <ele>1353.4</ele>
   </trkpt>
   <trkpt lat="45.7267" lon="6.33818">
    <ele>1354.94</ele>
   </trkpt>
   <trkpt lat="45.726710000000004" lon="6.33804">
    <ele>1347.35</ele>
   </trkpt>
   <trkpt lat="45.726690000000005" lon="6.337890000000001">
    <ele>1342.33</ele>
   </trkpt>
   <trkpt lat="45.726620000000004" lon="6.33776">
    <ele>1340.66</ele>
   </trkpt>
   <trkpt lat="45.72636000000001" lon="6.337560000000001">
    <ele>1344.92</ele>
   </trkpt>
   <trkpt lat="45.726240000000004" lon="6.3375">
    <ele>1344.68</ele>
   </trkpt>
   <trkpt lat="45.7261" lon="6.33748">
    <ele>1346.67</ele>
   </trkpt>
   <trkpt lat="45.726000000000006" lon="6.3375200000000005">
    <ele>1348.0500000000002</ele>
   </trkpt>
   <trkpt lat="45.72605" lon="6.337350000000001">
    <ele>1342.68</ele>
   </trkpt>
   <trkpt lat="45.72616000000001" lon="6.33724">
    <ele>1335.96</ele>
   </trkpt>
   <trkpt lat="45.7263" lon="6.33713">
    <ele>1327.3000000000002</ele>
   </trkpt>
   <trkpt lat="45.726420000000005" lon="6.33708">
    <ele>1322.0700000000002</ele>
   </trkpt>
   <trkpt lat="45.72652" lon="6.337090000000001">
    <ele>1316.2500000000002</ele>
   </trkpt>
   <trkpt lat="45.726870000000005" lon="6.337280000000001">
    <ele>1310.14</ele>
   </trkpt>
   <trkpt lat="45.72692000000001" lon="6.33715">
    <ele>1302.3200000000002</ele>
   </trkpt>
   <trkpt lat="45.726890000000004" lon="6.336930000000001">
    <ele>1297.9</ele>
   </trkpt>
   <trkpt lat="45.72683000000001" lon="6.336810000000001">
    <ele>1296.3999999999999</ele>
   </trkpt>
   <trkpt lat="45.726710000000004" lon="6.336720000000001">
    <ele>1297.2100000000003</ele>
   </trkpt>
   <trkpt lat="45.726620000000004" lon="6.336670000000001">
    <ele>1298.54</ele>
   </trkpt>
   <trkpt lat="45.72646" lon="6.336620000000001">
    <ele>1299.7</ele>
   </trkpt>
   <trkpt lat="45.72636000000001" lon="6.33661">
    <ele>1302.28</ele>
   </trkpt>
   <trkpt lat="45.726470000000006" lon="6.33661">
    <ele>1298.8400000000001</ele>
   </trkpt>
   <trkpt lat="45.72668" lon="6.3364400000000005">
    <ele>1286.04</ele>
   </trkpt>
   <trkpt lat="45.726910000000004" lon="6.33635">
    <ele>1274.92</ele>
   </trkpt>
   <trkpt lat="45.727250000000005" lon="6.33652">
    <ele>1267.7200000000003</ele>
   </trkpt>
   <trkpt lat="45.72735" lon="6.336670000000001">
    <ele>1267.3500000000001</ele>
   </trkpt>
   <trkpt lat="45.727450000000005" lon="6.3367">
    <ele>1263.9</ele>
   </trkpt>
   <trkpt lat="45.72748000000001" lon="6.33654">
    <ele>1258.51</ele>
   </trkpt>
   <trkpt lat="45.72744" lon="6.3363700000000005">
    <ele>1255.8700000000001</ele>
   </trkpt>
   <trkpt lat="45.72739000000001" lon="6.3362300000000005">
    <ele>1251.8200000000002</ele>
   </trkpt>
   <trkpt lat="45.727160000000005" lon="6.33577">
    <ele>1244.7</ele>
   </trkpt>
   <trkpt lat="45.72699" lon="6.33558">
    <ele>1241.12</ele>
   </trkpt>
   <trkpt lat="45.72711" lon="6.335500000000001">
    <ele>1234.2900000000002</ele>
   </trkpt>
   <trkpt lat="45.72726" lon="6.33553">
    <ele>1231.98</ele>
   </trkpt>
   <trkpt lat="45.727340000000005" lon="6.3356200000000005">
    <ele>1231.98</ele>
   </trkpt>
   <trkpt lat="45.727430000000005" lon="6.335750000000001">
    <ele>1233.0400000000002</ele>
   </trkpt>
   <trkpt lat="45.727520000000005" lon="6.335820000000001">
    <ele>1230.7400000000002</ele>
   </trkpt>
   <trkpt lat="45.72775" lon="6.335890000000001">
    <ele>1224.21</ele>
   </trkpt>
   <trkpt lat="45.72784" lon="6.33598">
    <ele>1222.5300000000002</ele>
   </trkpt>
   <trkpt lat="45.72791" lon="6.336110000000001">
    <ele>1218.2</ele>
   </trkpt>
   <trkpt lat="45.728010000000005" lon="6.336180000000001">
    <ele>1209.2200000000003</ele>
   </trkpt>
   <trkpt lat="45.728080000000006" lon="6.33605">
    <ele>1207.6200000000001</ele>
   </trkpt>
   <trkpt lat="45.72807" lon="6.335920000000001">
    <ele>1207.33</ele>
   </trkpt>
   <trkpt lat="45.72802" lon="6.33579">
    <ele>1208.17</ele>
   </trkpt>
   <trkpt lat="45.72787" lon="6.33558">
    <ele>1205.6100000000001</ele>
   </trkpt>
   <trkpt lat="45.727740000000004" lon="6.335120000000001">
    <ele>1195.27</ele>
   </trkpt>
   <trkpt lat="45.72769" lon="6.33499">
    <ele>1195.27</ele>
   </trkpt>
   <trkpt lat="45.727590000000006" lon="6.334820000000001">
    <ele>1191.2600000000002</ele>
   </trkpt>
   <trkpt lat="45.727360000000004" lon="6.334600000000001">
    <ele>1191.77</ele>
   </trkpt>
   <trkpt lat="45.72715" lon="6.3345">
    <ele>1185.15</ele>
   </trkpt>
   <trkpt lat="45.727160000000005" lon="6.334370000000001">
    <ele>1185.15</ele>
   </trkpt>
   <trkpt lat="45.727250000000005" lon="6.33424">
    <ele>1178.7800000000002</ele>
   </trkpt>
   <trkpt lat="45.72767" lon="6.334230000000001">
    <ele>1157.6200000000001</ele>
   </trkpt>
   <trkpt lat="45.72776" lon="6.334250000000001">
    <ele>1153.68</ele>
   </trkpt>
   <trkpt lat="45.727850000000004" lon="6.33429">
    <ele>1155.3600000000001</ele>
   </trkpt>
   <trkpt lat="45.727920000000005" lon="6.3344000000000005">
    <ele>1155.3600000000001</ele>
   </trkpt>
   <trkpt lat="45.728010000000005" lon="6.334490000000001">
    <ele>1153.72</ele>
   </trkpt>
   <trkpt lat="45.72823" lon="6.3344700000000005">
    <ele>1136.0</ele>
   </trkpt>
   <trkpt lat="45.728440000000006" lon="6.33452">
    <ele>1127.15</ele>
   </trkpt>
   <trkpt lat="45.72854" lon="6.334600000000001">
    <ele>1124.44</ele>
   </trkpt>
   <trkpt lat="45.72863" lon="6.334700000000001">
    <ele>1124.8</ele>
   </trkpt>
   <trkpt lat="45.72863" lon="6.334510000000001">
    <ele>1114.9900000000002</ele>
   </trkpt>
   <trkpt lat="45.728570000000005" lon="6.33436">
    <ele>1113.41</ele>
   </trkpt>
   <trkpt lat="45.72849" lon="6.334280000000001">
    <ele>1113.41</ele>
   </trkpt>
   <trkpt lat="45.72838" lon="6.33375">
    <ele>1086.6100000000001</ele>
   </trkpt>
   <trkpt lat="45.72836" lon="6.333590000000001">
    <ele>1086.6100000000001</ele>
   </trkpt>
   <trkpt lat="45.728260000000006" lon="6.33347">
    <ele>1086.6100000000001</ele>
   </trkpt>
   <trkpt lat="45.72791" lon="6.333220000000001">
    <ele>1096.12</ele>
   </trkpt>
   <trkpt lat="45.727810000000005" lon="6.3329200000000005">
    <ele>1088.2800000000002</ele>
   </trkpt>
   <trkpt lat="45.72773" lon="6.332750000000001">
    <ele>1084.6</ele>
   </trkpt>
   <trkpt lat="45.727650000000004" lon="6.33265">
    <ele>1076.23</ele>
   </trkpt>
   <trkpt lat="45.72775" lon="6.33262">
    <ele>1076.23</ele>
   </trkpt>
   <trkpt lat="45.72787" lon="6.33267">
    <ele>1065.39</ele>
   </trkpt>
   <trkpt lat="45.72784" lon="6.332540000000001">
    <ele>1064.51</ele>
   </trkpt>
   <trkpt lat="45.72777000000001" lon="6.332440000000001">
    <ele>1064.51</ele>
   </trkpt>
   <trkpt lat="45.727650000000004" lon="6.332520000000001">
    <ele>1077.04</ele>
   </trkpt>
   <trkpt lat="45.72753" lon="6.3326400000000005">
    <ele>1095.0300000000002</ele>
   </trkpt>
   <trkpt lat="45.72742" lon="6.332590000000001">
    <ele>1095.0300000000002</ele>
   </trkpt>
   <trkpt lat="45.72728" lon="6.332560000000001">
    <ele>1095.8300000000002</ele>
   </trkpt>
   <trkpt lat="45.727180000000004" lon="6.332470000000001">
    <ele>1095.8300000000002</ele>
   </trkpt>
   <trkpt lat="45.727180000000004" lon="6.332280000000001">
    <ele>1085.43</ele>
   </trkpt>
   <trkpt lat="45.727320000000006" lon="6.33222">
    <ele>1067.59</ele>
   </trkpt>
   <trkpt lat="45.7274" lon="6.3321000000000005">
    <ele>1062.0</ele>
   </trkpt>
   <trkpt lat="45.7274" lon="6.331950000000001">
    <ele>1062.0</ele>
   </trkpt>
   <trkpt lat="45.727450000000005" lon="6.331770000000001">
    <ele>1051.56</ele>
   </trkpt>
   <trkpt lat="45.727630000000005" lon="6.331480000000001">
    <ele>1031.83</ele>
   </trkpt>
   <trkpt lat="45.72762" lon="6.33133">
    <ele>1031.83</ele>
   </trkpt>
   <trkpt lat="45.727755002494895" lon="6.330575001777304">
    <ele>1017.7500000000001</ele>
   </trkpt>
   <trkpt lat="45.72789" lon="6.329820000000001">
    <ele>1017.7500000000001</ele>
   </trkpt>
   <trkpt lat="45.72775" lon="6.329770000000001">
    <ele>1026.22</ele>
   </trkpt>
   <trkpt lat="45.727810000000005" lon="6.329630000000001">
    <ele>1021.44</ele>
   </trkpt>
   <trkpt lat="45.727830000000004" lon="6.3293800000000005">
    <ele>1022.0500000000001</ele>
   </trkpt>
   <trkpt lat="45.7278" lon="6.32917">
    <ele>1023.49</ele>
   </trkpt>
   <trkpt lat="45.727720000000005" lon="6.32901">
    <ele>1025.14</ele>
   </trkpt>
   <trkpt lat="45.727740000000004" lon="6.32887">
    <ele>1025.14</ele>
   </trkpt>
   <trkpt lat="45.727700000000006" lon="6.32868">
    <ele>1024.84</ele>
   </trkpt>
   <trkpt lat="45.72755" lon="6.32845">
    <ele>1025.6000000000001</ele>
   </trkpt>
   <trkpt lat="45.72726" lon="6.32824">
    <ele>1032.39</ele>
   </trkpt>
   <trkpt lat="45.727120000000006" lon="6.328100000000001">
    <ele>1035.41</ele>
   </trkpt>
   <trkpt lat="45.726910000000004" lon="6.328030000000001">
    <ele>1043.49</ele>
   </trkpt>
   <trkpt lat="45.72679" lon="6.327920000000001">
    <ele>1045.92</ele>
   </trkpt>
   <trkpt lat="45.72672" lon="6.327800000000001">
    <ele>1047.0900000000001</ele>
   </trkpt>
   <trkpt lat="45.72666" lon="6.327540000000001">
    <ele>1044.3200000000002</ele>
   </trkpt>
   <trkpt lat="45.72659" lon="6.32737">
    <ele>1042.19</ele>
   </trkpt>
   <trkpt lat="45.726510000000005" lon="6.3270800000000005">
    <ele>1036.98</ele>
   </trkpt>
   <trkpt lat="45.72632" lon="6.3267500000000005">
    <ele>1036.6200000000001</ele>
   </trkpt>
   <trkpt lat="45.726110000000006" lon="6.32657">
    <ele>1040.67</ele>
   </trkpt>
   <trkpt lat="45.726060000000004" lon="6.326460000000001">
    <ele>1041.6000000000001</ele>
   </trkpt>
   <trkpt lat="45.7259" lon="6.32626">
    <ele>1042.91</ele>
   </trkpt>
   <trkpt lat="45.725730000000006" lon="6.3261400000000005">
    <ele>1047.71</ele>
   </trkpt>
   <trkpt lat="45.72554" lon="6.32629">
    <ele>1057.21</ele>
   </trkpt>
   <trkpt lat="45.725370000000005" lon="6.32612">
    <ele>1056.81</ele>
   </trkpt>
   <trkpt lat="45.72524000000001" lon="6.325950000000001">
    <ele>1056.2900000000002</ele>
   </trkpt>
   <trkpt lat="45.72513000000001" lon="6.3257200000000005">
    <ele>1055.52</ele>
   </trkpt>
   <trkpt lat="45.72507" lon="6.325520000000001">
    <ele>1054.93</ele>
   </trkpt>
   <trkpt lat="45.724970000000006" lon="6.325310000000001">
    <ele>1054.51</ele>
   </trkpt>
   <trkpt lat="45.7246" lon="6.32469">
    <ele>1053.2700000000002</ele>
   </trkpt>
   <trkpt lat="45.72417" lon="6.323790000000001">
    <ele>1048.71</ele>
   </trkpt>
   <trkpt lat="45.72377" lon="6.3235">
    <ele>1043.3700000000001</ele>
   </trkpt>
   <trkpt lat="45.723490000000005" lon="6.32324">
    <ele>1039.56</ele>
   </trkpt>
   <trkpt lat="45.72326" lon="6.323160000000001">
    <ele>1037.7500000000002</ele>
   </trkpt>
   <trkpt lat="45.72296" lon="6.323200000000001">
    <ele>1033.71</ele>
   </trkpt>
   <trkpt lat="45.722820000000006" lon="6.32324">
    <ele>1031.65</ele>
   </trkpt>
   <trkpt lat="45.72242000000001" lon="6.32291">
    <ele>1025.46</ele>
   </trkpt>
   <trkpt lat="45.72214" lon="6.32282">
    <ele>1022.27</ele>
   </trkpt>
   <trkpt lat="45.72182" lon="6.322800000000001">
    <ele>1018.32</ele>
   </trkpt>
   <trkpt lat="45.721680000000006" lon="6.32282">
    <ele>1017.1600000000001</ele>
   </trkpt>
   <trkpt lat="45.72137" lon="6.322710000000001">
    <ele>1012.64</ele>
   </trkpt>
   <trkpt lat="45.72126" lon="6.322640000000001">
    <ele>1010.3900000000001</ele>
   </trkpt>
   <trkpt lat="45.72113" lon="6.32265">
    <ele>1010.3900000000001</ele>
   </trkpt>
   <trkpt lat="45.720850000000006" lon="6.322550000000001">
    <ele>1005.8900000000001</ele>
   </trkpt>
   <trkpt lat="45.72072000000001" lon="6.322310000000001">
    <ele>1003.76</ele>
   </trkpt>
   <trkpt lat="45.720490000000005" lon="6.3222700000000005">
    <ele>1001.6700000000001</ele>
   </trkpt>
   <trkpt lat="45.72004500010102" lon="6.3221399989726">
    <ele>995.44</ele>
   </trkpt>
   <trkpt lat="45.71960000000001" lon="6.322010000000001">
    <ele>988.5800000000002</ele>
   </trkpt>
   <trkpt lat="45.71934" lon="6.32197">
    <ele>985.89</ele>
   </trkpt>
   <trkpt lat="45.719150000000006" lon="6.321980000000001">
    <ele>983.84</ele>
   </trkpt>
   <trkpt lat="45.718830000000004" lon="6.322190000000001">
    <ele>980.9300000000001</ele>
   </trkpt>
   <trkpt lat="45.718380000316586" lon="6.322039998864797">
    <ele>980.11</ele>
   </trkpt>
   <trkpt lat="45.71793" lon="6.321890000000001">
    <ele>975.1</ele>
   </trkpt>
   <trkpt lat="45.717710000000004" lon="6.3218000000000005">
    <ele>974.0600000000001</ele>
   </trkpt>
   <trkpt lat="45.71728" lon="6.321750000000001">
    <ele>968.0600000000001</ele>
   </trkpt>
   <trkpt lat="45.71654000009695" lon="6.321743333157636">
    <ele>960.8900000000001</ele>
   </trkpt>
   <trkpt lat="45.715800000193475" lon="6.321736666491843">
    <ele>956.2700000000001</ele>
   </trkpt>
   <trkpt lat="45.71506" lon="6.3217300000000005">
    <ele>948.3600000000001</ele>
   </trkpt>
   <trkpt lat="45.71454000000001" lon="6.321820000000001">
    <ele>943.2</ele>
   </trkpt>
   <trkpt lat="45.71428" lon="6.32192">
    <ele>940.5000000000001</ele>
   </trkpt>
   <trkpt lat="45.71403" lon="6.322080000000001">
    <ele>937.58</ele>
   </trkpt>
   <trkpt lat="45.71361" lon="6.32244">
    <ele>932.1400000000001</ele>
   </trkpt>
   <trkpt lat="45.71304000000001" lon="6.32329">
    <ele>922.3800000000001</ele>
   </trkpt>
   <trkpt lat="45.71294" lon="6.323550000000001">
    <ele>920.4300000000001</ele>
   </trkpt>
   <trkpt lat="45.71291" lon="6.32359">
    <ele>920.07</ele>
   </trkpt>
   <trkpt lat="45.71278" lon="6.32357">
    <ele>919.4100000000001</ele>
   </trkpt>
   <trkpt lat="45.712630000000004" lon="6.323480000000001">
    <ele>919.0300000000001</ele>
   </trkpt>
   <trkpt lat="45.71272500174134" lon="6.322845001196469">
    <ele>914.51</ele>
   </trkpt>
   <trkpt lat="45.71282" lon="6.32221">
    <ele>904.32</ele>
   </trkpt>
   <trkpt lat="45.712810002021726" lon="6.32153000020081">
    <ele>898.47</ele>
   </trkpt>
   <trkpt lat="45.7128" lon="6.32085">
    <ele>893.29</ele>
   </trkpt>
   <trkpt lat="45.71314" lon="6.319920000000001">
    <ele>888.38</ele>
   </trkpt>
   <trkpt lat="45.713150000000006" lon="6.319750000000001">
    <ele>885.7700000000001</ele>
   </trkpt>
   <trkpt lat="45.71322000000001" lon="6.319420000000001">
    <ele>879.1600000000001</ele>
   </trkpt>
   <trkpt lat="45.713210000000004" lon="6.3192">
    <ele>879.1600000000001</ele>
   </trkpt>
   <trkpt lat="45.71316" lon="6.319050000000001">
    <ele>877.77</ele>
   </trkpt>
   <trkpt lat="45.71302" lon="6.319030000000001">
    <ele>877.45</ele>
   </trkpt>
   <trkpt lat="45.712860000000006" lon="6.318880000000001">
    <ele>875.95</ele>
   </trkpt>
   <trkpt lat="45.712700000000005" lon="6.31876">
    <ele>873.11</ele>
   </trkpt>
   <trkpt lat="45.71226" lon="6.318670000000001">
    <ele>870.4900000000001</ele>
   </trkpt>
   <trkpt lat="45.712210000000006" lon="6.3187500000000005">
    <ele>870.86</ele>
   </trkpt>
   <trkpt lat="45.71190000000001" lon="6.3189">
    <ele>871.09</ele>
   </trkpt>
   <trkpt lat="45.711740000000006" lon="6.318950000000001">
    <ele>871.08</ele>
   </trkpt>
   <trkpt lat="45.71155" lon="6.31892">
    <ele>870.6300000000001</ele>
   </trkpt>
   <trkpt lat="45.71141" lon="6.318880000000001">
    <ele>869.5200000000001</ele>
   </trkpt>
   <trkpt lat="45.711330000000004" lon="6.31878">
    <ele>869.5200000000001</ele>
   </trkpt>
   <trkpt lat="45.71097" lon="6.31822">
    <ele>865.16</ele>
   </trkpt>
   <trkpt lat="45.710860000000004" lon="6.317970000000001">
    <ele>863.8800000000001</ele>
   </trkpt>
   <trkpt lat="45.71074" lon="6.31744">
    <ele>861.77</ele>
   </trkpt>
   <trkpt lat="45.710460000000005" lon="6.316980000000001">
    <ele>859.77</ele>
   </trkpt>
   <trkpt lat="45.71032" lon="6.3166">
    <ele>858.95</ele>
   </trkpt>
   <trkpt lat="45.71018" lon="6.31599">
    <ele>858.74</ele>
   </trkpt>
   <trkpt lat="45.71009" lon="6.315180000000001">
    <ele>859.4200000000001</ele>
   </trkpt>
   <trkpt lat="45.71005" lon="6.315">
    <ele>859.5</ele>
   </trkpt>
   <trkpt lat="45.70994" lon="6.314870000000001">
    <ele>859.4600000000002</ele>
   </trkpt>
   <trkpt lat="45.709500000000006" lon="6.3146">
    <ele>856.6700000000001</ele>
   </trkpt>
   <trkpt lat="45.709300000000006" lon="6.314450000000001">
    <ele>855.2</ele>
   </trkpt>
   <trkpt lat="45.70922" lon="6.3142700000000005">
    <ele>852.08</ele>
   </trkpt>
   <trkpt lat="45.70918" lon="6.314050000000001">
    <ele>850.0600000000001</ele>
   </trkpt>
   <trkpt lat="45.709160000000004" lon="6.31381">
    <ele>848.1</ele>
   </trkpt>
   <trkpt lat="45.70917" lon="6.312950000000001">
    <ele>843.3900000000001</ele>
   </trkpt>
   <trkpt lat="45.70911" lon="6.31273">
    <ele>841.5300000000001</ele>
   </trkpt>
   <trkpt lat="45.708940000000005" lon="6.3123700000000005">
    <ele>838.5100000000001</ele>
   </trkpt>
   <trkpt lat="45.708650000000006" lon="6.31127">
    <ele>829.89</ele>
   </trkpt>
   <trkpt lat="45.708200000000005" lon="6.31123">
    <ele>826.6300000000001</ele>
   </trkpt>
   <trkpt lat="45.70768" lon="6.3110800000000005">
    <ele>819.13</ele>
   </trkpt>
   <trkpt lat="45.70740000000001" lon="6.311070000000001">
    <ele>816.4100000000001</ele>
   </trkpt>
   <trkpt lat="45.70718" lon="6.31118">
    <ele>814.2</ele>
   </trkpt>
   <trkpt lat="45.7068" lon="6.31123">
    <ele>811.64</ele>
   </trkpt>
   <trkpt lat="45.70604" lon="6.3112200000000005">
    <ele>804.9600000000002</ele>
   </trkpt>
   <trkpt lat="45.70588" lon="6.311140000000001">
    <ele>804.09</ele>
   </trkpt>
   <trkpt lat="45.70588" lon="6.310740000000001">
    <ele>800.21</ele>
   </trkpt>
   <trkpt lat="45.706050000000005" lon="6.309830000000001">
    <ele>791.5300000000001</ele>
   </trkpt>
   <trkpt lat="45.70606" lon="6.309430000000001">
    <ele>787.3000000000001</ele>
   </trkpt>
   <trkpt lat="45.705960000000005" lon="6.309100000000001">
    <ele>784.2500000000001</ele>
   </trkpt>
   <trkpt lat="45.705980000000004" lon="6.308330000000001">
    <ele>772.11</ele>
   </trkpt>
   <trkpt lat="45.70593" lon="6.30804">
    <ele>768.5600000000001</ele>
   </trkpt>
   <trkpt lat="45.70577" lon="6.307840000000001">
    <ele>766.58</ele>
   </trkpt>
   <trkpt lat="45.705740000000006" lon="6.30773">
    <ele>765.4300000000001</ele>
   </trkpt>
   <trkpt lat="45.70568" lon="6.307760000000001">
    <ele>765.3700000000001</ele>
   </trkpt>
   <trkpt lat="45.70555500205375" lon="6.3070699983300935">
    <ele>764.17</ele>
   </trkpt>
   <trkpt lat="45.70543000000001" lon="6.306380000000001">
    <ele>763.72</ele>
   </trkpt>
   <trkpt lat="45.705420000000004" lon="6.30616">
    <ele>763.97</ele>
   </trkpt>
   <trkpt lat="45.705490000000005" lon="6.30599">
    <ele>764.48</ele>
   </trkpt>
   <trkpt lat="45.70561000000001" lon="6.305860000000001">
    <ele>764.9300000000001</ele>
   </trkpt>
   <trkpt lat="45.705850000000005" lon="6.305750000000001">
    <ele>767.3000000000001</ele>
   </trkpt>
   <trkpt lat="45.70665" lon="6.305460000000001">
    <ele>775.26</ele>
   </trkpt>
   <trkpt lat="45.707" lon="6.30531">
    <ele>779.5200000000001</ele>
   </trkpt>
   <trkpt lat="45.70734" lon="6.3051200000000005">
    <ele>782.21</ele>
   </trkpt>
   <trkpt lat="45.707860000000004" lon="6.30475">
    <ele>783.22</ele>
   </trkpt>
   <trkpt lat="45.708070000000006" lon="6.3046500000000005">
    <ele>783.0100000000001</ele>
   </trkpt>
   <trkpt lat="45.708020000000005" lon="6.304390000000001">
    <ele>785.37</ele>
   </trkpt>
   <trkpt lat="45.7081" lon="6.30419">
    <ele>789.7700000000001</ele>
   </trkpt>
   <trkpt lat="45.70808" lon="6.304150000000001">
    <ele>791.09</ele>
   </trkpt>
   <trkpt lat="45.708040000000004" lon="6.30412">
    <ele>791.09</ele>
   </trkpt>
   <trkpt lat="45.70787000000001" lon="6.30402">
    <ele>798.9300000000001</ele>
   </trkpt>
   <trkpt lat="45.70779" lon="6.30391">
    <ele>806.24</ele>
   </trkpt>
   <trkpt lat="45.70776" lon="6.30374">
    <ele>806.24</ele>
   </trkpt>
   <trkpt lat="45.70785" lon="6.3036900000000005">
    <ele>812.0600000000001</ele>
   </trkpt>
   <trkpt lat="45.70783" lon="6.3036200000000004">
    <ele>816.07</ele>
   </trkpt>
   <trkpt lat="45.707240000000006" lon="6.3032900000000005">
    <ele>845.7800000000001</ele>
   </trkpt>
   <trkpt lat="45.70684000000001" lon="6.30299">
    <ele>864.69</ele>
   </trkpt>
   <trkpt lat="45.70628000000001" lon="6.3024700000000005">
    <ele>892.6700000000001</ele>
   </trkpt>
   <trkpt lat="45.706160000000004" lon="6.30238">
    <ele>900.29</ele>
   </trkpt>
   <trkpt lat="45.70613" lon="6.302320000000001">
    <ele>900.29</ele>
   </trkpt>
   <trkpt lat="45.705740000000006" lon="6.30184">
    <ele>923.75</ele>
   </trkpt>
   <trkpt lat="45.705740000000006" lon="6.301690000000001">
    <ele>925.5000000000001</ele>
   </trkpt>
   <trkpt lat="45.70557" lon="6.301520000000001">
    <ele>935.4300000000001</ele>
   </trkpt>
   <trkpt lat="45.705490000000005" lon="6.30147">
    <ele>935.4300000000001</ele>
   </trkpt>
   <trkpt lat="45.70577" lon="6.301190000000001">
    <ele>951.9200000000001</ele>
   </trkpt>
   <trkpt lat="45.70581000000001" lon="6.30111">
    <ele>954.0</ele>
   </trkpt>
   <trkpt lat="45.70581000000001" lon="6.301">
    <ele>955.9200000000001</ele>
   </trkpt>
   <trkpt lat="45.70575" lon="6.30069">
    <ele>959.3000000000001</ele>
   </trkpt>
   <trkpt lat="45.70559" lon="6.300230000000001">
    <ele>961.1800000000001</ele>
   </trkpt>
   <trkpt lat="45.705450000000006" lon="6.30008">
    <ele>960.5300000000001</ele>
   </trkpt>
   <trkpt lat="45.705360000000006" lon="6.29992">
    <ele>959.79</ele>
   </trkpt>
   <trkpt lat="45.7053" lon="6.299860000000001">
    <ele>959.69</ele>
   </trkpt>
   <trkpt lat="45.705070000000006" lon="6.299270000000001">
    <ele>962.85</ele>
   </trkpt>
   <trkpt lat="45.70492" lon="6.299">
    <ele>965.4100000000001</ele>
   </trkpt>
   <trkpt lat="45.704730000000005" lon="6.29872">
    <ele>970.19</ele>
   </trkpt>
   <trkpt lat="45.70467000000001" lon="6.298500000000001">
    <ele>974.32</ele>
   </trkpt>
   <trkpt lat="45.704860000000004" lon="6.29856">
    <ele>968.7700000000001</ele>
   </trkpt>
   <trkpt lat="45.705110000000005" lon="6.2985500000000005">
    <ele>960.52</ele>
   </trkpt>
   <trkpt lat="45.70535" lon="6.29844">
    <ele>957.2600000000001</ele>
   </trkpt>
   <trkpt lat="45.70523" lon="6.29823">
    <ele>959.03</ele>
   </trkpt>
   <trkpt lat="45.704980000000006" lon="6.298080000000001">
    <ele>966.3800000000001</ele>
   </trkpt>
   <trkpt lat="45.704930000000004" lon="6.2980100000000006">
    <ele>967.3300000000002</ele>
   </trkpt>
   <trkpt lat="45.704750000000004" lon="6.29785">
    <ele>971.62</ele>
   </trkpt>
   <trkpt lat="45.70465" lon="6.2975900000000005">
    <ele>982.0900000000001</ele>
   </trkpt>
   <trkpt lat="45.70465" lon="6.297320000000001">
    <ele>982.0900000000001</ele>
   </trkpt>
   <trkpt lat="45.70463" lon="6.297230000000001">
    <ele>982.0900000000001</ele>
   </trkpt>
   <trkpt lat="45.70459" lon="6.29713">
    <ele>992.7</ele>
   </trkpt>
   <trkpt lat="45.70436" lon="6.29677">
    <ele>999.96</ele>
   </trkpt>
   <trkpt lat="45.704330000000006" lon="6.29663">
    <ele>999.96</ele>
   </trkpt>
   <trkpt lat="45.704130000000006" lon="6.29642">
    <ele>1012.11</ele>
   </trkpt>
   <trkpt lat="45.70398" lon="6.296170000000001">
    <ele>1012.11</ele>
   </trkpt>
   <trkpt lat="45.70371" lon="6.295870000000001">
    <ele>1031.8100000000002</ele>
   </trkpt>
   <trkpt lat="45.703590000000005" lon="6.2957600000000005">
    <ele>1038.19</ele>
   </trkpt>
   <trkpt lat="45.70356" lon="6.29574">
    <ele>1038.19</ele>
   </trkpt>
   <trkpt lat="45.70327" lon="6.29562">
    <ele>1047.73</ele>
   </trkpt>
   <trkpt lat="45.702960000000004" lon="6.2954300000000005">
    <ele>1066.3500000000001</ele>
   </trkpt>
   <trkpt lat="45.702540000000006" lon="6.295350000000001">
    <ele>1078.3</ele>
   </trkpt>
   <trkpt lat="45.70241" lon="6.2952900000000005">
    <ele>1083.3300000000002</ele>
   </trkpt>
   <trkpt lat="45.70228" lon="6.2952">
    <ele>1083.3300000000002</ele>
   </trkpt>
   <trkpt lat="45.70156" lon="6.29457">
    <ele>1112.6599999999999</ele>
   </trkpt>
   <trkpt lat="45.70114" lon="6.29424">
    <ele>1127.8799999999999</ele>
   </trkpt>
   <trkpt lat="45.701010000000004" lon="6.2942100000000005">
    <ele>1127.8799999999999</ele>
   </trkpt>
   <trkpt lat="45.70096" lon="6.2942100000000005">
    <ele>1130.23</ele>
   </trkpt>
   <trkpt lat="45.70071" lon="6.294230000000001">
    <ele>1138.05</ele>
   </trkpt>
   <trkpt lat="45.700450000000004" lon="6.294200000000001">
    <ele>1143.3200000000002</ele>
   </trkpt>
   <trkpt lat="45.70015" lon="6.29408">
    <ele>1149.0600000000002</ele>
   </trkpt>
   <trkpt lat="45.699850000000005" lon="6.29389">
    <ele>1160.8</ele>
   </trkpt>
   <trkpt lat="45.69973" lon="6.293710000000001">
    <ele>1165.24</ele>
   </trkpt>
   <trkpt lat="45.69944" lon="6.293430000000001">
    <ele>1181.1599999999999</ele>
   </trkpt>
   <trkpt lat="45.699380000000005" lon="6.29326">
    <ele>1181.1599999999999</ele>
   </trkpt>
   <trkpt lat="45.69935" lon="6.293050000000001">
    <ele>1181.1599999999999</ele>
   </trkpt>
   <trkpt lat="45.699290000000005" lon="6.292840000000001">
    <ele>1202.5</ele>
   </trkpt>
   <trkpt lat="45.69915" lon="6.292630000000001">
    <ele>1202.5</ele>
   </trkpt>
   <trkpt lat="45.69908" lon="6.29248">
    <ele>1206.19</ele>
   </trkpt>
   <trkpt lat="45.69885" lon="6.291810000000001">
    <ele>1233.39</ele>
   </trkpt>
   <trkpt lat="45.69876000000001" lon="6.29147">
    <ele>1243.24</ele>
   </trkpt>
   <trkpt lat="45.69861" lon="6.291220000000001">
    <ele>1252.0</ele>
   </trkpt>
   <trkpt lat="45.69849000000001" lon="6.2911600000000005">
    <ele>1258.22</ele>
   </trkpt>
   <trkpt lat="45.698280000000004" lon="6.29114">
    <ele>1266.21</ele>
   </trkpt>
   <trkpt lat="45.698190000000004" lon="6.29117">
    <ele>1273.7800000000002</ele>
   </trkpt>
   <trkpt lat="45.697950000000006" lon="6.291360000000001">
    <ele>1281.73</ele>
   </trkpt>
   <trkpt lat="45.69787" lon="6.291390000000001">
    <ele>1281.73</ele>
   </trkpt>
   <trkpt lat="45.69776" lon="6.291360000000001">
    <ele>1285.0900000000001</ele>
   </trkpt>
   <trkpt lat="45.69758" lon="6.291390000000001">
    <ele>1289.23</ele>
   </trkpt>
   <trkpt lat="45.69753" lon="6.291360000000001">
    <ele>1291.44</ele>
   </trkpt>
   <trkpt lat="45.69749" lon="6.291270000000001">
    <ele>1292.71</ele>
   </trkpt>
   <trkpt lat="45.69744" lon="6.29126">
    <ele>1292.71</ele>
   </trkpt>
   <trkpt lat="45.69727" lon="6.29133">
    <ele>1296.7900000000002</ele>
   </trkpt>
   <trkpt lat="45.697030000000005" lon="6.291340000000001">
    <ele>1307.14</ele>
   </trkpt>
   <trkpt lat="45.696810000000006" lon="6.2914200000000005">
    <ele>1312.1299999999999</ele>
   </trkpt>
   <trkpt lat="45.69671" lon="6.29143">
    <ele>1316.3400000000001</ele>
   </trkpt>
   <trkpt lat="45.69662" lon="6.291410000000001">
    <ele>1317.4800000000002</ele>
   </trkpt>
   <trkpt lat="45.69653" lon="6.29135">
    <ele>1321.23</ele>
   </trkpt>
   <trkpt lat="45.69651" lon="6.291270000000001">
    <ele>1321.93</ele>
   </trkpt>
   <trkpt lat="45.69651" lon="6.291290000000001">
    <ele>1319.46</ele>
   </trkpt>
   <trkpt lat="45.69655" lon="6.2908800000000005">
    <ele>1324.4900000000002</ele>
   </trkpt>
   <trkpt lat="45.696600000000004" lon="6.290760000000001">
    <ele>1326.39</ele>
   </trkpt>
   <trkpt lat="45.69671" lon="6.29063">
    <ele>1330.65</ele>
   </trkpt>
   <trkpt lat="45.69673" lon="6.290570000000001">
    <ele>1330.65</ele>
   </trkpt>
   <trkpt lat="45.69677" lon="6.2903">
    <ele>1337.8400000000001</ele>
   </trkpt>
   <trkpt lat="45.696830000000006" lon="6.290100000000001">
    <ele>1337.8400000000001</ele>
   </trkpt>
   <trkpt lat="45.696920000000006" lon="6.28995">
    <ele>1341.52</ele>
   </trkpt>
   <trkpt lat="45.69704" lon="6.289650000000001">
    <ele>1345.42</ele>
   </trkpt>
   <trkpt lat="45.69717000000001" lon="6.28945">
    <ele>1350.23</ele>
   </trkpt>
   <trkpt lat="45.697230000000005" lon="6.289250000000001">
    <ele>1352.9</ele>
   </trkpt>
   <trkpt lat="45.697280000000006" lon="6.288740000000001">
    <ele>1365.6000000000001</ele>
   </trkpt>
   <trkpt lat="45.69736" lon="6.288530000000001">
    <ele>1371.3300000000002</ele>
   </trkpt>
   <trkpt lat="45.697430000000004" lon="6.2884">
    <ele>1375.04</ele>
   </trkpt>
   <trkpt lat="45.69745" lon="6.28819">
    <ele>1379.1100000000001</ele>
   </trkpt>
   <trkpt lat="45.69753" lon="6.28805">
    <ele>1382.09</ele>
   </trkpt>
   <trkpt lat="45.697770000000006" lon="6.28798">
    <ele>1389.85</ele>
   </trkpt>
   <trkpt lat="45.69792" lon="6.28781">
    <ele>1398.17</ele>
   </trkpt>
   <trkpt lat="45.698040000000006" lon="6.287420000000001">
    <ele>1407.0</ele>
   </trkpt>
   <trkpt lat="45.698010000000004" lon="6.28727">
    <ele>1410.2100000000003</ele>
   </trkpt>
   <trkpt lat="45.697770000000006" lon="6.2873">
    <ele>1424.53</ele>
   </trkpt>
   <trkpt lat="45.69762" lon="6.287260000000001">
    <ele>1424.53</ele>
   </trkpt>
   <trkpt lat="45.69747" lon="6.2871500000000005">
    <ele>1424.53</ele>
   </trkpt>
   <trkpt lat="45.6972" lon="6.28683">
    <ele>1445.1200000000001</ele>
   </trkpt>
   <trkpt lat="45.697140000000005" lon="6.28666">
    <ele>1450.11</ele>
   </trkpt>
   <trkpt lat="45.69711" lon="6.28645">
    <ele>1457.99</ele>
   </trkpt>
   <trkpt lat="45.69717000000001" lon="6.286340000000001">
    <ele>1460.99</ele>
   </trkpt>
   <trkpt lat="45.69726000000001" lon="6.2859300000000005">
    <ele>1470.8400000000001</ele>
   </trkpt>
   <trkpt lat="45.697390000000006" lon="6.285730000000001">
    <ele>1476.7400000000002</ele>
   </trkpt>
   <trkpt lat="45.69738" lon="6.28561">
    <ele>1476.7400000000002</ele>
   </trkpt>
   <trkpt lat="45.697230000000005" lon="6.28554">
    <ele>1483.0400000000002</ele>
   </trkpt>
   <trkpt lat="45.697160000000004" lon="6.28549">
    <ele>1485.99</ele>
   </trkpt>
   <trkpt lat="45.69717000000001" lon="6.2853">
    <ele>1491.26</ele>
   </trkpt>
   <trkpt lat="45.697320000000005" lon="6.284980000000001">
    <ele>1497.78</ele>
   </trkpt>
   <trkpt lat="45.69724" lon="6.284910000000001">
    <ele>1500.75</ele>
   </trkpt>
   <trkpt lat="45.697230000000005" lon="6.284650000000001">
    <ele>1509.09</ele>
   </trkpt>
   <trkpt lat="45.697140000000005" lon="6.2847100000000005">
    <ele>1509.09</ele>
   </trkpt>
   <trkpt lat="45.697140000000005" lon="6.284260000000001">
    <ele>1524.01</ele>
   </trkpt>
   <trkpt lat="45.697050000000004" lon="6.2842">
    <ele>1524.01</ele>
   </trkpt>
   <trkpt lat="45.696870000000004" lon="6.28427">
    <ele>1543.76</ele>
   </trkpt>
   <trkpt lat="45.69659" lon="6.284210000000001">
    <ele>1549.41</ele>
   </trkpt>
   <trkpt lat="45.69657" lon="6.28406">
    <ele>1554.8400000000001</ele>
   </trkpt>
   <trkpt lat="45.69661000000001" lon="6.283950000000001">
    <ele>1556.5700000000002</ele>
   </trkpt>
   <trkpt lat="45.69661000000001" lon="6.28382">
    <ele>1559.8200000000002</ele>
   </trkpt>
   <trkpt lat="45.696650000000005" lon="6.283650000000001">
    <ele>1562.8600000000001</ele>
   </trkpt>
   <trkpt lat="45.69648" lon="6.2834200000000004">
    <ele>1570.38</ele>
   </trkpt>
   <trkpt lat="45.696490000000004" lon="6.283010000000001">
    <ele>1587.6100000000001</ele>
   </trkpt>
   <trkpt lat="45.69643000000001" lon="6.28284">
    <ele>1587.6100000000001</ele>
   </trkpt>
   <trkpt lat="45.69651" lon="6.282330000000001">
    <ele>1605.6000000000001</ele>
   </trkpt>
   <trkpt lat="45.69662" lon="6.282260000000001">
    <ele>1605.6000000000001</ele>
   </trkpt>
   <trkpt lat="45.69659" lon="6.282030000000001">
    <ele>1618.3100000000002</ele>
   </trkpt>
   <trkpt lat="45.696600000000004" lon="6.28192">
    <ele>1618.3100000000002</ele>
   </trkpt>
   <trkpt lat="45.69657" lon="6.281680000000001">
    <ele>1618.3100000000002</ele>
   </trkpt>
   <trkpt lat="45.69666" lon="6.28138">
    <ele>1629.5900000000001</ele>
   </trkpt>
   <trkpt lat="45.69661000000001" lon="6.28115">
    <ele>1638.7500000000002</ele>
   </trkpt>
   <trkpt lat="45.69661000000001" lon="6.281040000000001">
    <ele>1642.46</ele>
   </trkpt>
   <trkpt lat="45.69653" lon="6.28091">
    <ele>1642.46</ele>
   </trkpt>
   <trkpt lat="45.69637" lon="6.280880000000001">
    <ele>1657.73</ele>
   </trkpt>
   <trkpt lat="45.696070000000006" lon="6.280970000000001">
    <ele>1673.16</ele>
   </trkpt>
   <trkpt lat="45.69603" lon="6.281020000000001">
    <ele>1673.16</ele>
   </trkpt>
   <trkpt lat="45.696130000000004" lon="6.280950000000001">
    <ele>1672.0600000000002</ele>
   </trkpt>
   <trkpt lat="45.69592" lon="6.281070000000001">
    <ele>1677.0500000000002</ele>
   </trkpt>
   <trkpt lat="45.69595" lon="6.280880000000001">
    <ele>1672.9900000000002</ele>
   </trkpt>
   <trkpt lat="45.696270000000005" lon="6.280410000000001">
    <ele>1678.3600000000001</ele>
   </trkpt>
   <trkpt lat="45.69639" lon="6.28016">
    <ele>1683.96</ele>
   </trkpt>
   <trkpt lat="45.696470000000005" lon="6.28009">
    <ele>1683.96</ele>
   </trkpt>
   <trkpt lat="45.69664" lon="6.28005">
    <ele>1687.6700000000003</ele>
   </trkpt>
   <trkpt lat="45.69688000000001" lon="6.27993">
    <ele>1691.75</ele>
   </trkpt>
   <trkpt lat="45.697030000000005" lon="6.279800000000001">
    <ele>1695.3700000000001</ele>
   </trkpt>
   <trkpt lat="45.697070000000004" lon="6.279730000000001">
    <ele>1695.3700000000001</ele>
   </trkpt>
   <trkpt lat="45.69704" lon="6.279660000000001">
    <ele>1698.0400000000002</ele>
   </trkpt>
   <trkpt lat="45.69691" lon="6.2796400000000006">
    <ele>1701.68</ele>
   </trkpt>
   <trkpt lat="45.696810000000006" lon="6.27958">
    <ele>1701.68</ele>
   </trkpt>
   <trkpt lat="45.69664" lon="6.27941">
    <ele>1705.8700000000001</ele>
   </trkpt>
   <trkpt lat="45.69657" lon="6.279310000000001">
    <ele>1707.99</ele>
   </trkpt>
   <trkpt lat="45.6965" lon="6.278980000000001">
    <ele>1710.6000000000001</ele>
   </trkpt>
   <trkpt lat="45.696540000000006" lon="6.278840000000001">
    <ele>1711.1900000000003</ele>
   </trkpt>
   <trkpt lat="45.69664" lon="6.27876">
    <ele>1711.65</ele>
   </trkpt>
   <trkpt lat="45.69686" lon="6.278650000000001">
    <ele>1711.7000000000003</ele>
   </trkpt>
   <trkpt lat="45.69691" lon="6.278580000000001">
    <ele>1711.7900000000002</ele>
   </trkpt>
   <trkpt lat="45.69697" lon="6.278110000000001">
    <ele>1714.7</ele>
   </trkpt>
   <trkpt lat="45.69691" lon="6.277920000000001">
    <ele>1714.7</ele>
   </trkpt>
   <trkpt lat="45.696920000000006" lon="6.27763">
    <ele>1716.6100000000001</ele>
   </trkpt>
   <trkpt lat="45.69689" lon="6.2774">
    <ele>1719.1000000000001</ele>
   </trkpt>
   <trkpt lat="45.69677" lon="6.277120000000001">
    <ele>1720.97</ele>
   </trkpt>
   <trkpt lat="45.696740000000005" lon="6.276940000000001">
    <ele>1722.91</ele>
   </trkpt>
   <trkpt lat="45.696740000000005" lon="6.27669">
    <ele>1726.41</ele>
   </trkpt>
   <trkpt lat="45.696670000000005" lon="6.27641">
    <ele>1730.46</ele>
   </trkpt>
   <trkpt lat="45.696720000000006" lon="6.2759100000000005">
    <ele>1737.17</ele>
   </trkpt>
   <trkpt lat="45.69675" lon="6.275830000000001">
    <ele>1738.9</ele>
   </trkpt>
   <trkpt lat="45.69682" lon="6.275830000000001">
    <ele>1738.9</ele>
   </trkpt>
   <trkpt lat="45.697030000000005" lon="6.27611">
    <ele>1745.0800000000002</ele>
   </trkpt>
   <trkpt lat="45.697100000000006" lon="6.27615">
    <ele>1746.5000000000002</ele>
   </trkpt>
   <trkpt lat="45.697140000000005" lon="6.2761000000000005">
    <ele>1746.5000000000002</ele>
   </trkpt>
   <trkpt lat="45.69713" lon="6.275900000000001">
    <ele>1749.0800000000002</ele>
   </trkpt>
   <trkpt lat="45.69717000000001" lon="6.27571">
    <ele>1751.3400000000001</ele>
   </trkpt>
   <trkpt lat="45.697160000000004" lon="6.275620000000001">
    <ele>1753.98</ele>
   </trkpt>
   <trkpt lat="45.69693" lon="6.275040000000001">
    <ele>1759.57</ele>
   </trkpt>
   <trkpt lat="45.696830000000006" lon="6.27467">
    <ele>1761.51</ele>
   </trkpt>
   <trkpt lat="45.696760000000005" lon="6.274540000000001">
    <ele>1763.6100000000001</ele>
   </trkpt>
   <trkpt lat="45.696780000000004" lon="6.274220000000001">
    <ele>1766.6800000000003</ele>
   </trkpt>
   <trkpt lat="45.69677" lon="6.273980000000001">
    <ele>1770.31</ele>
   </trkpt>
   <trkpt lat="45.696780000000004" lon="6.273860000000001">
    <ele>1772.0200000000002</ele>
   </trkpt>
   <trkpt lat="45.69684" lon="6.273750000000001">
    <ele>1772.0200000000002</ele>
   </trkpt>
   <trkpt lat="45.696920000000006" lon="6.27367">
    <ele>1775.74</ele>
   </trkpt>
   <trkpt lat="45.69693" lon="6.273600000000001">
    <ele>1777.4800000000002</ele>
   </trkpt>
   <trkpt lat="45.69690000000001" lon="6.273530000000001">
    <ele>1777.4800000000002</ele>
   </trkpt>
   <trkpt lat="45.69668" lon="6.2735">
    <ele>1782.15</ele>
   </trkpt>
   <trkpt lat="45.696630000000006" lon="6.2734700000000005">
    <ele>1782.15</ele>
   </trkpt>
   <trkpt lat="45.69662" lon="6.27341">
    <ele>1782.15</ele>
   </trkpt>
   <trkpt lat="45.69675" lon="6.273090000000001">
    <ele>1791.95</ele>
   </trkpt>
   <trkpt lat="45.696760000000005" lon="6.27249">
    <ele>1799.64</ele>
   </trkpt>
   <trkpt lat="45.69684" lon="6.2723700000000004">
    <ele>1801.3500000000001</ele>
   </trkpt>
   <trkpt lat="45.69717000000001" lon="6.27212">
    <ele>1808.68</ele>
   </trkpt>
   <trkpt lat="45.697280000000006" lon="6.272080000000001">
    <ele>1810.2600000000002</ele>
   </trkpt>
   <trkpt lat="45.69731" lon="6.27202">
    <ele>1811.22</ele>
   </trkpt>
   <trkpt lat="45.69731" lon="6.271960000000001">
    <ele>1812.28</ele>
   </trkpt>
   <trkpt lat="45.69726000000001" lon="6.271770000000001">
    <ele>1815.65</ele>
   </trkpt>
   <trkpt lat="45.697280000000006" lon="6.271680000000001">
    <ele>1815.65</ele>
   </trkpt>
   <trkpt lat="45.69744" lon="6.27158">
    <ele>1822.14</ele>
   </trkpt>
   <trkpt lat="45.697480000000006" lon="6.27158">
    <ele>1822.14</ele>
   </trkpt>
   <trkpt lat="45.69737000000001" lon="6.27137">
    <ele>1824.03</ele>
   </trkpt>
   <trkpt lat="45.697070000000004" lon="6.270980000000001">
    <ele>1833.73</ele>
   </trkpt>
   <trkpt lat="45.696940000000005" lon="6.27071">
    <ele>1840.21</ele>
   </trkpt>
   <trkpt lat="45.696760000000005" lon="6.270630000000001">
    <ele>1843.7200000000003</ele>
   </trkpt>
   <trkpt lat="45.696580000000004" lon="6.2705">
    <ele>1850.1200000000001</ele>
   </trkpt>
   <trkpt lat="45.69639" lon="6.27029">
    <ele>1858.15</ele>
   </trkpt>
   <trkpt lat="45.69614000000001" lon="6.269850000000001">
    <ele>1872.1900000000003</ele>
   </trkpt>
   <trkpt lat="45.696070000000006" lon="6.269620000000001">
    <ele>1874.5</ele>
   </trkpt>
   <trkpt lat="45.69597" lon="6.26942">
    <ele>1877.1200000000001</ele>
   </trkpt>
   <trkpt lat="45.695570000000004" lon="6.269310000000001">
    <ele>1881.42</ele>
   </trkpt>
   <trkpt lat="45.695420000000006" lon="6.26921">
    <ele>1884.45</ele>
   </trkpt>
   <trkpt lat="45.695190000000004" lon="6.2689900000000005">
    <ele>1893.91</ele>
   </trkpt>
   <trkpt lat="45.69511000000001" lon="6.268940000000001">
    <ele>1898.6600000000003</ele>
   </trkpt>
   <trkpt lat="45.694770000000005" lon="6.268840000000001">
    <ele>1909.67</ele>
   </trkpt>
   <trkpt lat="45.694700000000005" lon="6.268800000000001">
    <ele>1913.64</ele>
   </trkpt>
   <trkpt lat="45.69446000000001" lon="6.268470000000001">
    <ele>1920.67</ele>
   </trkpt>
   <trkpt lat="45.69447" lon="6.26832">
    <ele>1924.3400000000001</ele>
   </trkpt>
   <trkpt lat="45.69456" lon="6.268190000000001">
    <ele>1927.1100000000001</ele>
   </trkpt>
   <trkpt lat="45.69446000000001" lon="6.267930000000001">
    <ele>1935.69</ele>
   </trkpt>
   <trkpt lat="45.69453" lon="6.267830000000001">
    <ele>1936.8600000000001</ele>
   </trkpt>
   <trkpt lat="45.694500000000005" lon="6.26745">
    <ele>1945.28</ele>
   </trkpt>
   <trkpt lat="45.69454" lon="6.2674">
    <ele>1945.28</ele>
   </trkpt>
   <trkpt lat="45.694610000000004" lon="6.267430000000001">
    <ele>1947.6000000000001</ele>
   </trkpt>
   <trkpt lat="45.69467" lon="6.2674">
    <ele>1948.89</ele>
   </trkpt>
   <trkpt lat="45.69483" lon="6.2673700000000006">
    <ele>1954.3600000000001</ele>
   </trkpt>
   <trkpt lat="45.694880000000005" lon="6.26733">
    <ele>1954.3600000000001</ele>
   </trkpt>
   <trkpt lat="45.69498" lon="6.26731">
    <ele>1959.3500000000001</ele>
   </trkpt>
   <trkpt lat="45.695130000000006" lon="6.267150000000001">
    <ele>1964.0000000000002</ele>
   </trkpt>
   <trkpt lat="45.695280000000004" lon="6.267080000000001">
    <ele>1966.8500000000001</ele>
   </trkpt>
   <trkpt lat="45.695440000000005" lon="6.266900000000001">
    <ele>1970.15</ele>
   </trkpt>
   <trkpt lat="45.69536" lon="6.266830000000001">
    <ele>1972.8100000000002</ele>
   </trkpt>
   <trkpt lat="45.69539" lon="6.266730000000001">
    <ele>1977.47</ele>
   </trkpt>
   <trkpt lat="45.695310000000006" lon="6.266680000000001">
    <ele>1978.9500000000003</ele>
   </trkpt>
   <trkpt lat="45.695190000000004" lon="6.266710000000001">
    <ele>1983.2200000000003</ele>
   </trkpt>
   <trkpt lat="45.695130000000006" lon="6.2666900000000005">
    <ele>1984.7500000000002</ele>
   </trkpt>
   <trkpt lat="45.69509" lon="6.26656">
    <ele>1989.74</ele>
   </trkpt>
   <trkpt lat="45.695150000000005" lon="6.26644">
    <ele>1992.8300000000002</ele>
   </trkpt>
   <trkpt lat="45.695220000000006" lon="6.266360000000001">
    <ele>1995.5600000000002</ele>
   </trkpt>
   <trkpt lat="45.695330000000006" lon="6.266290000000001">
    <ele>1999.45</ele>
   </trkpt>
   <trkpt lat="45.695350000000005" lon="6.26623">
    <ele>1999.45</ele>
   </trkpt>
   <trkpt lat="45.69545" lon="6.266070000000001">
    <ele>2004.47</ele>
   </trkpt>
   <trkpt lat="45.69545" lon="6.26606">
    <ele>2004.47</ele>
   </trkpt>
   <trkpt lat="45.695330000000006" lon="6.26599">
    <ele>2012.6500000000003</ele>
   </trkpt>
   <trkpt lat="45.69494" lon="6.26585">
    <ele>2022.58</ele>
   </trkpt>
   <trkpt lat="45.69482000000001" lon="6.26571">
    <ele>2027.0700000000002</ele>
   </trkpt>
   <trkpt lat="45.69476" lon="6.265560000000001">
    <ele>2034.72</ele>
   </trkpt>
   <trkpt lat="45.694720000000004" lon="6.2654000000000005">
    <ele>2034.72</ele>
   </trkpt>
   <trkpt lat="45.69454" lon="6.265230000000001">
    <ele>2041.71</ele>
   </trkpt>
   <trkpt lat="45.694280000000006" lon="6.26515">
    <ele>2049.2400000000002</ele>
   </trkpt>
   <trkpt lat="45.693940000000005" lon="6.26498">
    <ele>2061.3900000000003</ele>
   </trkpt>
   <trkpt lat="45.693690000000004" lon="6.264990000000001">
    <ele>2065.21</ele>
   </trkpt>
   <trkpt lat="45.693450000000006" lon="6.2650500000000005">
    <ele>2068.3</ele>
   </trkpt>
   <trkpt lat="45.69335" lon="6.2651200000000005">
    <ele>2069.62</ele>
   </trkpt>
   <trkpt lat="45.69323000000001" lon="6.265160000000001">
    <ele>2072.84</ele>
   </trkpt>
   <trkpt lat="45.69315" lon="6.26527">
    <ele>2078.4800000000005</ele>
   </trkpt>
   <trkpt lat="45.69315" lon="6.2653300000000005">
    <ele>2078.4800000000005</ele>
   </trkpt>
   <trkpt lat="45.693110000000004" lon="6.26538">
    <ele>2078.4800000000005</ele>
   </trkpt>
   <trkpt lat="45.69286" lon="6.265390000000001">
    <ele>2087.3500000000004</ele>
   </trkpt>
   <trkpt lat="45.69288" lon="6.26559">
    <ele>2092.92</ele>
   </trkpt>
   <trkpt lat="45.692910000000005" lon="6.26562">
    <ele>2092.92</ele>
   </trkpt>
   <trkpt lat="45.69285000000001" lon="6.265630000000001">
    <ele>2092.92</ele>
   </trkpt>
   <trkpt lat="45.692750000000004" lon="6.26559">
    <ele>2099.55</ele>
   </trkpt>
   <trkpt lat="45.69283" lon="6.26581">
    <ele>2102.4100000000003</ele>
   </trkpt>
   <trkpt lat="45.69281" lon="6.26599">
    <ele>2107.09</ele>
   </trkpt>
   <trkpt lat="45.692600000000006" lon="6.2659">
    <ele>2112.03</ele>
   </trkpt>
   <trkpt lat="45.692190000000004" lon="6.26557">
    <ele>2133.28</ele>
   </trkpt>
   <trkpt lat="45.692080000000004" lon="6.26531">
    <ele>2104.3700000000003</ele>
   </trkpt>
   <trkpt lat="45.691970000000005" lon="6.265420000000001">
    <ele>2105.2500000000005</ele>
   </trkpt>
   <trkpt lat="45.69189" lon="6.265320000000001">
    <ele>2103.6200000000003</ele>
   </trkpt>
   <trkpt lat="45.6918" lon="6.2652600000000005">
    <ele>2101.2500000000005</ele>
   </trkpt>
   <trkpt lat="45.69178" lon="6.2654000000000005">
    <ele>2101.05</ele>
   </trkpt>
   <trkpt lat="45.69167" lon="6.26536">
    <ele>2097.53</ele>
   </trkpt>
   <trkpt lat="45.69162" lon="6.265460000000001">
    <ele>2094.71</ele>
   </trkpt>
   <trkpt lat="45.69156" lon="6.2652">
    <ele>2095.21</ele>
   </trkpt>
   <trkpt lat="45.69151" lon="6.265090000000001">
    <ele>2094.3300000000004</ele>
   </trkpt>
   <trkpt lat="45.69151" lon="6.264950000000001">
    <ele>2094.59</ele>
   </trkpt>
   <trkpt lat="45.691390000000006" lon="6.26456">
    <ele>2093.4300000000003</ele>
   </trkpt>
   <trkpt lat="45.691320000000005" lon="6.2644400000000005">
    <ele>2091.25</ele>
   </trkpt>
   <trkpt lat="45.691300000000005" lon="6.2643">
    <ele>2087.07</ele>
   </trkpt>
   <trkpt lat="45.691230000000004" lon="6.264220000000001">
    <ele>2079.3</ele>
   </trkpt>
   <trkpt lat="45.691140000000004" lon="6.2641800000000005">
    <ele>2079.3</ele>
   </trkpt>
   <trkpt lat="45.69111" lon="6.264310000000001">
    <ele>2082.25</ele>
   </trkpt>
   <trkpt lat="45.691100000000006" lon="6.264460000000001">
    <ele>2084.59</ele>
   </trkpt>
   <trkpt lat="45.69102" lon="6.264760000000001">
    <ele>2082.23</ele>
   </trkpt>
   <trkpt lat="45.690960000000004" lon="6.2648600000000005">
    <ele>2080.19</ele>
   </trkpt>
   <trkpt lat="45.690780000000004" lon="6.26489">
    <ele>2075.9700000000003</ele>
   </trkpt>
   <trkpt lat="45.69075" lon="6.264340000000001">
    <ele>2079.9500000000003</ele>
   </trkpt>
   <trkpt lat="45.690690000000004" lon="6.264240000000001">
    <ele>2082.1400000000003</ele>
   </trkpt>
   <trkpt lat="45.69039" lon="6.263890000000001">
    <ele>2084.9700000000003</ele>
   </trkpt>
   <trkpt lat="45.69005000000001" lon="6.263330000000001">
    <ele>2090.8</ele>
   </trkpt>
   <trkpt lat="45.689870000000006" lon="6.263020000000001">
    <ele>2092.9700000000003</ele>
   </trkpt>
   <trkpt lat="45.68972" lon="6.262630000000001">
    <ele>2097.59</ele>
   </trkpt>
   <trkpt lat="45.68938000000001" lon="6.262200000000001">
    <ele>2102.6600000000003</ele>
   </trkpt>
   <trkpt lat="45.689170000000004" lon="6.2620000000000005">
    <ele>2105.17</ele>
   </trkpt>
   <trkpt lat="45.68858" lon="6.261150000000001">
    <ele>2105.48</ele>
   </trkpt>
   <trkpt lat="45.68817000000001" lon="6.260750000000001">
    <ele>2095.54</ele>
   </trkpt>
   <trkpt lat="45.68806000000001" lon="6.260680000000001">
    <ele>2091.87</ele>
   </trkpt>
   <trkpt lat="45.68782" lon="6.260650000000001">
    <ele>2085.3700000000003</ele>
   </trkpt>
   <trkpt lat="45.68770000000001" lon="6.260580000000001">
    <ele>2083.66</ele>
   </trkpt>
   <trkpt lat="45.68759000000001" lon="6.26046">
    <ele>2084.1000000000004</ele>
   </trkpt>
   <trkpt lat="45.68739" lon="6.260300000000001">
    <ele>2087.6</ele>
   </trkpt>
   <trkpt lat="45.68714000000001" lon="6.2602400000000005">
    <ele>2091.13</ele>
   </trkpt>
   <trkpt lat="45.686780000000006" lon="6.26029">
    <ele>2095.58</ele>
   </trkpt>
   <trkpt lat="45.68629000000001" lon="6.260230000000001">
    <ele>2100.12</ele>
   </trkpt>
   <trkpt lat="45.685990000000004" lon="6.26015">
    <ele>2106.0000000000005</ele>
   </trkpt>
   <trkpt lat="45.685840000000006" lon="6.26003">
    <ele>2111.12</ele>
   </trkpt>
   <trkpt lat="45.68572" lon="6.25989">
    <ele>2113.76</ele>
   </trkpt>
   <trkpt lat="45.68533" lon="6.25933">
    <ele>2120.67</ele>
   </trkpt>
   <trkpt lat="45.685050000000004" lon="6.259110000000001">
    <ele>2123.4700000000003</ele>
   </trkpt>
   <trkpt lat="45.68479000000001" lon="6.258970000000001">
    <ele>2123.64</ele>
   </trkpt>
   <trkpt lat="45.68448" lon="6.25877">
    <ele>2129.3900000000003</ele>
   </trkpt>
   <trkpt lat="45.683870000000006" lon="6.25827">
    <ele>2145.17</ele>
   </trkpt>
   <trkpt lat="45.68397" lon="6.2578000000000005">
    <ele>2134.19</ele>
   </trkpt>
   <trkpt lat="45.683580000000006" lon="6.257910000000001">
    <ele>2125.69</ele>
   </trkpt>
   <trkpt lat="45.683800000000005" lon="6.257440000000001">
    <ele>2114.79</ele>
   </trkpt>
   <trkpt lat="45.68318000000001" lon="6.257670000000001">
    <ele>2096.1800000000003</ele>
   </trkpt>
   <trkpt lat="45.68319" lon="6.257630000000001">
    <ele>2096.1800000000003</ele>
   </trkpt>
   <trkpt lat="45.68318000000001" lon="6.2576600000000004">
    <ele>2099.9500000000003</ele>
   </trkpt>
   <trkpt lat="45.683620000000005" lon="6.25673">
    <ele>2079.0</ele>
   </trkpt>
   <trkpt lat="45.68375" lon="6.25656">
    <ele>2074.4900000000002</ele>
   </trkpt>
   <trkpt lat="45.683710000000005" lon="6.25652">
    <ele>2072.82</ele>
   </trkpt>
   <trkpt lat="45.68379" lon="6.2564400000000004">
    <ele>2064.19</ele>
   </trkpt>
   <trkpt lat="45.68377" lon="6.25637">
    <ele>2064.19</ele>
   </trkpt>
   <trkpt lat="45.68379" lon="6.256360000000001">
    <ele>2064.19</ele>
   </trkpt>
   <trkpt lat="45.683730000000004" lon="6.25605">
    <ele>2057.3900000000003</ele>
   </trkpt>
   <trkpt lat="45.68354" lon="6.2561100000000005">
    <ele>2048.5200000000004</ele>
   </trkpt>
   <trkpt lat="45.68366" lon="6.2557100000000005">
    <ele>2040.2300000000002</ele>
   </trkpt>
   <trkpt lat="45.68339" lon="6.255890000000001">
    <ele>2031.1799999999998</ele>
   </trkpt>
   <trkpt lat="45.6835" lon="6.255450000000001">
    <ele>2019.6</ele>
   </trkpt>
   <trkpt lat="45.68359" lon="6.255280000000001">
    <ele>2010.9600000000003</ele>
   </trkpt>
   <trkpt lat="45.683600000000006" lon="6.255050000000001">
    <ele>2007.7100000000003</ele>
   </trkpt>
   <trkpt lat="45.68357" lon="6.254670000000001">
    <ele>2001.1900000000003</ele>
   </trkpt>
   <trkpt lat="45.683440000000004" lon="6.25429">
    <ele>1992.9800000000002</ele>
   </trkpt>
   <trkpt lat="45.68338000000001" lon="6.25393">
    <ele>1987.15</ele>
   </trkpt>
   <trkpt lat="45.68339" lon="6.253620000000001">
    <ele>1982.8500000000001</ele>
   </trkpt>
   <trkpt lat="45.68336" lon="6.25356">
    <ele>1979.95</ele>
   </trkpt>
   <trkpt lat="45.683370000000004" lon="6.252960000000001">
    <ele>1965.6000000000001</ele>
   </trkpt>
   <trkpt lat="45.6833" lon="6.25241">
    <ele>1961.1600000000003</ele>
   </trkpt>
   <trkpt lat="45.68327" lon="6.2516300000000005">
    <ele>1952.88</ele>
   </trkpt>
   <trkpt lat="45.683330000000005" lon="6.251080000000001">
    <ele>1946.3600000000001</ele>
   </trkpt>
   <trkpt lat="45.6833" lon="6.2504800000000005">
    <ele>1941.1100000000001</ele>
   </trkpt>
   <trkpt lat="45.68338000000001" lon="6.25011">
    <ele>1936.6200000000001</ele>
   </trkpt>
   <trkpt lat="45.68347000000001" lon="6.24988">
    <ele>1932.4900000000002</ele>
   </trkpt>
   <trkpt lat="45.68348" lon="6.249790000000001">
    <ele>1932.4900000000002</ele>
   </trkpt>
   <trkpt lat="45.68352" lon="6.2497300000000005">
    <ele>1930.3400000000001</ele>
   </trkpt>
   <trkpt lat="45.68357" lon="6.249510000000001">
    <ele>1928.9900000000002</ele>
   </trkpt>
   <trkpt lat="45.683620000000005" lon="6.24943">
    <ele>1927.9700000000003</ele>
   </trkpt>
   <trkpt lat="45.683620000000005" lon="6.24936">
    <ele>1927.69</ele>
   </trkpt>
   <trkpt lat="45.683670000000006" lon="6.24929">
    <ele>1927.66</ele>
   </trkpt>
   <trkpt lat="45.683710000000005" lon="6.249160000000001">
    <ele>1928.16</ele>
   </trkpt>
   <trkpt lat="45.68403000000001" lon="6.24854">
    <ele>1931.63</ele>
   </trkpt>
   <trkpt lat="45.684090000000005" lon="6.2485100000000005">
    <ele>1931.63</ele>
   </trkpt>
   <trkpt lat="45.684200000000004" lon="6.2484">
    <ele>1931.14</ele>
   </trkpt>
   <trkpt lat="45.68441000000001" lon="6.24835">
    <ele>1925.0000000000002</ele>
   </trkpt>
   <trkpt lat="45.684450000000005" lon="6.24837">
    <ele>1925.0000000000002</ele>
   </trkpt>
   <trkpt lat="45.684490000000004" lon="6.24835">
    <ele>1922.1200000000001</ele>
   </trkpt>
   <trkpt lat="45.68450000000001" lon="6.2483">
    <ele>1922.1200000000001</ele>
   </trkpt>
   <trkpt lat="45.68453" lon="6.24828">
    <ele>1922.1200000000001</ele>
   </trkpt>
   <trkpt lat="45.684560000000005" lon="6.2481800000000005">
    <ele>1917.51</ele>
   </trkpt>
   <trkpt lat="45.68466" lon="6.24819">
    <ele>1914.6100000000001</ele>
   </trkpt>
   <trkpt lat="45.684760000000004" lon="6.248080000000001">
    <ele>1911.99</ele>
   </trkpt>
   <trkpt lat="45.684850000000004" lon="6.24802">
    <ele>1908.94</ele>
   </trkpt>
   <trkpt lat="45.68489" lon="6.24791">
    <ele>1908.21</ele>
   </trkpt>
   <trkpt lat="45.68507" lon="6.247660000000001">
    <ele>1903.63</ele>
   </trkpt>
   <trkpt lat="45.68504" lon="6.24762">
    <ele>1902.45</ele>
   </trkpt>
   <trkpt lat="45.68509" lon="6.24751">
    <ele>1898.6900000000003</ele>
   </trkpt>
   <trkpt lat="45.68478" lon="6.247490000000001">
    <ele>1890.5600000000002</ele>
   </trkpt>
   <trkpt lat="45.685050000000004" lon="6.247070000000001">
    <ele>1883.3200000000002</ele>
   </trkpt>
   <trkpt lat="45.684810000000006" lon="6.24708">
    <ele>1875.5000000000002</ele>
   </trkpt>
   <trkpt lat="45.68488000000001" lon="6.246930000000001">
    <ele>1873.1000000000001</ele>
   </trkpt>
   <trkpt lat="45.685080000000006" lon="6.246670000000001">
    <ele>1868.18</ele>
   </trkpt>
   <trkpt lat="45.68517000000001" lon="6.246510000000001">
    <ele>1864.0800000000002</ele>
   </trkpt>
   <trkpt lat="45.684900000000006" lon="6.246550000000001">
    <ele>1858.23</ele>
   </trkpt>
   <trkpt lat="45.685140000000004" lon="6.24631">
    <ele>1852.5000000000002</ele>
   </trkpt>
   <trkpt lat="45.68497000000001" lon="6.246320000000001">
    <ele>1850.71</ele>
   </trkpt>
   <trkpt lat="45.684540000000005" lon="6.24643">
    <ele>1838.89</ele>
   </trkpt>
   <trkpt lat="45.68417" lon="6.2462800000000005">
    <ele>1828.68</ele>
   </trkpt>
   <trkpt lat="45.68383" lon="6.24605">
    <ele>1822.16</ele>
   </trkpt>
   <trkpt lat="45.683530000000005" lon="6.24598">
    <ele>1818.48</ele>
   </trkpt>
   <trkpt lat="45.683350000000004" lon="6.24591">
    <ele>1814.96</ele>
   </trkpt>
   <trkpt lat="45.682990000000004" lon="6.245940000000001">
    <ele>1807.4</ele>
   </trkpt>
   <trkpt lat="45.68312" lon="6.24568">
    <ele>1803.8400000000001</ele>
   </trkpt>
   <trkpt lat="45.683530000000005" lon="6.245360000000001">
    <ele>1791.91</ele>
   </trkpt>
   <trkpt lat="45.683690000000006" lon="6.24528">
    <ele>1790.88</ele>
   </trkpt>
   <trkpt lat="45.68386" lon="6.245100000000001">
    <ele>1781.21</ele>
   </trkpt>
   <trkpt lat="45.68417" lon="6.24486">
    <ele>1775.4</ele>
   </trkpt>
   <trkpt lat="45.68432000000001" lon="6.244610000000001">
    <ele>1771.91</ele>
   </trkpt>
   <trkpt lat="45.684470000000005" lon="6.24441">
    <ele>1765.57</ele>
   </trkpt>
   <trkpt lat="45.68489" lon="6.24413">
    <ele>1756.5400000000002</ele>
   </trkpt>
   <trkpt lat="45.68478" lon="6.244020000000001">
    <ele>1750.69</ele>
   </trkpt>
   <trkpt lat="45.684870000000004" lon="6.2439800000000005">
    <ele>1749.42</ele>
   </trkpt>
   <trkpt lat="45.685" lon="6.243880000000001">
    <ele>1745.42</ele>
   </trkpt>
   <trkpt lat="45.685080000000006" lon="6.24378">
    <ele>1741.92</ele>
   </trkpt>
   <trkpt lat="45.685140000000004" lon="6.243600000000001">
    <ele>1739.96</ele>
   </trkpt>
   <trkpt lat="45.68533" lon="6.24314">
    <ele>1733.15</ele>
   </trkpt>
   <trkpt lat="45.68542" lon="6.242890000000001">
    <ele>1730.96</ele>
   </trkpt>
   <trkpt lat="45.68544000000001" lon="6.24272">
    <ele>1730.4</ele>
   </trkpt>
   <trkpt lat="45.685410000000005" lon="6.24251">
    <ele>1730.9200000000003</ele>
   </trkpt>
   <trkpt lat="45.685320000000004" lon="6.242210000000001">
    <ele>1732.3700000000001</ele>
   </trkpt>
   <trkpt lat="45.68531" lon="6.241960000000001">
    <ele>1733.6200000000001</ele>
   </trkpt>
   <trkpt lat="45.685190000000006" lon="6.24164">
    <ele>1735.7300000000002</ele>
   </trkpt>
   <trkpt lat="45.685140000000004" lon="6.2411">
    <ele>1739.45</ele>
   </trkpt>
   <trkpt lat="45.685050000000004" lon="6.240550000000001">
    <ele>1741.18</ele>
   </trkpt>
   <trkpt lat="45.68506000000001" lon="6.240220000000001">
    <ele>1741.3100000000002</ele>
   </trkpt>
   <trkpt lat="45.685140000000004" lon="6.23988">
    <ele>1741.21</ele>
   </trkpt>
   <trkpt lat="45.68526000000001" lon="6.2396400000000005">
    <ele>1742.6100000000001</ele>
   </trkpt>
   <trkpt lat="45.68518" lon="6.239240000000001">
    <ele>1745.67</ele>
   </trkpt>
   <trkpt lat="45.68522" lon="6.238790000000001">
    <ele>1749.65</ele>
   </trkpt>
   <trkpt lat="45.685120000000005" lon="6.23852">
    <ele>1750.8000000000002</ele>
   </trkpt>
   <trkpt lat="45.684990000000006" lon="6.238320000000001">
    <ele>1753.2500000000002</ele>
   </trkpt>
   <trkpt lat="45.684920000000005" lon="6.23812">
    <ele>1756.5000000000002</ele>
   </trkpt>
   <trkpt lat="45.684830000000005" lon="6.237940000000001">
    <ele>1760.0300000000002</ele>
   </trkpt>
   <trkpt lat="45.684760000000004" lon="6.237870000000001">
    <ele>1760.0300000000002</ele>
   </trkpt>
   <trkpt lat="45.684740000000005" lon="6.237780000000001">
    <ele>1761.69</ele>
   </trkpt>
   <trkpt lat="45.684450000000005" lon="6.237450000000001">
    <ele>1768.3300000000002</ele>
   </trkpt>
   <trkpt lat="45.68435" lon="6.23728">
    <ele>1769.7600000000002</ele>
   </trkpt>
   <trkpt lat="45.684160000000006" lon="6.23723">
    <ele>1773.24</ele>
   </trkpt>
   <trkpt lat="45.68399" lon="6.237150000000001">
    <ele>1774.79</ele>
   </trkpt>
   <trkpt lat="45.683870000000006" lon="6.237010000000001">
    <ele>1776.2300000000002</ele>
   </trkpt>
   <trkpt lat="45.6837" lon="6.236650000000001">
    <ele>1777.8100000000002</ele>
   </trkpt>
   <trkpt lat="45.68354" lon="6.23648">
    <ele>1778.96</ele>
   </trkpt>
   <trkpt lat="45.683420000000005" lon="6.23643">
    <ele>1779.8700000000001</ele>
   </trkpt>
   <trkpt lat="45.683350000000004" lon="6.236330000000001">
    <ele>1780.9500000000003</ele>
   </trkpt>
   <trkpt lat="45.683130000000006" lon="6.2362">
    <ele>1782.79</ele>
   </trkpt>
   <trkpt lat="45.682900000000004" lon="6.23613">
    <ele>1785.16</ele>
   </trkpt>
   <trkpt lat="45.682770000000005" lon="6.236020000000001">
    <ele>1787.5900000000001</ele>
   </trkpt>
   <trkpt lat="45.68272" lon="6.235900000000001">
    <ele>1789.43</ele>
   </trkpt>
   <trkpt lat="45.682750000000006" lon="6.235830000000001">
    <ele>1789.89</ele>
   </trkpt>
   <trkpt lat="45.68272" lon="6.235720000000001">
    <ele>1790.3000000000002</ele>
   </trkpt>
   <trkpt lat="45.682660000000006" lon="6.2357000000000005">
    <ele>1791.0800000000002</ele>
   </trkpt>
   <trkpt lat="45.68262000000001" lon="6.235620000000001">
    <ele>1791.94</ele>
   </trkpt>
   <trkpt lat="45.6826" lon="6.235500000000001">
    <ele>1793.02</ele>
   </trkpt>
   <trkpt lat="45.68262000000001" lon="6.2353700000000005">
    <ele>1794.5300000000002</ele>
   </trkpt>
   <trkpt lat="45.682570000000005" lon="6.2352300000000005">
    <ele>1796.2600000000002</ele>
   </trkpt>
   <trkpt lat="45.682460000000006" lon="6.235040000000001">
    <ele>1799.0900000000001</ele>
   </trkpt>
   <trkpt lat="45.68244000000001" lon="6.23493">
    <ele>1799.63</ele>
   </trkpt>
   <trkpt lat="45.682370000000006" lon="6.234850000000001">
    <ele>1801.0900000000001</ele>
   </trkpt>
   <trkpt lat="45.682300000000005" lon="6.2346900000000005">
    <ele>1802.3600000000001</ele>
   </trkpt>
   <trkpt lat="45.68218" lon="6.23458">
    <ele>1804.27</ele>
   </trkpt>
   <trkpt lat="45.68206000000001" lon="6.234430000000001">
    <ele>1807.16</ele>
   </trkpt>
   <trkpt lat="45.68206000000001" lon="6.23439">
    <ele>1807.16</ele>
   </trkpt>
   <trkpt lat="45.682080000000006" lon="6.234350000000001">
    <ele>1807.16</ele>
   </trkpt>
   <trkpt lat="45.682010000000005" lon="6.234260000000001">
    <ele>1812.3600000000001</ele>
   </trkpt>
   <trkpt lat="45.68198" lon="6.2342">
    <ele>1815.95</ele>
   </trkpt>
   <trkpt lat="45.68209" lon="6.233980000000001">
    <ele>1826.95</ele>
   </trkpt>
   <trkpt lat="45.682080000000006" lon="6.23388">
    <ele>1829.0100000000002</ele>
   </trkpt>
   <trkpt lat="45.682170000000006" lon="6.233890000000001">
    <ele>1834.81</ele>
   </trkpt>
   <trkpt lat="45.68213" lon="6.233700000000001">
    <ele>1839.0000000000002</ele>
   </trkpt>
   <trkpt lat="45.682050000000004" lon="6.233510000000001">
    <ele>1843.67</ele>
   </trkpt>
   <trkpt lat="45.68209" lon="6.2334000000000005">
    <ele>1853.5900000000001</ele>
   </trkpt>
   <trkpt lat="45.6822" lon="6.23336">
    <ele>1858.3300000000002</ele>
   </trkpt>
   <trkpt lat="45.68215000000001" lon="6.233180000000001">
    <ele>1862.8200000000002</ele>
   </trkpt>
   <trkpt lat="45.682300000000005" lon="6.2327900000000005">
    <ele>1882.23</ele>
   </trkpt>
   <trkpt lat="45.68211" lon="6.232410000000001">
    <ele>1896.9600000000003</ele>
   </trkpt>
   <trkpt lat="45.681920000000005" lon="6.232200000000001">
    <ele>1906.39</ele>
   </trkpt>
   <trkpt lat="45.681900000000006" lon="6.231890000000001">
    <ele>1921.39</ele>
   </trkpt>
   <trkpt lat="45.68195" lon="6.231770000000001">
    <ele>1926.0000000000002</ele>
   </trkpt>
   <trkpt lat="45.681920000000005" lon="6.23155">
    <ele>1934.0100000000002</ele>
   </trkpt>
   <trkpt lat="45.682080000000006" lon="6.23148">
    <ele>1940.3000000000002</ele>
   </trkpt>
   <trkpt lat="45.682030000000005" lon="6.2312">
    <ele>1960.1000000000001</ele>
   </trkpt>
   <trkpt lat="45.681810000000006" lon="6.230930000000001">
    <ele>1978.2800000000002</ele>
   </trkpt>
   <trkpt lat="45.68168000000001" lon="6.230810000000001">
    <ele>1986.8100000000002</ele>
   </trkpt>
   <trkpt lat="45.681670000000004" lon="6.230670000000001">
    <ele>1997.39</ele>
   </trkpt>
   <trkpt lat="45.681740000000005" lon="6.23059">
    <ele>2000.8600000000004</ele>
   </trkpt>
   <trkpt lat="45.682010000000005" lon="6.23045">
    <ele>2025.08</ele>
   </trkpt>
   <trkpt lat="45.682" lon="6.23036">
    <ele>2025.08</ele>
   </trkpt>
   <trkpt lat="45.68186" lon="6.23026">
    <ele>2035.86</ele>
   </trkpt>
   <trkpt lat="45.68198" lon="6.23">
    <ele>2045.4000000000003</ele>
   </trkpt>
   <trkpt lat="45.68211" lon="6.229830000000001">
    <ele>2053.67</ele>
   </trkpt>
   <trkpt lat="45.68164" lon="6.22932">
    <ele>2101.1900000000005</ele>
   </trkpt>
   <trkpt lat="45.681610000000006" lon="6.2289">
    <ele>2127.52</ele>
   </trkpt>
   <trkpt lat="45.68135" lon="6.228720000000001">
    <ele>2145.53</ele>
   </trkpt>
   <trkpt lat="45.68148" lon="6.22855">
    <ele>2154.7500000000005</ele>
   </trkpt>
   <trkpt lat="45.681270000000005" lon="6.22827">
    <ele>2172.0</ele>
   </trkpt>
   <trkpt lat="45.681270000000005" lon="6.228140000000001">
    <ele>2182.4</ele>
   </trkpt>
   <trkpt lat="45.68148" lon="6.2281">
    <ele>2194.36</ele>
   </trkpt>
   <trkpt lat="45.681630000000006" lon="6.228140000000001">
    <ele>2201.4900000000002</ele>
   </trkpt>
   <trkpt lat="45.681700000000006" lon="6.228140000000001">
    <ele>2203.2100000000005</ele>
   </trkpt>
   <trkpt lat="45.68169" lon="6.228140000000001">
    <ele>2200.66</ele>
   </trkpt>
   <trkpt lat="45.681630000000006" lon="6.228140000000001">
    <ele>2200.66</ele>
   </trkpt>
   <trkpt lat="45.68148" lon="6.2281">
    <ele>2185.44</ele>
   </trkpt>
   <trkpt lat="45.681270000000005" lon="6.228140000000001">
    <ele>2169.95</ele>
   </trkpt>
   <trkpt lat="45.681270000000005" lon="6.22827">
    <ele>2166.9</ele>
   </trkpt>
   <trkpt lat="45.68148" lon="6.22855">
    <ele>2152.9</ele>
   </trkpt>
   <trkpt lat="45.68135" lon="6.228720000000001">
    <ele>2143.01</ele>
   </trkpt>
   <trkpt lat="45.681610000000006" lon="6.2289">
    <ele>2120.52</ele>
   </trkpt>
   <trkpt lat="45.68164" lon="6.22932">
    <ele>2098.04</ele>
   </trkpt>
   <trkpt lat="45.68211" lon="6.229830000000001">
    <ele>2056.62</ele>
   </trkpt>
   <trkpt lat="45.68198" lon="6.23">
    <ele>2045.2700000000004</ele>
   </trkpt>
   <trkpt lat="45.68186" lon="6.23026">
    <ele>2040.0800000000002</ele>
   </trkpt>
   <trkpt lat="45.682" lon="6.23036">
    <ele>2024.96</ele>
   </trkpt>
   <trkpt lat="45.682010000000005" lon="6.23045">
    <ele>2019.7600000000002</ele>
   </trkpt>
   <trkpt lat="45.681740000000005" lon="6.23059">
    <ele>2019.7600000000002</ele>
   </trkpt>
   <trkpt lat="45.681670000000004" lon="6.230670000000001">
    <ele>1989.8600000000001</ele>
   </trkpt>
   <trkpt lat="45.68168000000001" lon="6.230810000000001">
    <ele>1989.8600000000001</ele>
   </trkpt>
   <trkpt lat="45.681810000000006" lon="6.230930000000001">
    <ele>1982.26</ele>
   </trkpt>
   <trkpt lat="45.682030000000005" lon="6.2312">
    <ele>1961.99</ele>
   </trkpt>
   <trkpt lat="45.682080000000006" lon="6.23148">
    <ele>1950.93</ele>
   </trkpt>
   <trkpt lat="45.681920000000005" lon="6.23155">
    <ele>1939.68</ele>
   </trkpt>
   <trkpt lat="45.68195" lon="6.231770000000001">
    <ele>1937.01</ele>
   </trkpt>
   <trkpt lat="45.681900000000006" lon="6.231890000000001">
    <ele>1929.46</ele>
   </trkpt>
   <trkpt lat="45.681920000000005" lon="6.232200000000001">
    <ele>1917.42</ele>
   </trkpt>
   <trkpt lat="45.68211" lon="6.232410000000001">
    <ele>1902.21</ele>
   </trkpt>
   <trkpt lat="45.682300000000005" lon="6.2327900000000005">
    <ele>1889.3400000000001</ele>
   </trkpt>
   <trkpt lat="45.68215000000001" lon="6.233180000000001">
    <ele>1867.9</ele>
   </trkpt>
   <trkpt lat="45.6822" lon="6.23336">
    <ele>1862.95</ele>
   </trkpt>
   <trkpt lat="45.68209" lon="6.2334000000000005">
    <ele>1857.6500000000003</ele>
   </trkpt>
   <trkpt lat="45.682050000000004" lon="6.233510000000001">
    <ele>1841.32</ele>
   </trkpt>
   <trkpt lat="45.68213" lon="6.233700000000001">
    <ele>1838.71</ele>
   </trkpt>
   <trkpt lat="45.682170000000006" lon="6.233890000000001">
    <ele>1833.95</ele>
   </trkpt>
   <trkpt lat="45.682080000000006" lon="6.23388">
    <ele>1827.5200000000002</ele>
   </trkpt>
   <trkpt lat="45.68209" lon="6.233980000000001">
    <ele>1825.25</ele>
   </trkpt>
   <trkpt lat="45.68198" lon="6.2342">
    <ele>1812.8600000000001</ele>
   </trkpt>
   <trkpt lat="45.68193" lon="6.234210000000001">
    <ele>1812.8600000000001</ele>
   </trkpt>
   <trkpt lat="45.68191" lon="6.234260000000001">
    <ele>1812.8600000000001</ele>
   </trkpt>
   <trkpt lat="45.681850000000004" lon="6.2343">
    <ele>1808.3300000000002</ele>
   </trkpt>
   <trkpt lat="45.681540000000005" lon="6.23406">
    <ele>1794.72</ele>
   </trkpt>
   <trkpt lat="45.68139" lon="6.23413">
    <ele>1782.88</ele>
   </trkpt>
   <trkpt lat="45.68117" lon="6.2344800000000005">
    <ele>1770.16</ele>
   </trkpt>
   <trkpt lat="45.68095" lon="6.234680000000001">
    <ele>1761.5800000000002</ele>
   </trkpt>
   <trkpt lat="45.68074000000001" lon="6.23514">
    <ele>1751.26</ele>
   </trkpt>
   <trkpt lat="45.680710000000005" lon="6.2354">
    <ele>1747.8300000000002</ele>
   </trkpt>
   <trkpt lat="45.680550000000004" lon="6.2353000000000005">
    <ele>1746.69</ele>
   </trkpt>
   <trkpt lat="45.68036" lon="6.235430000000001">
    <ele>1743.9</ele>
   </trkpt>
   <trkpt lat="45.680150000000005" lon="6.23531">
    <ele>1738.9200000000003</ele>
   </trkpt>
   <trkpt lat="45.68007" lon="6.235360000000001">
    <ele>1736.2</ele>
   </trkpt>
   <trkpt lat="45.67951" lon="6.23507">
    <ele>1732.3700000000001</ele>
   </trkpt>
   <trkpt lat="45.679230000000004" lon="6.234780000000001">
    <ele>1739.27</ele>
   </trkpt>
   <trkpt lat="45.67887" lon="6.23446">
    <ele>1748.82</ele>
   </trkpt>
   <trkpt lat="45.678140000000006" lon="6.234350000000001">
    <ele>1748.16</ele>
   </trkpt>
   <trkpt lat="45.67788" lon="6.234070000000001">
    <ele>1748.0300000000002</ele>
   </trkpt>
   <trkpt lat="45.67763" lon="6.23383">
    <ele>1753.39</ele>
   </trkpt>
   <trkpt lat="45.67763" lon="6.233670000000001">
    <ele>1753.9900000000002</ele>
   </trkpt>
   <trkpt lat="45.677550000000004" lon="6.23359">
    <ele>1753.5</ele>
   </trkpt>
   <trkpt lat="45.677510000000005" lon="6.23338">
    <ele>1753.47</ele>
   </trkpt>
   <trkpt lat="45.677400000000006" lon="6.23338">
    <ele>1754.14</ele>
   </trkpt>
   <trkpt lat="45.6773" lon="6.233280000000001">
    <ele>1754.6000000000001</ele>
   </trkpt>
   <trkpt lat="45.67727000000001" lon="6.2332">
    <ele>1754.9500000000003</ele>
   </trkpt>
   <trkpt lat="45.67719" lon="6.233110000000001">
    <ele>1755.93</ele>
   </trkpt>
   <trkpt lat="45.67707" lon="6.23289">
    <ele>1760.19</ele>
   </trkpt>
   <trkpt lat="45.67699" lon="6.2328">
    <ele>1762.72</ele>
   </trkpt>
   <trkpt lat="45.676970000000004" lon="6.23273">
    <ele>1764.19</ele>
   </trkpt>
   <trkpt lat="45.67683" lon="6.232600000000001">
    <ele>1771.7</ele>
   </trkpt>
   <trkpt lat="45.676730000000006" lon="6.23244">
    <ele>1780.8400000000001</ele>
   </trkpt>
   <trkpt lat="45.676520000000004" lon="6.23219">
    <ele>1787.67</ele>
   </trkpt>
   <trkpt lat="45.6764" lon="6.232080000000001">
    <ele>1791.38</ele>
   </trkpt>
   <trkpt lat="45.676050000000004" lon="6.231610000000001">
    <ele>1802.95</ele>
   </trkpt>
   <trkpt lat="45.67575" lon="6.231310000000001">
    <ele>1813.0600000000002</ele>
   </trkpt>
   <trkpt lat="45.67569" lon="6.231140000000001">
    <ele>1814.48</ele>
   </trkpt>
   <trkpt lat="45.675610000000006" lon="6.23099">
    <ele>1817.23</ele>
   </trkpt>
   <trkpt lat="45.675520000000006" lon="6.230980000000001">
    <ele>1819.6900000000003</ele>
   </trkpt>
   <trkpt lat="45.67535" lon="6.23071">
    <ele>1824.9100000000003</ele>
   </trkpt>
   <trkpt lat="45.67528" lon="6.23066">
    <ele>1827.5</ele>
   </trkpt>
   <trkpt lat="45.67519" lon="6.230480000000001">
    <ele>1831.46</ele>
   </trkpt>
   <trkpt lat="45.67515" lon="6.230270000000001">
    <ele>1837.1000000000001</ele>
   </trkpt>
   <trkpt lat="45.67503000000001" lon="6.230010000000001">
    <ele>1844.0</ele>
   </trkpt>
   <trkpt lat="45.67503000000001" lon="6.2299500000000005">
    <ele>1844.0</ele>
   </trkpt>
   <trkpt lat="45.67494000000001" lon="6.2298100000000005">
    <ele>1856.14</ele>
   </trkpt>
   <trkpt lat="45.674890000000005" lon="6.229640000000001">
    <ele>1858.27</ele>
   </trkpt>
   <trkpt lat="45.67481" lon="6.229500000000001">
    <ele>1864.95</ele>
   </trkpt>
   <trkpt lat="45.67457" lon="6.229260000000001">
    <ele>1879.3000000000002</ele>
   </trkpt>
   <trkpt lat="45.674420000000005" lon="6.22918">
    <ele>1883.43</ele>
   </trkpt>
   <trkpt lat="45.67437" lon="6.22918">
    <ele>1884.23</ele>
   </trkpt>
   <trkpt lat="45.67412" lon="6.228960000000001">
    <ele>1883.2400000000002</ele>
   </trkpt>
   <trkpt lat="45.67400000000001" lon="6.228650000000001">
    <ele>1882.8200000000002</ele>
   </trkpt>
   <trkpt lat="45.67401" lon="6.22857">
    <ele>1882.8200000000002</ele>
   </trkpt>
   <trkpt lat="45.67398" lon="6.22843">
    <ele>1882.98</ele>
   </trkpt>
   <trkpt lat="45.67392" lon="6.2283100000000005">
    <ele>1883.01</ele>
   </trkpt>
   <trkpt lat="45.67376" lon="6.228160000000001">
    <ele>1882.39</ele>
   </trkpt>
   <trkpt lat="45.67363" lon="6.228070000000001">
    <ele>1882.39</ele>
   </trkpt>
   <trkpt lat="45.673500000000004" lon="6.2280500000000005">
    <ele>1881.4400000000003</ele>
   </trkpt>
   <trkpt lat="45.67345" lon="6.22806">
    <ele>1881.4400000000003</ele>
   </trkpt>
   <trkpt lat="45.6734" lon="6.228020000000001">
    <ele>1881.4400000000003</ele>
   </trkpt>
   <trkpt lat="45.673230000000004" lon="6.227970000000001">
    <ele>1880.63</ele>
   </trkpt>
   <trkpt lat="45.67318" lon="6.2279100000000005">
    <ele>1880.64</ele>
   </trkpt>
   <trkpt lat="45.673030000000004" lon="6.22782">
    <ele>1881.2900000000002</ele>
   </trkpt>
   <trkpt lat="45.67297000000001" lon="6.22782">
    <ele>1881.28</ele>
   </trkpt>
   <trkpt lat="45.67287" lon="6.227740000000001">
    <ele>1880.39</ele>
   </trkpt>
   <trkpt lat="45.672850000000004" lon="6.22763">
    <ele>1879.7500000000002</ele>
   </trkpt>
   <trkpt lat="45.67278" lon="6.227530000000001">
    <ele>1877.6200000000001</ele>
   </trkpt>
   <trkpt lat="45.67269" lon="6.22733">
    <ele>1875.43</ele>
   </trkpt>
   <trkpt lat="45.67264" lon="6.227270000000001">
    <ele>1875.0700000000002</ele>
   </trkpt>
   <trkpt lat="45.67259000000001" lon="6.227040000000001">
    <ele>1874.4300000000003</ele>
   </trkpt>
   <trkpt lat="45.67253" lon="6.226960000000001">
    <ele>1873.9500000000003</ele>
   </trkpt>
   <trkpt lat="45.672450000000005" lon="6.22679">
    <ele>1873.5900000000001</ele>
   </trkpt>
   <trkpt lat="45.672360000000005" lon="6.22653">
    <ele>1871.76</ele>
   </trkpt>
   <trkpt lat="45.67233" lon="6.22649">
    <ele>1871.76</ele>
   </trkpt>
   <trkpt lat="45.67230000000001" lon="6.22634">
    <ele>1871.2400000000002</ele>
   </trkpt>
   <trkpt lat="45.67217" lon="6.22606">
    <ele>1870.7000000000003</ele>
   </trkpt>
   <trkpt lat="45.67208" lon="6.2259">
    <ele>1870.27</ele>
   </trkpt>
   <trkpt lat="45.671910000000004" lon="6.22573">
    <ele>1866.99</ele>
   </trkpt>
   <trkpt lat="45.67174000000001" lon="6.22562">
    <ele>1865.73</ele>
   </trkpt>
   <trkpt lat="45.671600000000005" lon="6.225580000000001">
    <ele>1863.73</ele>
   </trkpt>
   <trkpt lat="45.671510000000005" lon="6.225530000000001">
    <ele>1861.8300000000002</ele>
   </trkpt>
   <trkpt lat="45.67132" lon="6.225460000000001">
    <ele>1858.8700000000001</ele>
   </trkpt>
   <trkpt lat="45.671200000000006" lon="6.22534">
    <ele>1859.64</ele>
   </trkpt>
   <trkpt lat="45.67108" lon="6.225180000000001">
    <ele>1863.8500000000001</ele>
   </trkpt>
   <trkpt lat="45.67074" lon="6.22491">
    <ele>1878.2200000000003</ele>
   </trkpt>
   <trkpt lat="45.67043" lon="6.22475">
    <ele>1888.9900000000002</ele>
   </trkpt>
   <trkpt lat="45.67025" lon="6.224620000000001">
    <ele>1895.0200000000002</ele>
   </trkpt>
   <trkpt lat="45.67018" lon="6.22463">
    <ele>1896.0200000000002</ele>
   </trkpt>
   <trkpt lat="45.67002" lon="6.2245800000000004">
    <ele>1899.31</ele>
   </trkpt>
   <trkpt lat="45.669850000000004" lon="6.2246500000000005">
    <ele>1901.21</ele>
   </trkpt>
   <trkpt lat="45.66967" lon="6.2245800000000004">
    <ele>1903.5100000000002</ele>
   </trkpt>
   <trkpt lat="45.669630000000005" lon="6.22454">
    <ele>1904.38</ele>
   </trkpt>
   <trkpt lat="45.66957" lon="6.22456">
    <ele>1906.18</ele>
   </trkpt>
   <trkpt lat="45.66912000000001" lon="6.22451">
    <ele>1913.49</ele>
   </trkpt>
   <trkpt lat="45.668780000000005" lon="6.224500000000001">
    <ele>1925.18</ele>
   </trkpt>
   <trkpt lat="45.668530000000004" lon="6.224550000000001">
    <ele>1934.56</ele>
   </trkpt>
   <trkpt lat="45.668330000000005" lon="6.22463">
    <ele>1940.2100000000003</ele>
   </trkpt>
   <trkpt lat="45.66819" lon="6.22477">
    <ele>1946.8600000000001</ele>
   </trkpt>
   <trkpt lat="45.66816" lon="6.22484">
    <ele>1946.8600000000001</ele>
   </trkpt>
   <trkpt lat="45.66808" lon="6.22473">
    <ele>1954.0600000000002</ele>
   </trkpt>
   <trkpt lat="45.667950000000005" lon="6.22444">
    <ele>1963.0800000000002</ele>
   </trkpt>
   <trkpt lat="45.66787" lon="6.22437">
    <ele>1963.0800000000002</ele>
   </trkpt>
   <trkpt lat="45.667770000000004" lon="6.22421">
    <ele>1970.77</ele>
   </trkpt>
   <trkpt lat="45.667640000000006" lon="6.22409">
    <ele>1976.29</ele>
   </trkpt>
   <trkpt lat="45.66761" lon="6.224030000000001">
    <ele>1976.29</ele>
   </trkpt>
   <trkpt lat="45.66761" lon="6.2239700000000004">
    <ele>1977.7600000000002</ele>
   </trkpt>
   <trkpt lat="45.667550000000006" lon="6.22398">
    <ele>1979.3</ele>
   </trkpt>
   <trkpt lat="45.667500000000004" lon="6.22395">
    <ele>1982.5100000000002</ele>
   </trkpt>
   <trkpt lat="45.66754" lon="6.22386">
    <ele>1982.5100000000002</ele>
   </trkpt>
   <trkpt lat="45.667500000000004" lon="6.223730000000001">
    <ele>1975.14</ele>
   </trkpt>
   <trkpt lat="45.66754" lon="6.2237100000000005">
    <ele>1975.14</ele>
   </trkpt>
   <trkpt lat="45.66761" lon="6.22376">
    <ele>1973.24</ele>
   </trkpt>
   <trkpt lat="45.66776" lon="6.22358">
    <ele>1970.08</ele>
   </trkpt>
   <trkpt lat="45.66787" lon="6.223540000000001">
    <ele>1968.26</ele>
   </trkpt>
   <trkpt lat="45.66792" lon="6.223540000000001">
    <ele>1968.26</ele>
   </trkpt>
   <trkpt lat="45.66807000000001" lon="6.22329">
    <ele>1966.39</ele>
   </trkpt>
   <trkpt lat="45.6681" lon="6.22329">
    <ele>1966.39</ele>
   </trkpt>
   <trkpt lat="45.66809000000001" lon="6.223230000000001">
    <ele>1966.38</ele>
   </trkpt>
   <trkpt lat="45.66812" lon="6.223210000000001">
    <ele>1966.38</ele>
   </trkpt>
   <trkpt lat="45.668130000000005" lon="6.22311">
    <ele>1966.15</ele>
   </trkpt>
   <trkpt lat="45.66814" lon="6.22311">
    <ele>1966.15</ele>
   </trkpt>
   <trkpt lat="45.66812" lon="6.22311">
    <ele>1966.15</ele>
   </trkpt>
   <trkpt lat="45.66819" lon="6.223120000000001">
    <ele>1962.0700000000002</ele>
   </trkpt>
   <trkpt lat="45.668330000000005" lon="6.22322">
    <ele>1960.0700000000002</ele>
   </trkpt>
   <trkpt lat="45.66825" lon="6.22311">
    <ele>1964.7900000000002</ele>
   </trkpt>
   <trkpt lat="45.66823" lon="6.223140000000001">
    <ele>1965.6200000000001</ele>
   </trkpt>
   <trkpt lat="45.668130000000005" lon="6.22311">
    <ele>1966.32</ele>
   </trkpt>
   <trkpt lat="45.66812" lon="6.223210000000001">
    <ele>1966.38</ele>
   </trkpt>
   <trkpt lat="45.66809000000001" lon="6.223230000000001">
    <ele>1966.39</ele>
   </trkpt>
   <trkpt lat="45.6681" lon="6.22329">
    <ele>1966.39</ele>
   </trkpt>
   <trkpt lat="45.66807000000001" lon="6.22329">
    <ele>1966.46</ele>
   </trkpt>
   <trkpt lat="45.66792" lon="6.223540000000001">
    <ele>1968.26</ele>
   </trkpt>
   <trkpt lat="45.66787" lon="6.223540000000001">
    <ele>1969.4000000000003</ele>
   </trkpt>
   <trkpt lat="45.66776" lon="6.22358">
    <ele>1970.8700000000001</ele>
   </trkpt>
   <trkpt lat="45.66761" lon="6.22376">
    <ele>1973.24</ele>
   </trkpt>
   <trkpt lat="45.66754" lon="6.2237100000000005">
    <ele>1975.14</ele>
   </trkpt>
   <trkpt lat="45.667500000000004" lon="6.223730000000001">
    <ele>1975.14</ele>
   </trkpt>
   <trkpt lat="45.66754" lon="6.22386">
    <ele>1982.5100000000002</ele>
   </trkpt>
   <trkpt lat="45.667460000000005" lon="6.22405">
    <ele>1985.5000000000002</ele>
   </trkpt>
   <trkpt lat="45.667460000000005" lon="6.22409">
    <ele>1985.5000000000002</ele>
   </trkpt>
   <trkpt lat="45.667410000000004" lon="6.224100000000001">
    <ele>1986.8500000000001</ele>
   </trkpt>
   <trkpt lat="45.667410000000004" lon="6.224130000000001">
    <ele>1986.8500000000001</ele>
   </trkpt>
   <trkpt lat="45.66738" lon="6.224150000000001">
    <ele>1989.7900000000002</ele>
   </trkpt>
   <trkpt lat="45.66738" lon="6.224200000000001">
    <ele>1989.7900000000002</ele>
   </trkpt>
   <trkpt lat="45.66725" lon="6.22414">
    <ele>1994.5500000000002</ele>
   </trkpt>
   <trkpt lat="45.667260000000006" lon="6.22416">
    <ele>1996.3700000000001</ele>
   </trkpt>
   <trkpt lat="45.66724000000001" lon="6.2241800000000005">
    <ele>1996.3700000000001</ele>
   </trkpt>
   <trkpt lat="45.66727" lon="6.22426">
    <ele>1998.3300000000002</ele>
   </trkpt>
   <trkpt lat="45.66724000000001" lon="6.22426">
    <ele>1998.3300000000002</ele>
   </trkpt>
   <trkpt lat="45.66723" lon="6.22433">
    <ele>2006.73</ele>
   </trkpt>
   <trkpt lat="45.6672" lon="6.224360000000001">
    <ele>2006.73</ele>
   </trkpt>
   <trkpt lat="45.6672" lon="6.2244">
    <ele>2006.73</ele>
   </trkpt>
   <trkpt lat="45.667170000000006" lon="6.224430000000001">
    <ele>2006.73</ele>
   </trkpt>
   <trkpt lat="45.667170000000006" lon="6.22449">
    <ele>2006.73</ele>
   </trkpt>
   <trkpt lat="45.667120000000004" lon="6.224570000000001">
    <ele>2014.6800000000003</ele>
   </trkpt>
   <trkpt lat="45.66713" lon="6.22459">
    <ele>2014.6800000000003</ele>
   </trkpt>
   <trkpt lat="45.667100000000005" lon="6.224670000000001">
    <ele>2014.6800000000003</ele>
   </trkpt>
   <trkpt lat="45.66711" lon="6.224690000000001">
    <ele>2014.6800000000003</ele>
   </trkpt>
   <trkpt lat="45.667" lon="6.224950000000001">
    <ele>2029.7800000000002</ele>
   </trkpt>
   <trkpt lat="45.667030000000004" lon="6.22501">
    <ele>2029.7800000000002</ele>
   </trkpt>
   <trkpt lat="45.667010000000005" lon="6.22503">
    <ele>2031.7700000000002</ele>
   </trkpt>
   <trkpt lat="45.66702" lon="6.22512">
    <ele>2033.5800000000002</ele>
   </trkpt>
   <trkpt lat="45.667" lon="6.22512">
    <ele>2035.2200000000003</ele>
   </trkpt>
   <trkpt lat="45.66702" lon="6.22522">
    <ele>2036.7100000000003</ele>
   </trkpt>
   <trkpt lat="45.666990000000006" lon="6.225250000000001">
    <ele>2013.5</ele>
   </trkpt>
   <trkpt lat="45.66698" lon="6.2254000000000005">
    <ele>2040.28</ele>
   </trkpt>
   <trkpt lat="45.666970000000006" lon="6.225370000000001">
    <ele>2040.28</ele>
   </trkpt>
   <trkpt lat="45.667010000000005" lon="6.2253300000000005">
    <ele>2039.2700000000002</ele>
   </trkpt>
   <trkpt lat="45.666990000000006" lon="6.225250000000001">
    <ele>2036.7100000000003</ele>
   </trkpt>
   <trkpt lat="45.66702" lon="6.22522">
    <ele>2036.7100000000003</ele>
   </trkpt>
   <trkpt lat="45.667" lon="6.22512">
    <ele>2033.5800000000002</ele>
   </trkpt>
   <trkpt lat="45.66702" lon="6.22512">
    <ele>2031.7700000000002</ele>
   </trkpt>
   <trkpt lat="45.667010000000005" lon="6.22503">
    <ele>2029.7800000000002</ele>
   </trkpt>
   <trkpt lat="45.667030000000004" lon="6.22501">
    <ele>2029.7800000000002</ele>
   </trkpt>
   <trkpt lat="45.667" lon="6.224950000000001">
    <ele>2023.1600000000003</ele>
   </trkpt>
   <trkpt lat="45.66711" lon="6.224690000000001">
    <ele>2014.6800000000003</ele>
   </trkpt>
   <trkpt lat="45.667100000000005" lon="6.224670000000001">
    <ele>2014.6800000000003</ele>
   </trkpt>
   <trkpt lat="45.66713" lon="6.22459">
    <ele>2014.6800000000003</ele>
   </trkpt>
   <trkpt lat="45.667120000000004" lon="6.224570000000001">
    <ele>2014.6800000000003</ele>
   </trkpt>
   <trkpt lat="45.667170000000006" lon="6.22449">
    <ele>2006.73</ele>
   </trkpt>
   <trkpt lat="45.667170000000006" lon="6.224430000000001">
    <ele>2006.73</ele>
   </trkpt>
   <trkpt lat="45.6672" lon="6.2244">
    <ele>2006.73</ele>
   </trkpt>
   <trkpt lat="45.6672" lon="6.224360000000001">
    <ele>2006.73</ele>
   </trkpt>
   <trkpt lat="45.66723" lon="6.22433">
    <ele>1998.3300000000002</ele>
   </trkpt>
   <trkpt lat="45.66724000000001" lon="6.22426">
    <ele>1998.3300000000002</ele>
   </trkpt>
   <trkpt lat="45.66727" lon="6.22426">
    <ele>1998.3300000000002</ele>
   </trkpt>
   <trkpt lat="45.66724000000001" lon="6.2241800000000005">
    <ele>1994.5500000000002</ele>
   </trkpt>
   <trkpt lat="45.667260000000006" lon="6.22416">
    <ele>1994.5500000000002</ele>
   </trkpt>
   <trkpt lat="45.66725" lon="6.22414">
    <ele>1992.88</ele>
   </trkpt>
   <trkpt lat="45.66738" lon="6.224200000000001">
    <ele>1989.7900000000002</ele>
   </trkpt>
   <trkpt lat="45.66738" lon="6.224150000000001">
    <ele>1986.8500000000001</ele>
   </trkpt>
   <trkpt lat="45.667410000000004" lon="6.224130000000001">
    <ele>1986.8500000000001</ele>
   </trkpt>
   <trkpt lat="45.667410000000004" lon="6.224100000000001">
    <ele>1985.5000000000002</ele>
   </trkpt>
   <trkpt lat="45.667460000000005" lon="6.22409">
    <ele>1984.32</ele>
   </trkpt>
   <trkpt lat="45.667460000000005" lon="6.22405">
    <ele>1984.32</ele>
   </trkpt>
   <trkpt lat="45.667500000000004" lon="6.22395">
    <ele>1982.5100000000002</ele>
   </trkpt>
   <trkpt lat="45.667550000000006" lon="6.22398">
    <ele>1979.3</ele>
   </trkpt>
   <trkpt lat="45.66761" lon="6.2239700000000004">
    <ele>1977.7600000000002</ele>
   </trkpt>
   <trkpt lat="45.66761" lon="6.224030000000001">
    <ele>1976.29</ele>
   </trkpt>
   <trkpt lat="45.667640000000006" lon="6.22409">
    <ele>1976.29</ele>
   </trkpt>
   <trkpt lat="45.667770000000004" lon="6.22421">
    <ele>1970.77</ele>
   </trkpt>
   <trkpt lat="45.66787" lon="6.22437">
    <ele>1963.0800000000002</ele>
   </trkpt>
   <trkpt lat="45.667950000000005" lon="6.22444">
    <ele>1963.0800000000002</ele>
   </trkpt>
   <trkpt lat="45.66808" lon="6.22473">
    <ele>1954.0600000000002</ele>
   </trkpt>
   <trkpt lat="45.668290000000006" lon="6.224990000000001">
    <ele>1943.78</ele>
   </trkpt>
   <trkpt lat="45.668380000000006" lon="6.22503">
    <ele>1938.05</ele>
   </trkpt>
   <trkpt lat="45.66843" lon="6.22515">
    <ele>1933.13</ele>
   </trkpt>
   <trkpt lat="45.668530000000004" lon="6.225090000000001">
    <ele>1929.18</ele>
   </trkpt>
   <trkpt lat="45.66863" lon="6.225110000000001">
    <ele>1924.5200000000002</ele>
   </trkpt>
   <trkpt lat="45.66872" lon="6.2250700000000005">
    <ele>1920.9900000000002</ele>
   </trkpt>
   <trkpt lat="45.66881" lon="6.225130000000001">
    <ele>1915.38</ele>
   </trkpt>
   <trkpt lat="45.668870000000005" lon="6.225250000000001">
    <ele>1909.16</ele>
   </trkpt>
   <trkpt lat="45.668960000000006" lon="6.22527">
    <ele>1904.5900000000001</ele>
   </trkpt>
   <trkpt lat="45.669070000000005" lon="6.2252600000000005">
    <ele>1899.76</ele>
   </trkpt>
   <trkpt lat="45.669250000000005" lon="6.2253300000000005">
    <ele>1891.3000000000002</ele>
   </trkpt>
   <trkpt lat="45.66937" lon="6.22527">
    <ele>1889.21</ele>
   </trkpt>
   <trkpt lat="45.669470000000004" lon="6.225280000000001">
    <ele>1886.57</ele>
   </trkpt>
   <trkpt lat="45.66957" lon="6.225320000000001">
    <ele>1882.3500000000001</ele>
   </trkpt>
   <trkpt lat="45.669650000000004" lon="6.225560000000001">
    <ele>1869.73</ele>
   </trkpt>
   <trkpt lat="45.66977000000001" lon="6.2256100000000005">
    <ele>1865.0300000000002</ele>
   </trkpt>
   <trkpt lat="45.66995000000001" lon="6.22588">
    <ele>1849.88</ele>
   </trkpt>
   <trkpt lat="45.67" lon="6.226000000000001">
    <ele>1843.08</ele>
   </trkpt>
   <trkpt lat="45.670080000000006" lon="6.226070000000001">
    <ele>1840.0700000000002</ele>
   </trkpt>
   <trkpt lat="45.670320000000004" lon="6.22609">
    <ele>1834.71</ele>
   </trkpt>
   <trkpt lat="45.67042000000001" lon="6.2260800000000005">
    <ele>1834.4300000000003</ele>
   </trkpt>
   <trkpt lat="45.67051000000001" lon="6.226050000000001">
    <ele>1836.6200000000001</ele>
   </trkpt>
   <trkpt lat="45.67071000000001" lon="6.22613">
    <ele>1834.7000000000003</ele>
   </trkpt>
   <trkpt lat="45.670820000000006" lon="6.2261500000000005">
    <ele>1836.42</ele>
   </trkpt>
   <trkpt lat="45.67108" lon="6.22644">
    <ele>1827.88</ele>
   </trkpt>
   <trkpt lat="45.67112" lon="6.226730000000001">
    <ele>1816.1200000000001</ele>
   </trkpt>
   <trkpt lat="45.67118000000001" lon="6.22686">
    <ele>1813.6000000000001</ele>
   </trkpt>
   <trkpt lat="45.671260000000004" lon="6.226940000000001">
    <ele>1814.07</ele>
   </trkpt>
   <trkpt lat="45.671350000000004" lon="6.227080000000001">
    <ele>1813.73</ele>
   </trkpt>
   <trkpt lat="45.671330000000005" lon="6.22728">
    <ele>1806.0200000000002</ele>
   </trkpt>
   <trkpt lat="45.671350000000004" lon="6.22742">
    <ele>1804.5000000000002</ele>
   </trkpt>
   <trkpt lat="45.67132" lon="6.22771">
    <ele>1797.3700000000001</ele>
   </trkpt>
   <trkpt lat="45.67128" lon="6.227830000000001">
    <ele>1794.48</ele>
   </trkpt>
   <trkpt lat="45.67139" lon="6.228210000000001">
    <ele>1790.91</ele>
   </trkpt>
   <trkpt lat="45.67141" lon="6.22834">
    <ele>1789.4</ele>
   </trkpt>
   <trkpt lat="45.671490000000006" lon="6.2284500000000005">
    <ele>1788.66</ele>
   </trkpt>
   <trkpt lat="45.6715" lon="6.228580000000001">
    <ele>1786.39</ele>
   </trkpt>
   <trkpt lat="45.67155" lon="6.22869">
    <ele>1785.0500000000002</ele>
   </trkpt>
   <trkpt lat="45.67161" lon="6.228980000000001">
    <ele>1779.21</ele>
   </trkpt>
   <trkpt lat="45.67152" lon="6.229260000000001">
    <ele>1764.3300000000002</ele>
   </trkpt>
   <trkpt lat="45.67154" lon="6.229400000000001">
    <ele>1759.6100000000001</ele>
   </trkpt>
   <trkpt lat="45.67143" lon="6.2298100000000005">
    <ele>1739.2200000000003</ele>
   </trkpt>
   <trkpt lat="45.671440000000004" lon="6.22996">
    <ele>1735.1000000000001</ele>
   </trkpt>
   <trkpt lat="45.671260000000004" lon="6.2304900000000005">
    <ele>1706.3100000000002</ele>
   </trkpt>
   <trkpt lat="45.67127000000001" lon="6.230630000000001">
    <ele>1700.6200000000001</ele>
   </trkpt>
   <trkpt lat="45.671170000000004" lon="6.2309">
    <ele>1686.6000000000001</ele>
   </trkpt>
   <trkpt lat="45.671040000000005" lon="6.23111">
    <ele>1674.89</ele>
   </trkpt>
   <trkpt lat="45.67092" lon="6.2313600000000005">
    <ele>1661.41</ele>
   </trkpt>
   <trkpt lat="45.67087" lon="6.2315000000000005">
    <ele>1656.5700000000002</ele>
   </trkpt>
   <trkpt lat="45.670840000000005" lon="6.23165">
    <ele>1650.0100000000002</ele>
   </trkpt>
   <trkpt lat="45.67085" lon="6.23179">
    <ele>1646.21</ele>
   </trkpt>
   <trkpt lat="45.67080000000001" lon="6.23209">
    <ele>1636.5</ele>
   </trkpt>
   <trkpt lat="45.67085" lon="6.232740000000001">
    <ele>1621.0900000000001</ele>
   </trkpt>
   <trkpt lat="45.670840000000005" lon="6.232900000000001">
    <ele>1617.63</ele>
   </trkpt>
   <trkpt lat="45.67089000000001" lon="6.233210000000001">
    <ele>1613.4700000000003</ele>
   </trkpt>
   <trkpt lat="45.67092" lon="6.23352">
    <ele>1607.25</ele>
   </trkpt>
   <trkpt lat="45.670910000000006" lon="6.233790000000001">
    <ele>1602.67</ele>
   </trkpt>
   <trkpt lat="45.67103" lon="6.234050000000001">
    <ele>1599.19</ele>
   </trkpt>
   <trkpt lat="45.67119" lon="6.234330000000001">
    <ele>1597.69</ele>
   </trkpt>
   <trkpt lat="45.671240000000004" lon="6.2344800000000005">
    <ele>1594.48</ele>
   </trkpt>
   <trkpt lat="45.671260000000004" lon="6.234640000000001">
    <ele>1592.2500000000002</ele>
   </trkpt>
   <trkpt lat="45.671240000000004" lon="6.23477">
    <ele>1588.47</ele>
   </trkpt>
   <trkpt lat="45.6713" lon="6.23495">
    <ele>1585.5800000000002</ele>
   </trkpt>
   <trkpt lat="45.67148" lon="6.23519">
    <ele>1583.5100000000002</ele>
   </trkpt>
   <trkpt lat="45.671690000000005" lon="6.235650000000001">
    <ele>1576.1000000000001</ele>
   </trkpt>
   <trkpt lat="45.67174000000001" lon="6.235830000000001">
    <ele>1572.4600000000003</ele>
   </trkpt>
   <trkpt lat="45.671600000000005" lon="6.236160000000001">
    <ele>1560.46</ele>
   </trkpt>
   <trkpt lat="45.67146" lon="6.23657">
    <ele>1549.29</ele>
   </trkpt>
   <trkpt lat="45.67139" lon="6.23671">
    <ele>1544.65</ele>
   </trkpt>
   <trkpt lat="45.67137" lon="6.2368500000000004">
    <ele>1540.8300000000002</ele>
   </trkpt>
   <trkpt lat="45.671420000000005" lon="6.23704">
    <ele>1537.16</ele>
   </trkpt>
   <trkpt lat="45.67147000000001" lon="6.23716">
    <ele>1534.75</ele>
   </trkpt>
   <trkpt lat="45.67143" lon="6.23742">
    <ele>1528.3600000000001</ele>
   </trkpt>
   <trkpt lat="45.67146" lon="6.237730000000001">
    <ele>1521.12</ele>
   </trkpt>
   <trkpt lat="45.671330000000005" lon="6.237990000000001">
    <ele>1514.21</ele>
   </trkpt>
   <trkpt lat="45.671240000000004" lon="6.23831">
    <ele>1506.3600000000001</ele>
   </trkpt>
   <trkpt lat="45.67121" lon="6.238510000000001">
    <ele>1499.98</ele>
   </trkpt>
   <trkpt lat="45.67125" lon="6.238810000000001">
    <ele>1493.5200000000002</ele>
   </trkpt>
   <trkpt lat="45.67114" lon="6.23885">
    <ele>1492.6200000000001</ele>
   </trkpt>
   <trkpt lat="45.67107" lon="6.23892">
    <ele>1491.94</ele>
   </trkpt>
   <trkpt lat="45.67092" lon="6.239230000000001">
    <ele>1491.0</ele>
   </trkpt>
   <trkpt lat="45.67081" lon="6.23953">
    <ele>1489.8</ele>
   </trkpt>
   <trkpt lat="45.670820000000006" lon="6.24005">
    <ele>1487.6200000000001</ele>
   </trkpt>
   <trkpt lat="45.670790000000004" lon="6.240240000000001">
    <ele>1486.6200000000001</ele>
   </trkpt>
   <trkpt lat="45.67056" lon="6.240710000000001">
    <ele>1482.8700000000001</ele>
   </trkpt>
   <trkpt lat="45.670500000000004" lon="6.24087">
    <ele>1479.63</ele>
   </trkpt>
   <trkpt lat="45.67045" lon="6.24091">
    <ele>1479.63</ele>
   </trkpt>
   <trkpt lat="45.67038" lon="6.2409300000000005">
    <ele>1477.09</ele>
   </trkpt>
   <trkpt lat="45.67027" lon="6.2409300000000005">
    <ele>1477.09</ele>
   </trkpt>
   <trkpt lat="45.67013" lon="6.2408600000000005">
    <ele>1473.5</ele>
   </trkpt>
   <trkpt lat="45.67007" lon="6.24087">
    <ele>1471.7600000000002</ele>
   </trkpt>
   <trkpt lat="45.67005" lon="6.240920000000001">
    <ele>1470.96</ele>
   </trkpt>
   <trkpt lat="45.670210000000004" lon="6.24124">
    <ele>1466.69</ele>
   </trkpt>
   <trkpt lat="45.67022" lon="6.241300000000001">
    <ele>1465.92</ele>
   </trkpt>
   <trkpt lat="45.670190000000005" lon="6.241370000000001">
    <ele>1464.9500000000003</ele>
   </trkpt>
   <trkpt lat="45.6702" lon="6.24136">
    <ele>1464.9500000000003</ele>
   </trkpt>
   <trkpt lat="45.67016" lon="6.2414000000000005">
    <ele>1464.9500000000003</ele>
   </trkpt>
   <trkpt lat="45.67006000000001" lon="6.24134">
    <ele>1461.71</ele>
   </trkpt>
   <trkpt lat="45.669880000000006" lon="6.241160000000001">
    <ele>1458.72</ele>
   </trkpt>
   <trkpt lat="45.66957" lon="6.241020000000001">
    <ele>1451.75</ele>
   </trkpt>
   <trkpt lat="45.669270000000004" lon="6.240550000000001">
    <ele>1446.79</ele>
   </trkpt>
   <trkpt lat="45.66917" lon="6.240500000000001">
    <ele>1445.7900000000002</ele>
   </trkpt>
   <trkpt lat="45.669050000000006" lon="6.240500000000001">
    <ele>1443.9400000000003</ele>
   </trkpt>
   <trkpt lat="45.668940000000006" lon="6.24059">
    <ele>1443.1</ele>
   </trkpt>
   <trkpt lat="45.66859" lon="6.240970000000001">
    <ele>1438.23</ele>
   </trkpt>
   <trkpt lat="45.668490000000006" lon="6.24096">
    <ele>1436.63</ele>
   </trkpt>
   <trkpt lat="45.668150000000004" lon="6.240480000000001">
    <ele>1426.8200000000002</ele>
   </trkpt>
   <trkpt lat="45.66807000000001" lon="6.240460000000001">
    <ele>1426.1100000000001</ele>
   </trkpt>
   <trkpt lat="45.66801" lon="6.24052">
    <ele>1424.92</ele>
   </trkpt>
   <trkpt lat="45.667910000000006" lon="6.240780000000001">
    <ele>1423.01</ele>
   </trkpt>
   <trkpt lat="45.66781" lon="6.241160000000001">
    <ele>1421.19</ele>
   </trkpt>
   <trkpt lat="45.6676" lon="6.2413300000000005">
    <ele>1420.3000000000002</ele>
   </trkpt>
   <trkpt lat="45.66749" lon="6.241560000000001">
    <ele>1419.22</ele>
   </trkpt>
   <trkpt lat="45.667370000000005" lon="6.241720000000001">
    <ele>1417.6200000000001</ele>
   </trkpt>
   <trkpt lat="45.66687" lon="6.24195">
    <ele>1406.88</ele>
   </trkpt>
   <trkpt lat="45.66666" lon="6.241960000000001">
    <ele>1404.9900000000002</ele>
   </trkpt>
   <trkpt lat="45.66664" lon="6.242000000000001">
    <ele>1404.9900000000002</ele>
   </trkpt>
   <trkpt lat="45.66664" lon="6.242050000000001">
    <ele>1404.4800000000002</ele>
   </trkpt>
   <trkpt lat="45.66648000000001" lon="6.24225">
    <ele>1403.0300000000002</ele>
   </trkpt>
   <trkpt lat="45.666380000000004" lon="6.24232">
    <ele>1401.21</ele>
   </trkpt>
   <trkpt lat="45.66630000000001" lon="6.242310000000001">
    <ele>1400.4</ele>
   </trkpt>
   <trkpt lat="45.665980000000005" lon="6.242100000000001">
    <ele>1396.21</ele>
   </trkpt>
   <trkpt lat="45.66583000000001" lon="6.242050000000001">
    <ele>1389.69</ele>
   </trkpt>
   <trkpt lat="45.66557" lon="6.242030000000001">
    <ele>1386.3899999999999</ele>
   </trkpt>
   <trkpt lat="45.66499" lon="6.241930000000001">
    <ele>1377.5300000000002</ele>
   </trkpt>
   <trkpt lat="45.664770000000004" lon="6.2420100000000005">
    <ele>1373.1000000000001</ele>
   </trkpt>
   <trkpt lat="45.664410000000004" lon="6.24199">
    <ele>1367.4</ele>
   </trkpt>
   <trkpt lat="45.66427" lon="6.24204">
    <ele>1363.25</ele>
   </trkpt>
   <trkpt lat="45.663990000000005" lon="6.242050000000001">
    <ele>1357.52</ele>
   </trkpt>
   <trkpt lat="45.66367" lon="6.24223">
    <ele>1351.4700000000003</ele>
   </trkpt>
   <trkpt lat="45.663450000000005" lon="6.242380000000001">
    <ele>1347.42</ele>
   </trkpt>
   <trkpt lat="45.66317" lon="6.24244">
    <ele>1340.95</ele>
   </trkpt>
   <trkpt lat="45.66275" lon="6.2424800000000005">
    <ele>1334.69</ele>
   </trkpt>
   <trkpt lat="45.6625" lon="6.2424800000000005">
    <ele>1331.05</ele>
   </trkpt>
   <trkpt lat="45.66216000000001" lon="6.242360000000001">
    <ele>1327.63</ele>
   </trkpt>
   <trkpt lat="45.661840000000005" lon="6.24218">
    <ele>1325.05</ele>
   </trkpt>
   <trkpt lat="45.661570000000005" lon="6.242070000000001">
    <ele>1322.2</ele>
   </trkpt>
   <trkpt lat="45.660940000000004" lon="6.241840000000001">
    <ele>1319.39</ele>
   </trkpt>
   <trkpt lat="45.66039000000001" lon="6.241670000000001">
    <ele>1319.29</ele>
   </trkpt>
   <trkpt lat="45.660000000000004" lon="6.24143">
    <ele>1317.93</ele>
   </trkpt>
   <trkpt lat="45.659650000000006" lon="6.24115">
    <ele>1314.14</ele>
   </trkpt>
   <trkpt lat="45.65935" lon="6.240850000000001">
    <ele>1308.43</ele>
   </trkpt>
   <trkpt lat="45.65908" lon="6.24068">
    <ele>1306.7900000000002</ele>
   </trkpt>
   <trkpt lat="45.658300000000004" lon="6.24063">
    <ele>1293.64</ele>
   </trkpt>
   <trkpt lat="45.657590000000006" lon="6.240640000000001">
    <ele>1277.83</ele>
   </trkpt>
   <trkpt lat="45.657340000000005" lon="6.240710000000001">
    <ele>1271.46</ele>
   </trkpt>
   <trkpt lat="45.656960000000005" lon="6.240450000000001">
    <ele>1263.95</ele>
   </trkpt>
   <trkpt lat="45.65619" lon="6.240360000000001">
    <ele>1249.3</ele>
   </trkpt>
   <trkpt lat="45.65587000000001" lon="6.240290000000001">
    <ele>1244.2900000000002</ele>
   </trkpt>
   <trkpt lat="45.655570000000004" lon="6.240450000000001">
    <ele>1238.3600000000001</ele>
   </trkpt>
   <trkpt lat="45.65547" lon="6.240570000000001">
    <ele>1235.72</ele>
   </trkpt>
   <trkpt lat="45.654990000000005" lon="6.2409300000000005">
    <ele>1222.45</ele>
   </trkpt>
   <trkpt lat="45.65473" lon="6.241020000000001">
    <ele>1210.9800000000002</ele>
   </trkpt>
   <trkpt lat="45.65453" lon="6.241060000000001">
    <ele>1206.21</ele>
   </trkpt>
   <trkpt lat="45.65401000000001" lon="6.240920000000001">
    <ele>1189.8200000000002</ele>
   </trkpt>
   <trkpt lat="45.653670000000005" lon="6.240850000000001">
    <ele>1178.8200000000002</ele>
   </trkpt>
   <trkpt lat="45.6535" lon="6.24087">
    <ele>1173.57</ele>
   </trkpt>
   <trkpt lat="45.65317" lon="6.24073">
    <ele>1168.5700000000002</ele>
   </trkpt>
   <trkpt lat="45.65308" lon="6.2407200000000005">
    <ele>1160.1100000000001</ele>
   </trkpt>
   <trkpt lat="45.652890000000006" lon="6.240810000000001">
    <ele>1156.0300000000002</ele>
   </trkpt>
   <trkpt lat="45.652770000000004" lon="6.240760000000001">
    <ele>1152.3400000000001</ele>
   </trkpt>
   <trkpt lat="45.65261" lon="6.2407900000000005">
    <ele>1148.13</ele>
   </trkpt>
   <trkpt lat="45.65231000000001" lon="6.241060000000001">
    <ele>1142.6100000000001</ele>
   </trkpt>
   <trkpt lat="45.651920000000004" lon="6.24129">
    <ele>1137.0500000000002</ele>
   </trkpt>
   <trkpt lat="45.65167" lon="6.24131">
    <ele>1134.49</ele>
   </trkpt>
   <trkpt lat="45.65129" lon="6.241160000000001">
    <ele>1129.54</ele>
   </trkpt>
   <trkpt lat="45.65095" lon="6.241090000000001">
    <ele>1123.78</ele>
   </trkpt>
   <trkpt lat="45.65066" lon="6.240920000000001">
    <ele>1120.03</ele>
   </trkpt>
   <trkpt lat="45.65044" lon="6.240900000000001">
    <ele>1117.63</ele>
   </trkpt>
   <trkpt lat="45.65023" lon="6.240990000000001">
    <ele>1114.8600000000001</ele>
   </trkpt>
   <trkpt lat="45.649930000000005" lon="6.24103">
    <ele>1109.2600000000002</ele>
   </trkpt>
   <trkpt lat="45.649730000000005" lon="6.24098">
    <ele>1106.6200000000001</ele>
   </trkpt>
   <trkpt lat="45.649730000000005" lon="6.240990000000001">
    <ele>1105.82</ele>
   </trkpt>
   <trkpt lat="45.6497" lon="6.2410000000000005">
    <ele>1105.82</ele>
   </trkpt>
   <trkpt lat="45.649440000000006" lon="6.2407900000000005">
    <ele>1100.56</ele>
   </trkpt>
   <trkpt lat="45.64904000000001" lon="6.24059">
    <ele>1088.66</ele>
   </trkpt>
   <trkpt lat="45.64838" lon="6.2401800000000005">
    <ele>1063.5800000000002</ele>
   </trkpt>
   <trkpt lat="45.647960000000005" lon="6.239870000000001">
    <ele>1051.62</ele>
   </trkpt>
   <trkpt lat="45.647740000000006" lon="6.23981">
    <ele>1047.25</ele>
   </trkpt>
   <trkpt lat="45.64761" lon="6.239800000000001">
    <ele>1044.69</ele>
   </trkpt>
   <trkpt lat="45.647600000000004" lon="6.2395000000000005">
    <ele>1042.44</ele>
   </trkpt>
   <trkpt lat="45.647540000000006" lon="6.239330000000001">
    <ele>1041.18</ele>
   </trkpt>
   <trkpt lat="45.64743000000001" lon="6.2391700000000005">
    <ele>1038.74</ele>
   </trkpt>
   <trkpt lat="45.647330000000004" lon="6.239090000000001">
    <ele>1038.74</ele>
   </trkpt>
   <trkpt lat="45.647180000000006" lon="6.23878">
    <ele>1034.0</ele>
   </trkpt>
   <trkpt lat="45.646910000000005" lon="6.23836">
    <ele>1032.74</ele>
   </trkpt>
   <trkpt lat="45.64679" lon="6.238230000000001">
    <ele>1030.69</ele>
   </trkpt>
   <trkpt lat="45.64663" lon="6.23817">
    <ele>1029.83</ele>
   </trkpt>
   <trkpt lat="45.64640000000001" lon="6.23803">
    <ele>1026.8600000000001</ele>
   </trkpt>
   <trkpt lat="45.64618" lon="6.237830000000001">
    <ele>1023.4300000000001</ele>
   </trkpt>
   <trkpt lat="45.646040000000006" lon="6.237450000000001">
    <ele>1020.11</ele>
   </trkpt>
   <trkpt lat="45.64578" lon="6.23718">
    <ele>1016.6700000000002</ele>
   </trkpt>
   <trkpt lat="45.64566000000001" lon="6.2369200000000005">
    <ele>1015.0300000000001</ele>
   </trkpt>
   <trkpt lat="45.64562" lon="6.23671">
    <ele>1014.24</ele>
   </trkpt>
   <trkpt lat="45.64562" lon="6.2361200000000006">
    <ele>1012.5600000000001</ele>
   </trkpt>
   <trkpt lat="45.64553000219176" lon="6.235414999052535">
    <ele>1010.75</ele>
   </trkpt>
   <trkpt lat="45.64544" lon="6.234710000000001">
    <ele>1008.34</ele>
   </trkpt>
   <trkpt lat="45.645340000000004" lon="6.234330000000001">
    <ele>1006.1600000000002</ele>
   </trkpt>
   <trkpt lat="45.64519000000001" lon="6.2336100000000005">
    <ele>1002.8000000000001</ele>
   </trkpt>
   <trkpt lat="45.645070000000004" lon="6.23284">
    <ele>998.5600000000001</ele>
   </trkpt>
   <trkpt lat="45.64504" lon="6.232240000000001">
    <ele>996.0300000000001</ele>
   </trkpt>
   <trkpt lat="45.645050000000005" lon="6.231750000000001">
    <ele>994.7800000000001</ele>
   </trkpt>
   <trkpt lat="45.645140000000005" lon="6.231400000000001">
    <ele>992.6400000000001</ele>
   </trkpt>
   <trkpt lat="45.645210000000006" lon="6.230950000000001">
    <ele>990.6</ele>
   </trkpt>
   <trkpt lat="45.64524" lon="6.230530000000001">
    <ele>985.9200000000001</ele>
   </trkpt>
   <trkpt lat="45.64517" lon="6.22993">
    <ele>982.9700000000001</ele>
   </trkpt>
   <trkpt lat="45.64518" lon="6.22963">
    <ele>979.6500000000001</ele>
   </trkpt>
   <trkpt lat="45.645120000000006" lon="6.229470000000001">
    <ele>978.7800000000001</ele>
   </trkpt>
   <trkpt lat="45.64502" lon="6.2293400000000005">
    <ele>978.5100000000001</ele>
   </trkpt>
   <trkpt lat="45.645" lon="6.22925">
    <ele>977.7300000000001</ele>
   </trkpt>
   <trkpt lat="45.645" lon="6.228980000000001">
    <ele>976.35</ele>
   </trkpt>
   <trkpt lat="45.64493" lon="6.22914">
    <ele>976.4100000000001</ele>
   </trkpt>
   <trkpt lat="45.644870000000004" lon="6.22935">
    <ele>977.59</ele>
   </trkpt>
   <trkpt lat="45.644830000000006" lon="6.2293400000000005">
    <ele>978.0500000000001</ele>
   </trkpt>
   <trkpt lat="45.644800000000004" lon="6.22923">
    <ele>978.57</ele>
   </trkpt>
   <trkpt lat="45.644780000000004" lon="6.228790000000001">
    <ele>983.2700000000001</ele>
   </trkpt>
   <trkpt lat="45.64466" lon="6.228510000000001">
    <ele>985.74</ele>
   </trkpt>
   <trkpt lat="45.644690000000004" lon="6.22827">
    <ele>988.08</ele>
   </trkpt>
   <trkpt lat="45.644650000000006" lon="6.2278400000000005">
    <ele>992.9300000000001</ele>
   </trkpt>
   <trkpt lat="45.64455" lon="6.227670000000001">
    <ele>997.01</ele>
   </trkpt>
   <trkpt lat="45.64446" lon="6.227790000000001">
    <ele>999.9100000000001</ele>
   </trkpt>
   <trkpt lat="45.644210001584426" lon="6.2284050029055695">
    <ele>1014.4699999999999</ele>
   </trkpt>
   <trkpt lat="45.64396000000001" lon="6.22902">
    <ele>1029.92</ele>
   </trkpt>
   <trkpt lat="45.643890000000006" lon="6.22897">
    <ele>1029.92</ele>
   </trkpt>
   <trkpt lat="45.64387000000001" lon="6.2287300000000005">
    <ele>1035.44</ele>
   </trkpt>
   <trkpt lat="45.64358000000001" lon="6.22817">
    <ele>1052.5600000000002</ele>
   </trkpt>
   <trkpt lat="45.643190000000004" lon="6.227290000000001">
    <ele>1071.8500000000001</ele>
   </trkpt>
   <trkpt lat="45.642960002241" lon="6.226564996859982">
    <ele>1092.42</ele>
   </trkpt>
   <trkpt lat="45.64273" lon="6.225840000000001">
    <ele>1107.99</ele>
   </trkpt>
   <trkpt lat="45.642630000000004" lon="6.225670000000001">
    <ele>1112.8600000000001</ele>
   </trkpt>
   <trkpt lat="45.64265" lon="6.22611">
    <ele>1121.6000000000001</ele>
   </trkpt>
   <trkpt lat="45.64257000238231" lon="6.226850001116356">
    <ele>1135.5000000000002</ele>
   </trkpt>
   <trkpt lat="45.64249" lon="6.22759">
    <ele>1145.58</ele>
   </trkpt>
   <trkpt lat="45.642300000000006" lon="6.2282">
    <ele>1161.3300000000002</ele>
   </trkpt>
   <trkpt lat="45.64224" lon="6.2281">
    <ele>1163.43</ele>
   </trkpt>
   <trkpt lat="45.6422" lon="6.22782">
    <ele>1168.3000000000002</ele>
   </trkpt>
   <trkpt lat="45.64219000000001" lon="6.2275100000000005">
    <ele>1174.15</ele>
   </trkpt>
   <trkpt lat="45.64204" lon="6.226990000000001">
    <ele>1182.5</ele>
   </trkpt>
   <trkpt lat="45.64179" lon="6.226470000000001">
    <ele>1196.1200000000001</ele>
   </trkpt>
   <trkpt lat="45.64164" lon="6.2262">
    <ele>1202.18</ele>
   </trkpt>
   <trkpt lat="45.641600000000004" lon="6.22693">
    <ele>1209.16</ele>
   </trkpt>
   <trkpt lat="45.641560000000005" lon="6.226960000000001">
    <ele>1217.13</ele>
   </trkpt>
   <trkpt lat="45.641380000000005" lon="6.22658">
    <ele>1223.0100000000002</ele>
   </trkpt>
   <trkpt lat="45.641010000700156" lon="6.226169997255708">
    <ele>1235.84</ele>
   </trkpt>
   <trkpt lat="45.640640000000005" lon="6.22576">
    <ele>1243.8700000000001</ele>
   </trkpt>
   <trkpt lat="45.640350000000005" lon="6.2252">
    <ele>1233.68</ele>
   </trkpt>
   <trkpt lat="45.64040000000001" lon="6.224920000000001">
    <ele>1230.25</ele>
   </trkpt>
   <trkpt lat="45.64047" lon="6.224780000000001">
    <ele>1228.24</ele>
   </trkpt>
   <trkpt lat="45.64047" lon="6.22477">
    <ele>1228.24</ele>
   </trkpt>
   <trkpt lat="45.640910000000005" lon="6.223960000000001">
    <ele>1223.6100000000001</ele>
   </trkpt>
   <trkpt lat="45.64097" lon="6.223630000000001">
    <ele>1222.92</ele>
   </trkpt>
   <trkpt lat="45.64094" lon="6.223330000000001">
    <ele>1222.72</ele>
   </trkpt>
   <trkpt lat="45.64065" lon="6.222910000000001">
    <ele>1222.52</ele>
   </trkpt>
   <trkpt lat="45.640530000000005" lon="6.2225">
    <ele>1221.87</ele>
   </trkpt>
   <trkpt lat="45.640440000000005" lon="6.22212">
    <ele>1220.76</ele>
   </trkpt>
   <trkpt lat="45.64047" lon="6.221690000000001">
    <ele>1219.69</ele>
   </trkpt>
   <trkpt lat="45.64032" lon="6.22081">
    <ele>1217.84</ele>
   </trkpt>
   <trkpt lat="45.64049000000001" lon="6.2205200000000005">
    <ele>1217.1000000000001</ele>
   </trkpt>
   <trkpt lat="45.64038" lon="6.219900000000001">
    <ele>1217.6</ele>
   </trkpt>
   <trkpt lat="45.64036" lon="6.21973">
    <ele>1217.78</ele>
   </trkpt>
   <trkpt lat="45.639976671919555" lon="6.218956656156164">
    <ele>1226.19</ele>
   </trkpt>
   <trkpt lat="45.639593338621424" lon="6.2181833228939745">
    <ele>1234.79</ele>
   </trkpt>
   <trkpt lat="45.639210000000006" lon="6.21741">
    <ele>1242.3500000000001</ele>
   </trkpt>
   <trkpt lat="45.6387250020688" lon="6.21671999401608">
    <ele>1250.72</ele>
   </trkpt>
   <trkpt lat="45.63824" lon="6.216030000000001">
    <ele>1259.68</ele>
   </trkpt>
   <trkpt lat="45.6379" lon="6.215090000000001">
    <ele>1266.3000000000002</ele>
   </trkpt>
   <trkpt lat="45.637750000000004" lon="6.214860000000001">
    <ele>1269.56</ele>
   </trkpt>
   <trkpt lat="45.637750000000004" lon="6.21487">
    <ele>1269.5</ele>
   </trkpt>
   <trkpt lat="45.637600000000006" lon="6.2146300000000005">
    <ele>1271.74</ele>
   </trkpt>
   <trkpt lat="45.636950000000006" lon="6.214600000000001">
    <ele>1278.91</ele>
   </trkpt>
   <trkpt lat="45.63674" lon="6.21452">
    <ele>1280.82</ele>
   </trkpt>
   <trkpt lat="45.63667" lon="6.214300000000001">
    <ele>1283.5100000000002</ele>
   </trkpt>
   <trkpt lat="45.636480000000006" lon="6.2142100000000005">
    <ele>1285.97</ele>
   </trkpt>
   <trkpt lat="45.63644" lon="6.214130000000001">
    <ele>1286.54</ele>
   </trkpt>
   <trkpt lat="45.63626000165961" lon="6.213504997838214">
    <ele>1293.0600000000002</ele>
   </trkpt>
   <trkpt lat="45.63608000000001" lon="6.21288">
    <ele>1296.8500000000001</ele>
   </trkpt>
   <trkpt lat="45.63577" lon="6.21229">
    <ele>1303.23</ele>
   </trkpt>
   <trkpt lat="45.635580000000004" lon="6.211570000000001">
    <ele>1308.91</ele>
   </trkpt>
   <trkpt lat="45.63543000000001" lon="6.21119">
    <ele>1313.49</ele>
   </trkpt>
   <trkpt lat="45.635045000973776" lon="6.210739997014127">
    <ele>1317.5100000000002</ele>
   </trkpt>
   <trkpt lat="45.634660000000004" lon="6.2102900000000005">
    <ele>1322.39</ele>
   </trkpt>
   <trkpt lat="45.634570000000004" lon="6.21016">
    <ele>1323.77</ele>
   </trkpt>
   <trkpt lat="45.63449000000001" lon="6.2103">
    <ele>1324.94</ele>
   </trkpt>
   <trkpt lat="45.63423" lon="6.21053">
    <ele>1339.05</ele>
   </trkpt>
   <trkpt lat="45.634220000000006" lon="6.210610000000001">
    <ele>1339.05</ele>
   </trkpt>
   <trkpt lat="45.634130000000006" lon="6.2107">
    <ele>1342.3100000000002</ele>
   </trkpt>
   <trkpt lat="45.634040000000006" lon="6.210960000000001">
    <ele>1353.4</ele>
   </trkpt>
   <trkpt lat="45.634370000000004" lon="6.210940000000001">
    <ele>1363.43</ele>
   </trkpt>
   <trkpt lat="45.634150000000005" lon="6.2113000000000005">
    <ele>1371.3300000000002</ele>
   </trkpt>
   <trkpt lat="45.63412" lon="6.21142">
    <ele>1382.3200000000002</ele>
   </trkpt>
   <trkpt lat="45.63432" lon="6.21138">
    <ele>1385.5900000000001</ele>
   </trkpt>
   <trkpt lat="45.63448" lon="6.2115800000000005">
    <ele>1391.76</ele>
   </trkpt>
   <trkpt lat="45.634220000000006" lon="6.2118400000000005">
    <ele>1406.63</ele>
   </trkpt>
   <trkpt lat="45.634460000000004" lon="6.212000000000001">
    <ele>1417.63</ele>
   </trkpt>
   <trkpt lat="45.63449000000001" lon="6.212110000000001">
    <ele>1417.63</ele>
   </trkpt>
   <trkpt lat="45.63438000000001" lon="6.212180000000001">
    <ele>1420.3100000000002</ele>
   </trkpt>
   <trkpt lat="45.63414" lon="6.2125">
    <ele>1426.49</ele>
   </trkpt>
   <trkpt lat="45.63392" lon="6.213150000000001">
    <ele>1440.47</ele>
   </trkpt>
   <trkpt lat="45.633950000000006" lon="6.213290000000001">
    <ele>1443.8500000000001</ele>
   </trkpt>
   <trkpt lat="45.634080000000004" lon="6.2131300000000005">
    <ele>1448.2700000000002</ele>
   </trkpt>
   <trkpt lat="45.634150000000005" lon="6.213100000000001">
    <ele>1450.79</ele>
   </trkpt>
   <trkpt lat="45.63423" lon="6.213190000000001">
    <ele>1452.2</ele>
   </trkpt>
   <trkpt lat="45.634260000000005" lon="6.21344">
    <ele>1460.5400000000002</ele>
   </trkpt>
   <trkpt lat="45.63407" lon="6.2139500000000005">
    <ele>1468.9500000000003</ele>
   </trkpt>
   <trkpt lat="45.63389" lon="6.21454">
    <ele>1481.75</ele>
   </trkpt>
   <trkpt lat="45.633770000000005" lon="6.214700000000001">
    <ele>1485.18</ele>
   </trkpt>
   <trkpt lat="45.634080000000004" lon="6.21461">
    <ele>1494.3200000000002</ele>
   </trkpt>
   <trkpt lat="45.63420000000001" lon="6.214700000000001">
    <ele>1498.5000000000002</ele>
   </trkpt>
   <trkpt lat="45.634220000000006" lon="6.214860000000001">
    <ele>1501.5500000000002</ele>
   </trkpt>
   <trkpt lat="45.63420000000001" lon="6.21511">
    <ele>1503.65</ele>
   </trkpt>
   <trkpt lat="45.634150000000005" lon="6.215090000000001">
    <ele>1505.9300000000003</ele>
   </trkpt>
   <trkpt lat="45.63409" lon="6.215120000000001">
    <ele>1507.17</ele>
   </trkpt>
   <trkpt lat="45.63396" lon="6.21527">
    <ele>1512.49</ele>
   </trkpt>
   <trkpt lat="45.63374" lon="6.21546">
    <ele>1518.67</ele>
   </trkpt>
   <trkpt lat="45.633790000000005" lon="6.21562">
    <ele>1521.38</ele>
   </trkpt>
   <trkpt lat="45.633900000000004" lon="6.21567">
    <ele>1527.6000000000001</ele>
   </trkpt>
   <trkpt lat="45.6338" lon="6.21579">
    <ele>1530.5700000000002</ele>
   </trkpt>
   <trkpt lat="45.63362" lon="6.216060000000001">
    <ele>1538.1200000000001</ele>
   </trkpt>
   <trkpt lat="45.63327" lon="6.216200000000001">
    <ele>1542.9700000000003</ele>
   </trkpt>
   <trkpt lat="45.633010000000006" lon="6.21635">
    <ele>1552.04</ele>
   </trkpt>
   <trkpt lat="45.63297" lon="6.216480000000001">
    <ele>1552.04</ele>
   </trkpt>
   <trkpt lat="45.63286" lon="6.2171400000000006">
    <ele>1565.8</ele>
   </trkpt>
   <trkpt lat="45.63295" lon="6.21703">
    <ele>1568.99</ele>
   </trkpt>
   <trkpt lat="45.63302" lon="6.2170000000000005">
    <ele>1575.49</ele>
   </trkpt>
   <trkpt lat="45.633030000000005" lon="6.217060000000001">
    <ele>1575.49</ele>
   </trkpt>
   <trkpt lat="45.63318" lon="6.21696">
    <ele>1580.72</ele>
   </trkpt>
   <trkpt lat="45.6332" lon="6.217060000000001">
    <ele>1582.74</ele>
   </trkpt>
   <trkpt lat="45.633250000000004" lon="6.2170700000000005">
    <ele>1589.08</ele>
   </trkpt>
   <trkpt lat="45.633280000000006" lon="6.21712">
    <ele>1589.08</ele>
   </trkpt>
   <trkpt lat="45.63333" lon="6.217130000000001">
    <ele>1589.08</ele>
   </trkpt>
   <trkpt lat="45.63335000000001" lon="6.21717">
    <ele>1593.17</ele>
   </trkpt>
   <trkpt lat="45.63351" lon="6.217300000000001">
    <ele>1599.0400000000002</ele>
   </trkpt>
   <trkpt lat="45.63354" lon="6.21738">
    <ele>1602.75</ele>
   </trkpt>
   <trkpt lat="45.633500000000005" lon="6.217490000000001">
    <ele>1605.18</ele>
   </trkpt>
   <trkpt lat="45.63344" lon="6.2175400000000005">
    <ele>1607.4700000000003</ele>
   </trkpt>
   <trkpt lat="45.6334" lon="6.21766">
    <ele>1609.6200000000001</ele>
   </trkpt>
   <trkpt lat="45.63336" lon="6.2179400000000005">
    <ele>1613.8300000000002</ele>
   </trkpt>
   <trkpt lat="45.633340000000004" lon="6.218240000000001">
    <ele>1620.5500000000002</ele>
   </trkpt>
   <trkpt lat="45.63335000000001" lon="6.218540000000001">
    <ele>1631.2300000000002</ele>
   </trkpt>
   <trkpt lat="45.633370000000006" lon="6.2185500000000005">
    <ele>1631.2300000000002</ele>
   </trkpt>
   <trkpt lat="45.63336" lon="6.218590000000001">
    <ele>1631.2300000000002</ele>
   </trkpt>
   <trkpt lat="45.633390000000006" lon="6.21867">
    <ele>1636.48</ele>
   </trkpt>
   <trkpt lat="45.63338" lon="6.21874">
    <ele>1636.48</ele>
   </trkpt>
   <trkpt lat="45.63342" lon="6.2187600000000005">
    <ele>1636.48</ele>
   </trkpt>
   <trkpt lat="45.633410000000005" lon="6.218820000000001">
    <ele>1652.63</ele>
   </trkpt>
   <trkpt lat="45.633430000000004" lon="6.2188300000000005">
    <ele>1652.63</ele>
   </trkpt>
   <trkpt lat="45.63346000000001" lon="6.218940000000001">
    <ele>1652.63</ele>
   </trkpt>
   <trkpt lat="45.63345" lon="6.2191">
    <ele>1652.63</ele>
   </trkpt>
   <trkpt lat="45.633480000000006" lon="6.2191">
    <ele>1663.22</ele>
   </trkpt>
   <trkpt lat="45.63349" lon="6.21914">
    <ele>1663.22</ele>
   </trkpt>
   <trkpt lat="45.633520000000004" lon="6.219130000000001">
    <ele>1663.22</ele>
   </trkpt>
   <trkpt lat="45.6336" lon="6.21919">
    <ele>1668.3200000000002</ele>
   </trkpt>
   <trkpt lat="45.63356" lon="6.219390000000001">
    <ele>1674.92</ele>
   </trkpt>
   <trkpt lat="45.633590000000005" lon="6.219430000000001">
    <ele>1676.7800000000002</ele>
   </trkpt>
   <trkpt lat="45.63354" lon="6.21959">
    <ele>1680.05</ele>
   </trkpt>
   <trkpt lat="45.63353" lon="6.21978">
    <ele>1686.2500000000002</ele>
   </trkpt>
   <trkpt lat="45.633480000000006" lon="6.219900000000001">
    <ele>1689.9400000000003</ele>
   </trkpt>
   <trkpt lat="45.633500000000005" lon="6.21994">
    <ele>1691.98</ele>
   </trkpt>
   <trkpt lat="45.633500000000005" lon="6.21999">
    <ele>1691.98</ele>
   </trkpt>
   <trkpt lat="45.633480000000006" lon="6.220020000000001">
    <ele>1691.98</ele>
   </trkpt>
   <trkpt lat="45.63351" lon="6.22008">
    <ele>1698.4500000000003</ele>
   </trkpt>
   <trkpt lat="45.63349" lon="6.220090000000001">
    <ele>1698.4500000000003</ele>
   </trkpt>
   <trkpt lat="45.633480000000006" lon="6.220140000000001">
    <ele>1700.53</ele>
   </trkpt>
   <trkpt lat="45.63353" lon="6.22017">
    <ele>1702.46</ele>
   </trkpt>
   <trkpt lat="45.633480000000006" lon="6.2204500000000005">
    <ele>1707.1900000000003</ele>
   </trkpt>
   <trkpt lat="45.63342" lon="6.22055">
    <ele>1711.1900000000003</ele>
   </trkpt>
   <trkpt lat="45.633410000000005" lon="6.220610000000001">
    <ele>1712.62</ele>
   </trkpt>
   <trkpt lat="45.63335000000001" lon="6.22067">
    <ele>1715.93</ele>
   </trkpt>
   <trkpt lat="45.63333" lon="6.2207300000000005">
    <ele>1717.89</ele>
   </trkpt>
   <trkpt lat="45.633280000000006" lon="6.22078">
    <ele>1720.0900000000001</ele>
   </trkpt>
   <trkpt lat="45.63329" lon="6.22083">
    <ele>1722.5</ele>
   </trkpt>
   <trkpt lat="45.633250000000004" lon="6.22085">
    <ele>1725.0900000000001</ele>
   </trkpt>
   <trkpt lat="45.63324" lon="6.22093">
    <ele>1725.0900000000001</ele>
   </trkpt>
   <trkpt lat="45.63327" lon="6.221">
    <ele>1735.8000000000002</ele>
   </trkpt>
   <trkpt lat="45.63322" lon="6.221120000000001">
    <ele>1735.8000000000002</ele>
   </trkpt>
   <trkpt lat="45.633140000000004" lon="6.221220000000001">
    <ele>1746.1200000000001</ele>
   </trkpt>
   <trkpt lat="45.63315" lon="6.2212700000000005">
    <ele>1746.1200000000001</ele>
   </trkpt>
   <trkpt lat="45.63311" lon="6.2213">
    <ele>1750.94</ele>
   </trkpt>
   <trkpt lat="45.633120000000005" lon="6.221330000000001">
    <ele>1750.94</ele>
   </trkpt>
   <trkpt lat="45.633100000000006" lon="6.221360000000001">
    <ele>1750.94</ele>
   </trkpt>
   <trkpt lat="45.63311" lon="6.22137">
    <ele>1750.94</ele>
   </trkpt>
   <trkpt lat="45.63304" lon="6.2215300000000004">
    <ele>1760.0500000000002</ele>
   </trkpt>
   <trkpt lat="45.633010000000006" lon="6.22158">
    <ele>1760.0500000000002</ele>
   </trkpt>
   <trkpt lat="45.63293" lon="6.221620000000001">
    <ele>1765.16</ele>
   </trkpt>
   <trkpt lat="45.63293" lon="6.22165">
    <ele>1765.16</ele>
   </trkpt>
   <trkpt lat="45.632810000000006" lon="6.22175">
    <ele>1777.0100000000002</ele>
   </trkpt>
   <trkpt lat="45.632830000000006" lon="6.2218100000000005">
    <ele>1777.0100000000002</ele>
   </trkpt>
   <trkpt lat="45.632780000000004" lon="6.22186">
    <ele>1783.3000000000002</ele>
   </trkpt>
   <trkpt lat="45.63284" lon="6.222">
    <ele>1791.8200000000002</ele>
   </trkpt>
   <trkpt lat="45.632780000000004" lon="6.22215">
    <ele>1794.3300000000002</ele>
   </trkpt>
   <trkpt lat="45.632690000000004" lon="6.22226">
    <ele>1804.1100000000001</ele>
   </trkpt>
   <trkpt lat="45.63259" lon="6.222320000000001">
    <ele>1811.67</ele>
   </trkpt>
   <trkpt lat="45.632600000000004" lon="6.2224">
    <ele>1811.67</ele>
   </trkpt>
   <trkpt lat="45.63257" lon="6.222510000000001">
    <ele>1818.8300000000002</ele>
   </trkpt>
   <trkpt lat="45.632450000000006" lon="6.222600000000001">
    <ele>1823.92</ele>
   </trkpt>
   <trkpt lat="45.63233" lon="6.2226300000000005">
    <ele>1835.3600000000001</ele>
   </trkpt>
   <trkpt lat="45.632290000000005" lon="6.22268">
    <ele>1835.3600000000001</ele>
   </trkpt>
   <trkpt lat="45.632340000000006" lon="6.2228">
    <ele>1844.54</ele>
   </trkpt>
   <trkpt lat="45.63228" lon="6.222810000000001">
    <ele>1847.39</ele>
   </trkpt>
   <trkpt lat="45.63228" lon="6.222910000000001">
    <ele>1852.5300000000002</ele>
   </trkpt>
   <trkpt lat="45.63212" lon="6.2232">
    <ele>1864.5300000000002</ele>
   </trkpt>
   <trkpt lat="45.632020000000004" lon="6.22329">
    <ele>1870.5300000000002</ele>
   </trkpt>
   <trkpt lat="45.632090000000005" lon="6.22351">
    <ele>1887.5600000000002</ele>
   </trkpt>
   <trkpt lat="45.63219" lon="6.22355">
    <ele>1893.5100000000002</ele>
   </trkpt>
   <trkpt lat="45.632290000000005" lon="6.223630000000001">
    <ele>1901.72</ele>
   </trkpt>
   <trkpt lat="45.632310000000004" lon="6.22369">
    <ele>1904.15</ele>
   </trkpt>
   <trkpt lat="45.632250000000006" lon="6.22372">
    <ele>1906.39</ele>
   </trkpt>
   <trkpt lat="45.63226" lon="6.223750000000001">
    <ele>1908.4900000000002</ele>
   </trkpt>
   <trkpt lat="45.632220000000004" lon="6.223840000000001">
    <ele>1912.5100000000002</ele>
   </trkpt>
   <trkpt lat="45.632250000000006" lon="6.2239700000000004">
    <ele>1912.5100000000002</ele>
   </trkpt>
   <trkpt lat="45.63223000000001" lon="6.224">
    <ele>1920.4</ele>
   </trkpt>
   <trkpt lat="45.63224" lon="6.22405">
    <ele>1920.4</ele>
   </trkpt>
   <trkpt lat="45.63219" lon="6.224080000000001">
    <ele>1920.4</ele>
   </trkpt>
   <trkpt lat="45.632160000000006" lon="6.224130000000001">
    <ele>1922.4200000000003</ele>
   </trkpt>
   <trkpt lat="45.632090000000005" lon="6.22416">
    <ele>1926.94</ele>
   </trkpt>
   <trkpt lat="45.63206" lon="6.22423">
    <ele>1932.0500000000002</ele>
   </trkpt>
   <trkpt lat="45.63208" lon="6.224270000000001">
    <ele>1932.0500000000002</ele>
   </trkpt>
   <trkpt lat="45.632070000000006" lon="6.22435">
    <ele>1934.5100000000002</ele>
   </trkpt>
   <trkpt lat="45.631820000000005" lon="6.224500000000001">
    <ele>1947.51</ele>
   </trkpt>
   <trkpt lat="45.6315" lon="6.22482">
    <ele>1963.93</ele>
   </trkpt>
   <trkpt lat="45.631460000000004" lon="6.22484">
    <ele>1966.2700000000002</ele>
   </trkpt>
   <trkpt lat="45.63143" lon="6.22489">
    <ele>1968.91</ele>
   </trkpt>
   <trkpt lat="45.63138000000001" lon="6.224900000000001">
    <ele>1971.7700000000002</ele>
   </trkpt>
   <trkpt lat="45.631400000000006" lon="6.22496">
    <ele>1971.7700000000002</ele>
   </trkpt>
   <trkpt lat="45.631370000000004" lon="6.2250000000000005">
    <ele>1977.8000000000002</ele>
   </trkpt>
   <trkpt lat="45.63139" lon="6.22508">
    <ele>1981.03</ele>
   </trkpt>
   <trkpt lat="45.63127" lon="6.22512">
    <ele>1981.03</ele>
   </trkpt>
   <trkpt lat="45.63127" lon="6.22515">
    <ele>2001.77</ele>
   </trkpt>
   <trkpt lat="45.63123" lon="6.225140000000001">
    <ele>2001.77</ele>
   </trkpt>
   <trkpt lat="45.63123" lon="6.2251900000000004">
    <ele>2001.77</ele>
   </trkpt>
   <trkpt lat="45.63120000000001" lon="6.2251900000000004">
    <ele>2001.77</ele>
   </trkpt>
   <trkpt lat="45.631190000000004" lon="6.22522">
    <ele>2001.77</ele>
   </trkpt>
   <trkpt lat="45.63101" lon="6.22527">
    <ele>2016.5200000000002</ele>
   </trkpt>
   <trkpt lat="45.63098" lon="6.2253300000000005">
    <ele>2028.2500000000002</ele>
   </trkpt>
   <trkpt lat="45.631" lon="6.22541">
    <ele>2028.2500000000002</ele>
   </trkpt>
   <trkpt lat="45.630950000000006" lon="6.225440000000001">
    <ele>2031.95</ele>
   </trkpt>
   <trkpt lat="45.630900000000004" lon="6.2255400000000005">
    <ele>2035.47</ele>
   </trkpt>
   <trkpt lat="45.630860000000006" lon="6.225740000000001">
    <ele>2048.96</ele>
   </trkpt>
   <trkpt lat="45.6308" lon="6.2259">
    <ele>2059.4400000000005</ele>
   </trkpt>
   <trkpt lat="45.630810000000004" lon="6.2259400000000005">
    <ele>2062.6800000000003</ele>
   </trkpt>
   <trkpt lat="45.630790000000005" lon="6.2259400000000005">
    <ele>2062.6800000000003</ele>
   </trkpt>
   <trkpt lat="45.63078" lon="6.2260100000000005">
    <ele>2065.7200000000003</ele>
   </trkpt>
   <trkpt lat="45.63076" lon="6.22602">
    <ele>2068.56</ele>
   </trkpt>
   <trkpt lat="45.630770000000005" lon="6.226120000000001">
    <ele>2073.9</ele>
   </trkpt>
   <trkpt lat="45.63071" lon="6.226100000000001">
    <ele>2073.9</ele>
   </trkpt>
   <trkpt lat="45.63071" lon="6.22613">
    <ele>2079.09</ele>
   </trkpt>
   <trkpt lat="45.630680000000005" lon="6.226120000000001">
    <ele>2079.09</ele>
   </trkpt>
   <trkpt lat="45.63067" lon="6.226170000000001">
    <ele>2079.09</ele>
   </trkpt>
   <trkpt lat="45.63064000000001" lon="6.226170000000001">
    <ele>2084.07</ele>
   </trkpt>
   <trkpt lat="45.63062" lon="6.22625">
    <ele>2086.4</ele>
   </trkpt>
   <trkpt lat="45.63056" lon="6.226260000000001">
    <ele>2088.61</ele>
   </trkpt>
   <trkpt lat="45.63054" lon="6.226350000000001">
    <ele>2092.5899999999997</ele>
   </trkpt>
   <trkpt lat="45.63051" lon="6.22637">
    <ele>2092.5899999999997</ele>
   </trkpt>
   <trkpt lat="45.630500000000005" lon="6.226400000000001">
    <ele>2094.3900000000003</ele>
   </trkpt>
   <trkpt lat="45.63074" lon="6.2273000000000005">
    <ele>2114.5</ele>
   </trkpt>
   <trkpt lat="45.63085" lon="6.2278400000000005">
    <ele>2126.5</ele>
   </trkpt>
   <trkpt lat="45.630950000000006" lon="6.228190000000001">
    <ele>2134.2799999999997</ele>
   </trkpt>
   <trkpt lat="45.631130000000006" lon="6.228700000000001">
    <ele>2150.04</ele>
   </trkpt>
   <trkpt lat="45.63123" lon="6.22909">
    <ele>2159.61</ele>
   </trkpt>
   <trkpt lat="45.6313" lon="6.229240000000001">
    <ele>2162.42</ele>
   </trkpt>
   <trkpt lat="45.63148" lon="6.229410000000001">
    <ele>2164.2400000000002</ele>
   </trkpt>
   <trkpt lat="45.63148" lon="6.229450000000001">
    <ele>2164.2400000000002</ele>
   </trkpt>
   <trkpt lat="45.63161" lon="6.22951">
    <ele>2165.6400000000003</ele>
   </trkpt>
   <trkpt lat="45.631640000000004" lon="6.22963">
    <ele>2166.07</ele>
   </trkpt>
   <trkpt lat="45.63168" lon="6.22965">
    <ele>2167.4900000000002</ele>
   </trkpt>
   <trkpt lat="45.63174" lon="6.22979">
    <ele>2168.25</ele>
   </trkpt>
   <trkpt lat="45.63181" lon="6.229830000000001">
    <ele>2168.46</ele>
   </trkpt>
   <trkpt lat="45.63186" lon="6.229940000000001">
    <ele>2168.13</ele>
   </trkpt>
   <trkpt lat="45.63195" lon="6.230020000000001">
    <ele>2165.1800000000003</ele>
   </trkpt>
   <trkpt lat="45.632000000000005" lon="6.230130000000001">
    <ele>2161.44</ele>
   </trkpt>
   <trkpt lat="45.632000000000005" lon="6.23017">
    <ele>2161.44</ele>
   </trkpt>
   <trkpt lat="45.63196000000001" lon="6.230180000000001">
    <ele>2159.15</ele>
   </trkpt>
   <trkpt lat="45.63199" lon="6.23024">
    <ele>2156.66</ele>
   </trkpt>
   <trkpt lat="45.63197" lon="6.23026">
    <ele>2154.0099999999998</ele>
   </trkpt>
   <trkpt lat="45.63194000000001" lon="6.23026">
    <ele>2154.0099999999998</ele>
   </trkpt>
   <trkpt lat="45.6319" lon="6.230390000000001">
    <ele>2140.36</ele>
   </trkpt>
   <trkpt lat="45.6319" lon="6.23047">
    <ele>2140.36</ele>
   </trkpt>
   <trkpt lat="45.631840000000004" lon="6.230480000000001">
    <ele>2140.36</ele>
   </trkpt>
   <trkpt lat="45.63181" lon="6.23047">
    <ele>2137.55</ele>
   </trkpt>
   <trkpt lat="45.63172" lon="6.230550000000001">
    <ele>2128.84</ele>
   </trkpt>
   <trkpt lat="45.631640000000004" lon="6.230510000000001">
    <ele>2126.0600000000004</ele>
   </trkpt>
   <trkpt lat="45.631620000000005" lon="6.2305600000000005">
    <ele>2123.44</ele>
   </trkpt>
   <trkpt lat="45.63159" lon="6.23054">
    <ele>2120.9900000000002</ele>
   </trkpt>
   <trkpt lat="45.631600000000006" lon="6.23057">
    <ele>2120.9900000000002</ele>
   </trkpt>
   <trkpt lat="45.63152" lon="6.2305600000000005">
    <ele>2116.5600000000004</ele>
   </trkpt>
   <trkpt lat="45.6315" lon="6.230630000000001">
    <ele>2116.5600000000004</ele>
   </trkpt>
   <trkpt lat="45.631460000000004" lon="6.230630000000001">
    <ele>2108.2400000000002</ele>
   </trkpt>
   <trkpt lat="45.63145" lon="6.230690000000001">
    <ele>2108.2400000000002</ele>
   </trkpt>
   <trkpt lat="45.631420000000006" lon="6.230700000000001">
    <ele>2108.2400000000002</ele>
   </trkpt>
   <trkpt lat="45.631420000000006" lon="6.230740000000001">
    <ele>2108.2400000000002</ele>
   </trkpt>
   <trkpt lat="45.63139" lon="6.2307500000000005">
    <ele>2108.2400000000002</ele>
   </trkpt>
   <trkpt lat="45.63139" lon="6.2308200000000005">
    <ele>2108.2400000000002</ele>
   </trkpt>
   <trkpt lat="45.631350000000005" lon="6.2308200000000005">
    <ele>2108.2400000000002</ele>
   </trkpt>
   <trkpt lat="45.631350000000005" lon="6.230860000000001">
    <ele>2092.5800000000004</ele>
   </trkpt>
   <trkpt lat="45.6313" lon="6.23085">
    <ele>2092.5800000000004</ele>
   </trkpt>
   <trkpt lat="45.63123" lon="6.23097">
    <ele>2092.5800000000004</ele>
   </trkpt>
   <trkpt lat="45.63114" lon="6.230910000000001">
    <ele>2087.86</ele>
   </trkpt>
   <trkpt lat="45.6311" lon="6.2309">
    <ele>2080.48</ele>
   </trkpt>
   <trkpt lat="45.631080000000004" lon="6.23083">
    <ele>2080.48</ele>
   </trkpt>
   <trkpt lat="45.63105" lon="6.230810000000001">
    <ele>2080.48</ele>
   </trkpt>
   <trkpt lat="45.63101" lon="6.23085">
    <ele>2075.88</ele>
   </trkpt>
   <trkpt lat="45.63096" lon="6.230810000000001">
    <ele>2075.88</ele>
   </trkpt>
   <trkpt lat="45.630950000000006" lon="6.2308200000000005">
    <ele>2071.6800000000003</ele>
   </trkpt>
   <trkpt lat="45.63092" lon="6.230770000000001">
    <ele>2071.6800000000003</ele>
   </trkpt>
   <trkpt lat="45.63089" lon="6.23078">
    <ele>2071.6800000000003</ele>
   </trkpt>
   <trkpt lat="45.63089" lon="6.23073">
    <ele>2067.9100000000003</ele>
   </trkpt>
   <trkpt lat="45.630700000000004" lon="6.230860000000001">
    <ele>2060.5200000000004</ele>
   </trkpt>
   <trkpt lat="45.63065" lon="6.230860000000001">
    <ele>2058.4100000000003</ele>
   </trkpt>
   <trkpt lat="45.630520000000004" lon="6.231160000000001">
    <ele>2044.81</ele>
   </trkpt>
   <trkpt lat="45.63054" lon="6.231210000000001">
    <ele>2042.36</ele>
   </trkpt>
   <trkpt lat="45.63054" lon="6.231280000000001">
    <ele>2039.7000000000003</ele>
   </trkpt>
   <trkpt lat="45.63049" lon="6.231400000000001">
    <ele>2034.1500000000003</ele>
   </trkpt>
   <trkpt lat="45.630370000000006" lon="6.2313600000000005">
    <ele>2029.3100000000002</ele>
   </trkpt>
   <trkpt lat="45.63029" lon="6.231400000000001">
    <ele>2022.94</ele>
   </trkpt>
   <trkpt lat="45.63027" lon="6.23134">
    <ele>2022.94</ele>
   </trkpt>
   <trkpt lat="45.63022" lon="6.23137">
    <ele>2018.5400000000002</ele>
   </trkpt>
   <trkpt lat="45.6302" lon="6.23146">
    <ele>2014.5500000000002</ele>
   </trkpt>
   <trkpt lat="45.630140000000004" lon="6.23155">
    <ele>2012.76</ele>
   </trkpt>
   <trkpt lat="45.63011" lon="6.231700000000001">
    <ele>2008.41</ele>
   </trkpt>
   <trkpt lat="45.629960000000004" lon="6.2321800000000005">
    <ele>1993.88</ele>
   </trkpt>
   <trkpt lat="45.629920000000006" lon="6.23223">
    <ele>1993.88</ele>
   </trkpt>
   <trkpt lat="45.62991" lon="6.232360000000001">
    <ele>1993.2600000000002</ele>
   </trkpt>
   <trkpt lat="45.62986" lon="6.23249">
    <ele>1992.42</ele>
   </trkpt>
   <trkpt lat="45.62984" lon="6.232690000000001">
    <ele>1993.23</ele>
   </trkpt>
   <trkpt lat="45.6298" lon="6.23287">
    <ele>1994.39</ele>
   </trkpt>
   <trkpt lat="45.62959" lon="6.233230000000001">
    <ele>1996.6000000000001</ele>
   </trkpt>
   <trkpt lat="45.62950000000001" lon="6.233460000000001">
    <ele>1996.23</ele>
   </trkpt>
   <trkpt lat="45.62933" lon="6.233740000000001">
    <ele>1997.78</ele>
   </trkpt>
   <trkpt lat="45.62932000000001" lon="6.23381">
    <ele>1999.1200000000001</ele>
   </trkpt>
   <trkpt lat="45.629400000000004" lon="6.2339">
    <ele>2002.8900000000003</ele>
   </trkpt>
   <trkpt lat="45.629380000000005" lon="6.2339400000000005">
    <ele>2002.8900000000003</ele>
   </trkpt>
   <trkpt lat="45.62941000000001" lon="6.23406">
    <ele>2009.2700000000002</ele>
   </trkpt>
   <trkpt lat="45.629380000000005" lon="6.234280000000001">
    <ele>2013.1900000000003</ele>
   </trkpt>
   <trkpt lat="45.6293" lon="6.234540000000001">
    <ele>2022.67</ele>
   </trkpt>
   <trkpt lat="45.62935" lon="6.23456">
    <ele>2030.9000000000003</ele>
   </trkpt>
   <trkpt lat="45.62942" lon="6.23467">
    <ele>2032.81</ele>
   </trkpt>
   <trkpt lat="45.629250000000006" lon="6.235080000000001">
    <ele>2046.17</ele>
   </trkpt>
   <trkpt lat="45.62923000000001" lon="6.235200000000001">
    <ele>2049.89</ele>
   </trkpt>
   <trkpt lat="45.62917" lon="6.235290000000001">
    <ele>2052.86</ele>
   </trkpt>
   <trkpt lat="45.6289" lon="6.2355100000000006">
    <ele>2060.68</ele>
   </trkpt>
   <trkpt lat="45.6287" lon="6.235740000000001">
    <ele>2067.7400000000002</ele>
   </trkpt>
   <trkpt lat="45.62854" lon="6.235860000000001">
    <ele>2070.84</ele>
   </trkpt>
   <trkpt lat="45.62836" lon="6.2359100000000005">
    <ele>2075.7000000000003</ele>
   </trkpt>
   <trkpt lat="45.62816" lon="6.23608">
    <ele>2084.06</ele>
   </trkpt>
   <trkpt lat="45.628220000000006" lon="6.236160000000001">
    <ele>2089.95</ele>
   </trkpt>
   <trkpt lat="45.628260000000004" lon="6.236280000000001">
    <ele>2091.82</ele>
   </trkpt>
   <trkpt lat="45.62821" lon="6.23636">
    <ele>2093.5200000000004</ele>
   </trkpt>
   <trkpt lat="45.627930000000006" lon="6.236470000000001">
    <ele>2101.8500000000004</ele>
   </trkpt>
   <trkpt lat="45.627790000000005" lon="6.23655">
    <ele>2105.47</ele>
   </trkpt>
   <trkpt lat="45.62763" lon="6.23686">
    <ele>2114.9</ele>
   </trkpt>
   <trkpt lat="45.62791000000001" lon="6.2372700000000005">
    <ele>2111.7000000000003</ele>
   </trkpt>
   <trkpt lat="45.627950000000006" lon="6.237410000000001">
    <ele>2111.81</ele>
   </trkpt>
   <trkpt lat="45.627970000000005" lon="6.237480000000001">
    <ele>2124.75</ele>
   </trkpt>
   <trkpt lat="45.62792" lon="6.23728">
    <ele>2124.48</ele>
   </trkpt>
   <trkpt lat="45.62763" lon="6.23686">
    <ele>2117.77</ele>
   </trkpt>
   <trkpt lat="45.626850000183765" lon="6.236654997147593">
    <ele>2087.11</ele>
   </trkpt>
   <trkpt lat="45.626070000000006" lon="6.2364500000000005">
    <ele>2052.77</ele>
   </trkpt>
   <trkpt lat="45.62599" lon="6.236350000000001">
    <ele>2047.3700000000003</ele>
   </trkpt>
   <trkpt lat="45.625840000000004" lon="6.236440000000001">
    <ele>2039.05</ele>
   </trkpt>
   <trkpt lat="45.62563" lon="6.23632">
    <ele>2033.63</ele>
   </trkpt>
   <trkpt lat="45.625460000000004" lon="6.23639">
    <ele>2024.1200000000003</ele>
   </trkpt>
   <trkpt lat="45.625310000000006" lon="6.236230000000001">
    <ele>2016.76</ele>
   </trkpt>
   <trkpt lat="45.62507" lon="6.23634">
    <ele>2007.5500000000002</ele>
   </trkpt>
   <trkpt lat="45.624840000000006" lon="6.2362400000000004">
    <ele>1995.78</ele>
   </trkpt>
   <trkpt lat="45.62454" lon="6.23615">
    <ele>1985.1000000000001</ele>
   </trkpt>
   <trkpt lat="45.62418" lon="6.236000000000001">
    <ele>1975.89</ele>
   </trkpt>
   <trkpt lat="45.623760000000004" lon="6.235930000000001">
    <ele>1962.8</ele>
   </trkpt>
   <trkpt lat="45.62355" lon="6.23606">
    <ele>1951.93</ele>
   </trkpt>
   <trkpt lat="45.62342" lon="6.23592">
    <ele>1945.0</ele>
   </trkpt>
   <trkpt lat="45.62321" lon="6.23578">
    <ele>1938.89</ele>
   </trkpt>
   <trkpt lat="45.62265000000001" lon="6.23552">
    <ele>1923.8400000000001</ele>
   </trkpt>
   <trkpt lat="45.62243" lon="6.235460000000001">
    <ele>1918.88</ele>
   </trkpt>
   <trkpt lat="45.622310000000006" lon="6.2356300000000005">
    <ele>1911.88</ele>
   </trkpt>
   <trkpt lat="45.622080000000004" lon="6.235760000000001">
    <ele>1907.25</ele>
   </trkpt>
   <trkpt lat="45.62187" lon="6.23566">
    <ele>1900.53</ele>
   </trkpt>
   <trkpt lat="45.62181" lon="6.23545">
    <ele>1894.53</ele>
   </trkpt>
   <trkpt lat="45.621930000000006" lon="6.235060000000001">
    <ele>1882.63</ele>
   </trkpt>
   <trkpt lat="45.62203" lon="6.2348300000000005">
    <ele>1875.4</ele>
   </trkpt>
   <trkpt lat="45.62167" lon="6.23458">
    <ele>1860.69</ele>
   </trkpt>
   <trkpt lat="45.621320000000004" lon="6.234540000000001">
    <ele>1846.4</ele>
   </trkpt>
   <trkpt lat="45.620740000000005" lon="6.23486">
    <ele>1827.16</ele>
   </trkpt>
   <trkpt lat="45.62050000000001" lon="6.23519">
    <ele>1818.1200000000001</ele>
   </trkpt>
   <trkpt lat="45.620430000000006" lon="6.235150000000001">
    <ele>1810.7300000000002</ele>
   </trkpt>
   <trkpt lat="45.62037" lon="6.23533">
    <ele>1810.7300000000002</ele>
   </trkpt>
   <trkpt lat="45.62037" lon="6.23554">
    <ele>1803.0600000000002</ele>
   </trkpt>
   <trkpt lat="45.620250000000006" lon="6.235650000000001">
    <ele>1800.5900000000001</ele>
   </trkpt>
   <trkpt lat="45.619960000000006" lon="6.235620000000001">
    <ele>1795.4900000000002</ele>
   </trkpt>
   <trkpt lat="45.61981" lon="6.235460000000001">
    <ele>1789.47</ele>
   </trkpt>
   <trkpt lat="45.619690000000006" lon="6.235150000000001">
    <ele>1785.6100000000001</ele>
   </trkpt>
   <trkpt lat="45.619670000000006" lon="6.23517">
    <ele>1785.5</ele>
   </trkpt>
   <trkpt lat="45.61965000000001" lon="6.235270000000001">
    <ele>1785.65</ele>
   </trkpt>
   <trkpt lat="45.619510000000005" lon="6.23554">
    <ele>1788.0000000000002</ele>
   </trkpt>
   <trkpt lat="45.61923" lon="6.2358400000000005">
    <ele>1793.97</ele>
   </trkpt>
   <trkpt lat="45.61916" lon="6.23587">
    <ele>1793.97</ele>
   </trkpt>
   <trkpt lat="45.619020000000006" lon="6.236000000000001">
    <ele>1795.9300000000003</ele>
   </trkpt>
   <trkpt lat="45.6188" lon="6.2361">
    <ele>1797.22</ele>
   </trkpt>
   <trkpt lat="45.61874" lon="6.2360500000000005">
    <ele>1798.01</ele>
   </trkpt>
   <trkpt lat="45.618700000000004" lon="6.236020000000001">
    <ele>1798.07</ele>
   </trkpt>
   <trkpt lat="45.618610000000004" lon="6.235950000000001">
    <ele>1799.73</ele>
   </trkpt>
   <trkpt lat="45.61833" lon="6.23568">
    <ele>1807.68</ele>
   </trkpt>
   <trkpt lat="45.61816" lon="6.2354400000000005">
    <ele>1810.44</ele>
   </trkpt>
   <trkpt lat="45.61811" lon="6.235340000000001">
    <ele>1811.15</ele>
   </trkpt>
   <trkpt lat="45.61806000000001" lon="6.235180000000001">
    <ele>1812.41</ele>
   </trkpt>
   <trkpt lat="45.61802" lon="6.23493">
    <ele>1814.4700000000003</ele>
   </trkpt>
   <trkpt lat="45.618010000000005" lon="6.23465">
    <ele>1815.4200000000003</ele>
   </trkpt>
   <trkpt lat="45.61789" lon="6.2344100000000005">
    <ele>1814.0800000000002</ele>
   </trkpt>
   <trkpt lat="45.617760000000004" lon="6.234210000000001">
    <ele>1815.0800000000002</ele>
   </trkpt>
   <trkpt lat="45.617740000000005" lon="6.234140000000001">
    <ele>1815.0800000000002</ele>
   </trkpt>
   <trkpt lat="45.61764" lon="6.23287">
    <ele>1828.72</ele>
   </trkpt>
   <trkpt lat="45.617540000000005" lon="6.232500000000001">
    <ele>1834.8200000000002</ele>
   </trkpt>
   <trkpt lat="45.61751" lon="6.23223">
    <ele>1838.3100000000002</ele>
   </trkpt>
   <trkpt lat="45.617430000000006" lon="6.232060000000001">
    <ele>1841.5100000000002</ele>
   </trkpt>
   <trkpt lat="45.61741000000001" lon="6.23193">
    <ele>1847.5700000000002</ele>
   </trkpt>
   <trkpt lat="45.6173" lon="6.23162">
    <ele>1857.6100000000001</ele>
   </trkpt>
   <trkpt lat="45.61724" lon="6.231520000000001">
    <ele>1866.92</ele>
   </trkpt>
   <trkpt lat="45.61719" lon="6.23139">
    <ele>1866.92</ele>
   </trkpt>
   <trkpt lat="45.617180000000005" lon="6.23092">
    <ele>1886.78</ele>
   </trkpt>
   <trkpt lat="45.61713" lon="6.2308200000000005">
    <ele>1891.7100000000003</ele>
   </trkpt>
   <trkpt lat="45.61712000000001" lon="6.23064">
    <ele>1895.6200000000001</ele>
   </trkpt>
   <trkpt lat="45.61706" lon="6.230410000000001">
    <ele>1898.3500000000001</ele>
   </trkpt>
   <trkpt lat="45.61692" lon="6.230080000000001">
    <ele>1894.06</ele>
   </trkpt>
   <trkpt lat="45.616760000000006" lon="6.2298100000000005">
    <ele>1889.9800000000002</ele>
   </trkpt>
   <trkpt lat="45.6167" lon="6.229730000000001">
    <ele>1889.28</ele>
   </trkpt>
   <trkpt lat="45.616530000000004" lon="6.22958">
    <ele>1890.54</ele>
   </trkpt>
   <trkpt lat="45.61638000000001" lon="6.229310000000001">
    <ele>1895.66</ele>
   </trkpt>
   <trkpt lat="45.6163" lon="6.229220000000001">
    <ele>1899.9500000000003</ele>
   </trkpt>
   <trkpt lat="45.616200000000006" lon="6.22902">
    <ele>1904.8200000000002</ele>
   </trkpt>
   <trkpt lat="45.61612" lon="6.228940000000001">
    <ele>1906.98</ele>
   </trkpt>
   <trkpt lat="45.615880000000004" lon="6.228210000000001">
    <ele>1917.46</ele>
   </trkpt>
   <trkpt lat="45.61581" lon="6.2278">
    <ele>1927.95</ele>
   </trkpt>
   <trkpt lat="45.615680000000005" lon="6.227670000000001">
    <ele>1935.9</ele>
   </trkpt>
   <trkpt lat="45.615610000000004" lon="6.227480000000001">
    <ele>1941.7000000000003</ele>
   </trkpt>
   <trkpt lat="45.61551" lon="6.2273000000000005">
    <ele>1959.1000000000001</ele>
   </trkpt>
   <trkpt lat="45.6154" lon="6.226940000000001">
    <ele>1972.8400000000001</ele>
   </trkpt>
   <trkpt lat="45.61542" lon="6.226640000000001">
    <ele>1982.4500000000003</ele>
   </trkpt>
   <trkpt lat="45.61538" lon="6.22639">
    <ele>1992.9</ele>
   </trkpt>
   <trkpt lat="45.615280000000006" lon="6.226170000000001">
    <ele>1996.96</ele>
   </trkpt>
   <trkpt lat="45.61531" lon="6.225740000000001">
    <ele>2010.57</ele>
   </trkpt>
   <trkpt lat="45.61529" lon="6.225510000000001">
    <ele>2020.3500000000001</ele>
   </trkpt>
   <trkpt lat="45.61531" lon="6.225460000000001">
    <ele>2020.3500000000001</ele>
   </trkpt>
   <trkpt lat="45.61491" lon="6.225250000000001">
    <ele>2022.5900000000001</ele>
   </trkpt>
   <trkpt lat="45.61487" lon="6.225210000000001">
    <ele>2021.5200000000002</ele>
   </trkpt>
   <trkpt lat="45.61482" lon="6.2250700000000005">
    <ele>2018.92</ele>
   </trkpt>
   <trkpt lat="45.614810000000006" lon="6.225040000000001">
    <ele>2018.19</ele>
   </trkpt>
   <trkpt lat="45.614720000000005" lon="6.224900000000001">
    <ele>2013.6700000000003</ele>
   </trkpt>
   <trkpt lat="45.61468000000001" lon="6.224740000000001">
    <ele>2009.56</ele>
   </trkpt>
   <trkpt lat="45.61451" lon="6.224360000000001">
    <ele>1991.38</ele>
   </trkpt>
   <trkpt lat="45.614470000000004" lon="6.22423">
    <ele>1987.92</ele>
   </trkpt>
   <trkpt lat="45.61437" lon="6.22405">
    <ele>1981.75</ele>
   </trkpt>
   <trkpt lat="45.61430000000001" lon="6.22388">
    <ele>1978.2800000000002</ele>
   </trkpt>
   <trkpt lat="45.61428" lon="6.22374">
    <ele>1974.05</ele>
   </trkpt>
   <trkpt lat="45.614290000000004" lon="6.22351">
    <ele>1963.0</ele>
   </trkpt>
   <trkpt lat="45.614290000000004" lon="6.22348">
    <ele>1962.8600000000001</ele>
   </trkpt>
   <trkpt lat="45.614250000000006" lon="6.223280000000001">
    <ele>1953.63</ele>
   </trkpt>
   <trkpt lat="45.61383500066972" lon="6.222859996790989">
    <ele>1941.8400000000001</ele>
   </trkpt>
   <trkpt lat="45.613420000000005" lon="6.222440000000001">
    <ele>1943.15</ele>
   </trkpt>
   <trkpt lat="45.61319" lon="6.2222800000000005">
    <ele>1947.21</ele>
   </trkpt>
   <trkpt lat="45.61314" lon="6.222200000000001">
    <ele>1946.13</ele>
   </trkpt>
   <trkpt lat="45.61312" lon="6.222180000000001">
    <ele>1945.9100000000003</ele>
   </trkpt>
   <trkpt lat="45.61292" lon="6.22184">
    <ele>1942.5700000000002</ele>
   </trkpt>
   <trkpt lat="45.61283" lon="6.221660000000001">
    <ele>1944.1000000000001</ele>
   </trkpt>
   <trkpt lat="45.61253000000001" lon="6.22137">
    <ele>1947.17</ele>
   </trkpt>
   <trkpt lat="45.612480000000005" lon="6.221290000000001">
    <ele>1946.3400000000001</ele>
   </trkpt>
   <trkpt lat="45.612460000000006" lon="6.2211300000000005">
    <ele>1942.5200000000002</ele>
   </trkpt>
   <trkpt lat="45.612410000000004" lon="6.22104">
    <ele>1940.38</ele>
   </trkpt>
   <trkpt lat="45.612120000000004" lon="6.220720000000001">
    <ele>1931.49</ele>
   </trkpt>
   <trkpt lat="45.61204" lon="6.220560000000001">
    <ele>1925.8100000000002</ele>
   </trkpt>
   <trkpt lat="45.611880000000006" lon="6.22048">
    <ele>1923.9800000000002</ele>
   </trkpt>
   <trkpt lat="45.61186000000001" lon="6.22046">
    <ele>1924.19</ele>
   </trkpt>
   <trkpt lat="45.61157" lon="6.22032">
    <ele>1930.19</ele>
   </trkpt>
   <trkpt lat="45.61150000000001" lon="6.220160000000001">
    <ele>1929.49</ele>
   </trkpt>
   <trkpt lat="45.611340000000006" lon="6.21956">
    <ele>1923.6000000000001</ele>
   </trkpt>
   <trkpt lat="45.61119" lon="6.21935">
    <ele>1919.2300000000002</ele>
   </trkpt>
   <trkpt lat="45.61117" lon="6.219340000000001">
    <ele>1919.2300000000002</ele>
   </trkpt>
   <trkpt lat="45.6111" lon="6.219360000000001">
    <ele>1916.6000000000001</ele>
   </trkpt>
   <trkpt lat="45.61104" lon="6.21935">
    <ele>1915.3700000000001</ele>
   </trkpt>
   <trkpt lat="45.61101" lon="6.219270000000001">
    <ele>1912.5200000000002</ele>
   </trkpt>
   <trkpt lat="45.61099" lon="6.219110000000001">
    <ele>1905.3500000000001</ele>
   </trkpt>
   <trkpt lat="45.61093" lon="6.218920000000001">
    <ele>1896.6200000000001</ele>
   </trkpt>
   <trkpt lat="45.61075" lon="6.2186">
    <ele>1886.18</ele>
   </trkpt>
   <trkpt lat="45.610730000000004" lon="6.218450000000001">
    <ele>1882.1100000000001</ele>
   </trkpt>
   <trkpt lat="45.61075" lon="6.218380000000001">
    <ele>1879.5900000000001</ele>
   </trkpt>
   <trkpt lat="45.610690000000005" lon="6.21823">
    <ele>1873.7400000000002</ele>
   </trkpt>
   <trkpt lat="45.610640000000004" lon="6.217980000000001">
    <ele>1868.8700000000001</ele>
   </trkpt>
   <trkpt lat="45.61055" lon="6.2177500000000006">
    <ele>1865.69</ele>
   </trkpt>
   <trkpt lat="45.61052" lon="6.2175400000000005">
    <ele>1862.7700000000002</ele>
   </trkpt>
   <trkpt lat="45.61043" lon="6.2173300000000005">
    <ele>1852.72</ele>
   </trkpt>
   <trkpt lat="45.61019" lon="6.21642">
    <ele>1832.78</ele>
   </trkpt>
   <trkpt lat="45.61003" lon="6.21612">
    <ele>1833.23</ele>
   </trkpt>
   <trkpt lat="45.609950000000005" lon="6.215700000000001">
    <ele>1832.7900000000002</ele>
   </trkpt>
   <trkpt lat="45.60987" lon="6.21544">
    <ele>1833.64</ele>
   </trkpt>
   <trkpt lat="45.609860000000005" lon="6.21532">
    <ele>1834.3</ele>
   </trkpt>
   <trkpt lat="45.60976" lon="6.2150300000000005">
    <ele>1836.96</ele>
   </trkpt>
   <trkpt lat="45.60965" lon="6.214840000000001">
    <ele>1840.0900000000001</ele>
   </trkpt>
   <trkpt lat="45.609640000000006" lon="6.21483">
    <ele>1840.3200000000002</ele>
   </trkpt>
   <trkpt lat="45.60952" lon="6.21466">
    <ele>1843.8</ele>
   </trkpt>
   <trkpt lat="45.60943" lon="6.214480000000001">
    <ele>1844.64</ele>
   </trkpt>
   <trkpt lat="45.60929" lon="6.21403">
    <ele>1843.4800000000002</ele>
   </trkpt>
   <trkpt lat="45.60916" lon="6.21375">
    <ele>1845.91</ele>
   </trkpt>
   <trkpt lat="45.60909" lon="6.213500000000001">
    <ele>1847.08</ele>
   </trkpt>
   <trkpt lat="45.60884" lon="6.21314">
    <ele>1855.22</ele>
   </trkpt>
   <trkpt lat="45.60877000000001" lon="6.21297">
    <ele>1857.6500000000003</ele>
   </trkpt>
   <trkpt lat="45.608760000000004" lon="6.212870000000001">
    <ele>1859.3300000000002</ele>
   </trkpt>
   <trkpt lat="45.60831" lon="6.212000000000001">
    <ele>1889.0700000000002</ele>
   </trkpt>
   <trkpt lat="45.60822" lon="6.21175">
    <ele>1894.8200000000002</ele>
   </trkpt>
   <trkpt lat="45.60819" lon="6.21152">
    <ele>1898.5500000000002</ele>
   </trkpt>
   <trkpt lat="45.6081" lon="6.211220000000001">
    <ele>1903.0800000000002</ele>
   </trkpt>
   <trkpt lat="45.60806" lon="6.21114">
    <ele>1904.3200000000002</ele>
   </trkpt>
   <trkpt lat="45.607910000000004" lon="6.210990000000001">
    <ele>1910.03</ele>
   </trkpt>
   <trkpt lat="45.607710000000004" lon="6.210750000000001">
    <ele>1920.5400000000002</ele>
   </trkpt>
   <trkpt lat="45.607670000000006" lon="6.210660000000001">
    <ele>1923.75</ele>
   </trkpt>
   <trkpt lat="45.60765000000001" lon="6.21046">
    <ele>1928.19</ele>
   </trkpt>
   <trkpt lat="45.60756000000001" lon="6.21025">
    <ele>1933.14</ele>
   </trkpt>
   <trkpt lat="45.60755" lon="6.210030000000001">
    <ele>1935.22</ele>
   </trkpt>
   <trkpt lat="45.6075" lon="6.20969">
    <ele>1931.78</ele>
   </trkpt>
   <trkpt lat="45.607440000000004" lon="6.20955">
    <ele>1928.46</ele>
   </trkpt>
   <trkpt lat="45.60743" lon="6.20941">
    <ele>1925.2700000000002</ele>
   </trkpt>
   <trkpt lat="45.607530000000004" lon="6.209110000000001">
    <ele>1922.9300000000003</ele>
   </trkpt>
   <trkpt lat="45.607580000000006" lon="6.208830000000001">
    <ele>1931.3300000000002</ele>
   </trkpt>
   <trkpt lat="45.607780000000005" lon="6.2083200000000005">
    <ele>1964.7900000000002</ele>
   </trkpt>
   <trkpt lat="45.60777" lon="6.2081800000000005">
    <ele>1970.5100000000002</ele>
   </trkpt>
   <trkpt lat="45.60763" lon="6.2078500000000005">
    <ele>1972.9200000000003</ele>
   </trkpt>
   <trkpt lat="45.6077" lon="6.207590000000001">
    <ele>1978.16</ele>
   </trkpt>
   <trkpt lat="45.607690000000005" lon="6.207210000000001">
    <ele>1999.0900000000001</ele>
   </trkpt>
   <trkpt lat="45.60766" lon="6.207020000000001">
    <ele>2004.8799999999999</ele>
   </trkpt>
   <trkpt lat="45.60732" lon="6.2065600000000005">
    <ele>2007.3400000000001</ele>
   </trkpt>
   <trkpt lat="45.60707" lon="6.2063500000000005">
    <ele>1997.68</ele>
   </trkpt>
   <trkpt lat="45.60692" lon="6.2062800000000005">
    <ele>1991.2</ele>
   </trkpt>
   <trkpt lat="45.606860000000005" lon="6.20617">
    <ele>1989.8700000000001</ele>
   </trkpt>
   <trkpt lat="45.60665" lon="6.205920000000001">
    <ele>1982.7800000000002</ele>
   </trkpt>
   <trkpt lat="45.606570000000005" lon="6.20577">
    <ele>1976.1100000000001</ele>
   </trkpt>
   <trkpt lat="45.606590000000004" lon="6.205690000000001">
    <ele>1976.1100000000001</ele>
   </trkpt>
   <trkpt lat="45.60658" lon="6.205640000000001">
    <ele>1974.9800000000002</ele>
   </trkpt>
   <trkpt lat="45.60651000000001" lon="6.20553">
    <ele>1973.4600000000003</ele>
   </trkpt>
   <trkpt lat="45.60624000000001" lon="6.20528">
    <ele>1970.8200000000002</ele>
   </trkpt>
   <trkpt lat="45.606120000000004" lon="6.204940000000001">
    <ele>1966.0100000000002</ele>
   </trkpt>
   <trkpt lat="45.60586000000001" lon="6.2045900000000005">
    <ele>1965.99</ele>
   </trkpt>
   <trkpt lat="45.60582" lon="6.2044500000000005">
    <ele>1966.43</ele>
   </trkpt>
   <trkpt lat="45.605830000000005" lon="6.204280000000001">
    <ele>1966.0400000000002</ele>
   </trkpt>
   <trkpt lat="45.60578" lon="6.20417">
    <ele>1965.4300000000003</ele>
   </trkpt>
   <trkpt lat="45.60555" lon="6.2039800000000005">
    <ele>1962.66</ele>
   </trkpt>
   <trkpt lat="45.60544" lon="6.203830000000001">
    <ele>1958.5800000000002</ele>
   </trkpt>
   <trkpt lat="45.60531" lon="6.203760000000001">
    <ele>1956.89</ele>
   </trkpt>
   <trkpt lat="45.60508" lon="6.20347">
    <ele>1949.45</ele>
   </trkpt>
   <trkpt lat="45.60499" lon="6.20342">
    <ele>1948.1000000000001</ele>
   </trkpt>
   <trkpt lat="45.60479" lon="6.2032300000000005">
    <ele>1947.9</ele>
   </trkpt>
   <trkpt lat="45.60472" lon="6.203100000000001">
    <ele>1948.2700000000002</ele>
   </trkpt>
   <trkpt lat="45.604670000000006" lon="6.20291">
    <ele>1948.29</ele>
   </trkpt>
   <trkpt lat="45.604580000000006" lon="6.20281">
    <ele>1947.9</ele>
   </trkpt>
   <trkpt lat="45.604510000000005" lon="6.2027">
    <ele>1947.5600000000002</ele>
   </trkpt>
   <trkpt lat="45.60434" lon="6.202240000000001">
    <ele>1944.32</ele>
   </trkpt>
   <trkpt lat="45.6043" lon="6.202030000000001">
    <ele>1941.42</ele>
   </trkpt>
   <trkpt lat="45.60419" lon="6.2019">
    <ele>1939.65</ele>
   </trkpt>
   <trkpt lat="45.60421" lon="6.2018">
    <ele>1939.0</ele>
   </trkpt>
   <trkpt lat="45.604200000000006" lon="6.20171">
    <ele>1937.66</ele>
   </trkpt>
   <trkpt lat="45.60405" lon="6.20152">
    <ele>1936.0800000000002</ele>
   </trkpt>
   <trkpt lat="45.60392" lon="6.20129">
    <ele>1937.68</ele>
   </trkpt>
   <trkpt lat="45.603910000000006" lon="6.20098">
    <ele>1940.97</ele>
   </trkpt>
   <trkpt lat="45.60374" lon="6.200590000000001">
    <ele>1942.1500000000003</ele>
   </trkpt>
   <trkpt lat="45.603750000000005" lon="6.200290000000001">
    <ele>1944.5500000000002</ele>
   </trkpt>
   <trkpt lat="45.60369" lon="6.199980000000001">
    <ele>1945.42</ele>
   </trkpt>
   <trkpt lat="45.60369" lon="6.199750000000001">
    <ele>1946.5200000000002</ele>
   </trkpt>
   <trkpt lat="45.60367" lon="6.199700000000001">
    <ele>1946.5200000000002</ele>
   </trkpt>
   <trkpt lat="45.60363" lon="6.19967">
    <ele>1946.8700000000001</ele>
   </trkpt>
   <trkpt lat="45.603570000000005" lon="6.199490000000001">
    <ele>1948.56</ele>
   </trkpt>
   <trkpt lat="45.60351000000001" lon="6.199210000000001">
    <ele>1953.15</ele>
   </trkpt>
   <trkpt lat="45.60338" lon="6.199120000000001">
    <ele>1958.63</ele>
   </trkpt>
   <trkpt lat="45.60329" lon="6.199020000000001">
    <ele>1959.6000000000001</ele>
   </trkpt>
   <trkpt lat="45.603120000000004" lon="6.198760000000001">
    <ele>1959.4600000000003</ele>
   </trkpt>
   <trkpt lat="45.60304000000001" lon="6.19854">
    <ele>1957.8300000000002</ele>
   </trkpt>
   <trkpt lat="45.60296" lon="6.19845">
    <ele>1954.98</ele>
   </trkpt>
   <trkpt lat="45.60289" lon="6.198270000000001">
    <ele>1952.2700000000002</ele>
   </trkpt>
   <trkpt lat="45.60282" lon="6.19821">
    <ele>1952.2700000000002</ele>
   </trkpt>
   <trkpt lat="45.60276" lon="6.198110000000001">
    <ele>1950.74</ele>
   </trkpt>
   <trkpt lat="45.60264" lon="6.19798">
    <ele>1947.01</ele>
   </trkpt>
   <trkpt lat="45.60262" lon="6.19796">
    <ele>1946.23</ele>
   </trkpt>
   <trkpt lat="45.602430000000005" lon="6.197870000000001">
    <ele>1942.1200000000001</ele>
   </trkpt>
   <trkpt lat="45.60237" lon="6.197850000000001">
    <ele>1938.77</ele>
   </trkpt>
   <trkpt lat="45.602340000000005" lon="6.197850000000001">
    <ele>1937.78</ele>
   </trkpt>
   <trkpt lat="45.602430000000005" lon="6.197870000000001">
    <ele>1940.73</ele>
   </trkpt>
   <trkpt lat="45.602590000000006" lon="6.197940000000001">
    <ele>1946.23</ele>
   </trkpt>
   <trkpt lat="45.60262" lon="6.19796">
    <ele>1941.6000000000001</ele>
   </trkpt>
   <trkpt lat="45.603025002493524" lon="6.1972050054375165">
    <ele>1904.4800000000002</ele>
   </trkpt>
   <trkpt lat="45.60343" lon="6.1964500000000005">
    <ele>1844.6700000000003</ele>
   </trkpt>
   <trkpt lat="45.603550000000006" lon="6.19578">
    <ele>1814.0500000000002</ele>
   </trkpt>
   <trkpt lat="45.60362000000001" lon="6.19451">
    <ele>1736.01</ele>
   </trkpt>
   <trkpt lat="45.60381" lon="6.193510000000001">
    <ele>1666.02</ele>
   </trkpt>
   <trkpt lat="45.603696675793465" lon="6.1924866624432395">
    <ele>1630.64</ele>
   </trkpt>
   <trkpt lat="45.603583342450264" lon="6.191463329020933">
    <ele>1598.57</ele>
   </trkpt>
   <trkpt lat="45.60347" lon="6.190440000000001">
    <ele>1564.3700000000001</ele>
   </trkpt>
   <trkpt lat="45.60369" lon="6.18958">
    <ele>1546.48</ele>
   </trkpt>
   <trkpt lat="45.603930000000005" lon="6.18876">
    <ele>1529.6900000000003</ele>
   </trkpt>
   <trkpt lat="45.603910000000006" lon="6.188110000000001">
    <ele>1524.24</ele>
   </trkpt>
   <trkpt lat="45.60363" lon="6.18759">
    <ele>1523.06</ele>
   </trkpt>
   <trkpt lat="45.603570000000005" lon="6.18665">
    <ele>1520.3300000000002</ele>
   </trkpt>
   <trkpt lat="45.60393500469148" lon="6.185605007006024">
    <ele>1517.6900000000003</ele>
   </trkpt>
   <trkpt lat="45.6043" lon="6.18456">
    <ele>1526.21</ele>
   </trkpt>
   <trkpt lat="45.60372" lon="6.18386">
    <ele>1547.49</ele>
   </trkpt>
   <trkpt lat="45.60371000000001" lon="6.18381">
    <ele>1548.5700000000002</ele>
   </trkpt>
   <trkpt lat="45.60360000000001" lon="6.18388">
    <ele>1549.7500000000002</ele>
   </trkpt>
   <trkpt lat="45.60322" lon="6.183890000000001">
    <ele>1554.63</ele>
   </trkpt>
   <trkpt lat="45.602920000000005" lon="6.18386">
    <ele>1557.8</ele>
   </trkpt>
   <trkpt lat="45.602700000000006" lon="6.1839200000000005">
    <ele>1559.88</ele>
   </trkpt>
   <trkpt lat="45.60251" lon="6.183910000000001">
    <ele>1561.88</ele>
   </trkpt>
   <trkpt lat="45.60229" lon="6.18383">
    <ele>1566.63</ele>
   </trkpt>
   <trkpt lat="45.60211" lon="6.18383">
    <ele>1570.8300000000002</ele>
   </trkpt>
   <trkpt lat="45.601870000000005" lon="6.18372">
    <ele>1575.7800000000002</ele>
   </trkpt>
   <trkpt lat="45.60184" lon="6.18358">
    <ele>1575.7800000000002</ele>
   </trkpt>
   <trkpt lat="45.60174000000001" lon="6.183370000000001">
    <ele>1579.5800000000002</ele>
   </trkpt>
   <trkpt lat="45.601710000000004" lon="6.18318">
    <ele>1583.0300000000002</ele>
   </trkpt>
   <trkpt lat="45.601580000000006" lon="6.18297">
    <ele>1585.5400000000002</ele>
   </trkpt>
   <trkpt lat="45.60128" lon="6.182600000000001">
    <ele>1594.3100000000002</ele>
   </trkpt>
   <trkpt lat="45.60128" lon="6.18259">
    <ele>1594.54</ele>
   </trkpt>
   <trkpt lat="45.60116000000001" lon="6.182460000000001">
    <ele>1596.7000000000003</ele>
   </trkpt>
   <trkpt lat="45.601110000000006" lon="6.18238">
    <ele>1600.1900000000003</ele>
   </trkpt>
   <trkpt lat="45.60096" lon="6.18238">
    <ele>1607.3400000000001</ele>
   </trkpt>
   <trkpt lat="45.60083" lon="6.182340000000001">
    <ele>1607.3400000000001</ele>
   </trkpt>
   <trkpt lat="45.600280000000005" lon="6.182040000000001">
    <ele>1622.87</ele>
   </trkpt>
   <trkpt lat="45.60009" lon="6.181800000000001">
    <ele>1625.8000000000002</ele>
   </trkpt>
   <trkpt lat="45.6" lon="6.1816">
    <ele>1627.0600000000002</ele>
   </trkpt>
   <trkpt lat="45.59993" lon="6.18149">
    <ele>1629.2400000000002</ele>
   </trkpt>
   <trkpt lat="45.59944" lon="6.1811300000000005">
    <ele>1641.6000000000001</ele>
   </trkpt>
   <trkpt lat="45.599090000000004" lon="6.180910000000001">
    <ele>1650.3200000000002</ele>
   </trkpt>
   <trkpt lat="45.598560000000006" lon="6.180490000000001">
    <ele>1661.99</ele>
   </trkpt>
   <trkpt lat="45.59834" lon="6.180280000000001">
    <ele>1667.92</ele>
   </trkpt>
   <trkpt lat="45.598330000000004" lon="6.18027">
    <ele>1668.2100000000003</ele>
   </trkpt>
   <trkpt lat="45.598560000000006" lon="6.180490000000001">
    <ele>1661.99</ele>
   </trkpt>
   <trkpt lat="45.598670000000006" lon="6.180000000000001">
    <ele>1669.64</ele>
   </trkpt>
   <trkpt lat="45.59872000000001" lon="6.179640000000001">
    <ele>1677.0</ele>
   </trkpt>
   <trkpt lat="45.59882" lon="6.1793000000000005">
    <ele>1687.3300000000002</ele>
   </trkpt>
   <trkpt lat="45.598800000000004" lon="6.17909">
    <ele>1696.23</ele>
   </trkpt>
   <trkpt lat="45.59872000000001" lon="6.17886">
    <ele>1704.5100000000002</ele>
   </trkpt>
   <trkpt lat="45.598710000000004" lon="6.1786200000000004">
    <ele>1719.0500000000002</ele>
   </trkpt>
   <trkpt lat="45.598650000000006" lon="6.1784300000000005">
    <ele>1724.7400000000002</ele>
   </trkpt>
   <trkpt lat="45.59866" lon="6.178190000000001">
    <ele>1734.91</ele>
   </trkpt>
   <trkpt lat="45.59872000000001" lon="6.17802">
    <ele>1734.91</ele>
   </trkpt>
   <trkpt lat="45.598710000000004" lon="6.17783">
    <ele>1761.4600000000003</ele>
   </trkpt>
   <trkpt lat="45.598760000000006" lon="6.177560000000001">
    <ele>1770.76</ele>
   </trkpt>
   <trkpt lat="45.59875" lon="6.177350000000001">
    <ele>1778.7</ele>
   </trkpt>
   <trkpt lat="45.59868" lon="6.177230000000001">
    <ele>1783.3000000000002</ele>
   </trkpt>
   <trkpt lat="45.59857" lon="6.1771400000000005">
    <ele>1789.14</ele>
   </trkpt>
   <trkpt lat="45.59855" lon="6.177020000000001">
    <ele>1792.39</ele>
   </trkpt>
   <trkpt lat="45.598710000000004" lon="6.1769300000000005">
    <ele>1797.3600000000001</ele>
   </trkpt>
   <trkpt lat="45.598910000000004" lon="6.17684">
    <ele>1802.0600000000002</ele>
   </trkpt>
   <trkpt lat="45.598960000000005" lon="6.176780000000001">
    <ele>1803.2</ele>
   </trkpt>
   <trkpt lat="45.59915" lon="6.176660000000001">
    <ele>1810.51</ele>
   </trkpt>
   <trkpt lat="45.5992" lon="6.176590000000001">
    <ele>1812.31</ele>
   </trkpt>
   <trkpt lat="45.59931" lon="6.17651">
    <ele>1816.27</ele>
   </trkpt>
   <trkpt lat="45.59948000000001" lon="6.1763200000000005">
    <ele>1826.81</ele>
   </trkpt>
   <trkpt lat="45.599680000000006" lon="6.1763">
    <ele>1838.8700000000001</ele>
   </trkpt>
   <trkpt lat="45.59975" lon="6.176240000000001">
    <ele>1841.05</ele>
   </trkpt>
   <trkpt lat="45.599790000000006" lon="6.17619">
    <ele>1843.4500000000003</ele>
   </trkpt>
   <trkpt lat="45.59973" lon="6.17614">
    <ele>1849.0000000000002</ele>
   </trkpt>
   <trkpt lat="45.59978" lon="6.176100000000001">
    <ele>1852.0900000000001</ele>
   </trkpt>
   <trkpt lat="45.599810000000005" lon="6.17595">
    <ele>1864.8700000000001</ele>
   </trkpt>
   <trkpt lat="45.599740000000004" lon="6.17586">
    <ele>1867.76</ele>
   </trkpt>
   <trkpt lat="45.599900000000005" lon="6.175730000000001">
    <ele>1876.7600000000002</ele>
   </trkpt>
   <trkpt lat="45.600060000000006" lon="6.17562">
    <ele>1883.6000000000001</ele>
   </trkpt>
   <trkpt lat="45.600150000000006" lon="6.175610000000001">
    <ele>1888.17</ele>
   </trkpt>
   <trkpt lat="45.600300000000004" lon="6.175510000000001">
    <ele>1898.27</ele>
   </trkpt>
   <trkpt lat="45.600440000000006" lon="6.175350000000001">
    <ele>1916.8400000000001</ele>
   </trkpt>
   <trkpt lat="45.60047" lon="6.175260000000001">
    <ele>1916.8400000000001</ele>
   </trkpt>
   <trkpt lat="45.600530000000006" lon="6.175260000000001">
    <ele>1922.9600000000003</ele>
   </trkpt>
   <trkpt lat="45.60052" lon="6.17515">
    <ele>1922.9600000000003</ele>
   </trkpt>
   <trkpt lat="45.600550000000005" lon="6.17515">
    <ele>1922.9600000000003</ele>
   </trkpt>
   <trkpt lat="45.600590000000004" lon="6.17506">
    <ele>1936.2700000000002</ele>
   </trkpt>
   <trkpt lat="45.60065" lon="6.17504">
    <ele>1936.2700000000002</ele>
   </trkpt>
   <trkpt lat="45.60074" lon="6.174910000000001">
    <ele>1942.8400000000001</ele>
   </trkpt>
   <trkpt lat="45.60072" lon="6.17485">
    <ele>1942.8400000000001</ele>
   </trkpt>
   <trkpt lat="45.600820000000006" lon="6.1747700000000005">
    <ele>1963.0</ele>
   </trkpt>
   <trkpt lat="45.60079" lon="6.17471">
    <ele>1963.0</ele>
   </trkpt>
   <trkpt lat="45.60081" lon="6.174670000000001">
    <ele>1963.0</ele>
   </trkpt>
   <trkpt lat="45.60079" lon="6.17466">
    <ele>1963.0</ele>
   </trkpt>
   <trkpt lat="45.60080000000001" lon="6.174620000000001">
    <ele>1963.0</ele>
   </trkpt>
   <trkpt lat="45.60076" lon="6.17457">
    <ele>1968.8500000000001</ele>
   </trkpt>
   <trkpt lat="45.60078" lon="6.174510000000001">
    <ele>1968.8500000000001</ele>
   </trkpt>
   <trkpt lat="45.60071000000001" lon="6.174440000000001">
    <ele>1975.15</ele>
   </trkpt>
   <trkpt lat="45.600750000000005" lon="6.17433">
    <ele>1988.7800000000002</ele>
   </trkpt>
   <trkpt lat="45.600680000000004" lon="6.174150000000001">
    <ele>1995.4</ele>
   </trkpt>
   <trkpt lat="45.6007" lon="6.1740200000000005">
    <ele>2001.7400000000002</ele>
   </trkpt>
   <trkpt lat="45.600680000000004" lon="6.17403">
    <ele>2001.7400000000002</ele>
   </trkpt>
   <trkpt lat="45.60069000000001" lon="6.173990000000001">
    <ele>2001.7400000000002</ele>
   </trkpt>
   <trkpt lat="45.600660000000005" lon="6.17398">
    <ele>2004.76</ele>
   </trkpt>
   <trkpt lat="45.600680000000004" lon="6.173940000000001">
    <ele>2007.67</ele>
   </trkpt>
   <trkpt lat="45.60065" lon="6.173920000000001">
    <ele>2010.45</ele>
   </trkpt>
   <trkpt lat="45.60065" lon="6.173870000000001">
    <ele>2010.45</ele>
   </trkpt>
   <trkpt lat="45.600550000000005" lon="6.173800000000001">
    <ele>2017.6000000000001</ele>
   </trkpt>
   <trkpt lat="45.600660000000005" lon="6.173680000000001">
    <ele>2019.7000000000003</ele>
   </trkpt>
   <trkpt lat="45.60080000000001" lon="6.17379">
    <ele>2016.41</ele>
   </trkpt>
   <trkpt lat="45.60092" lon="6.173970000000001">
    <ele>2011.2300000000002</ele>
   </trkpt>
   <trkpt lat="45.60105" lon="6.17396">
    <ele>2008.01</ele>
   </trkpt>
   <trkpt lat="45.6011" lon="6.174">
    <ele>2007.3899999999999</ele>
   </trkpt>
   <trkpt lat="45.60132" lon="6.174060000000001">
    <ele>2002.9700000000003</ele>
   </trkpt>
   <trkpt lat="45.601420000000005" lon="6.174040000000001">
    <ele>2000.1100000000001</ele>
   </trkpt>
   <trkpt lat="45.60152" lon="6.17407">
    <ele>1996.4</ele>
   </trkpt>
   <trkpt lat="45.601600000000005" lon="6.17414">
    <ele>1991.5200000000002</ele>
   </trkpt>
   <trkpt lat="45.601670000000006" lon="6.174290000000001">
    <ele>1983.74</ele>
   </trkpt>
   <trkpt lat="45.60173" lon="6.174290000000001">
    <ele>1981.5900000000001</ele>
   </trkpt>
   <trkpt lat="45.601760000000006" lon="6.17431">
    <ele>1979.21</ele>
   </trkpt>
   <trkpt lat="45.60175" lon="6.174300000000001">
    <ele>1979.21</ele>
   </trkpt>
   <trkpt lat="45.602070000000005" lon="6.174510000000001">
    <ele>1963.54</ele>
   </trkpt>
   <trkpt lat="45.602250000000005" lon="6.174530000000001">
    <ele>1959.8300000000002</ele>
   </trkpt>
   <trkpt lat="45.602340000000005" lon="6.174580000000001">
    <ele>1957.8200000000002</ele>
   </trkpt>
   <trkpt lat="45.60235" lon="6.174460000000001">
    <ele>1952.68</ele>
   </trkpt>
   <trkpt lat="45.602320000000006" lon="6.174440000000001">
    <ele>1952.68</ele>
   </trkpt>
   <trkpt lat="45.602320000000006" lon="6.17438">
    <ele>1945.19</ele>
   </trkpt>
   <trkpt lat="45.60235" lon="6.17431">
    <ele>1945.19</ele>
   </trkpt>
   <trkpt lat="45.60233" lon="6.174250000000001">
    <ele>1945.19</ele>
   </trkpt>
   <trkpt lat="45.602450000000005" lon="6.174290000000001">
    <ele>1935.0200000000002</ele>
   </trkpt>
   <trkpt lat="45.602450000000005" lon="6.1742300000000006">
    <ele>1930.44</ele>
   </trkpt>
   <trkpt lat="45.60249" lon="6.1742300000000006">
    <ele>1930.44</ele>
   </trkpt>
   <trkpt lat="45.602500000000006" lon="6.17419">
    <ele>1930.44</ele>
   </trkpt>
   <trkpt lat="45.602450000000005" lon="6.17407">
    <ele>1923.8600000000001</ele>
   </trkpt>
   <trkpt lat="45.60248000000001" lon="6.174040000000001">
    <ele>1921.48</ele>
   </trkpt>
   <trkpt lat="45.60246" lon="6.17398">
    <ele>1918.97</ele>
   </trkpt>
   <trkpt lat="45.60239000000001" lon="6.17398">
    <ele>1918.97</ele>
   </trkpt>
   <trkpt lat="45.6024" lon="6.173680000000001">
    <ele>1903.75</ele>
   </trkpt>
   <trkpt lat="45.602250000000005" lon="6.17344">
    <ele>1893.3200000000002</ele>
   </trkpt>
   <trkpt lat="45.60224" lon="6.17321">
    <ele>1883.7500000000002</ele>
   </trkpt>
   <trkpt lat="45.6022" lon="6.173030000000001">
    <ele>1877.1100000000001</ele>
   </trkpt>
   <trkpt lat="45.602270000000004" lon="6.17288">
    <ele>1870.0500000000002</ele>
   </trkpt>
   <trkpt lat="45.602250000000005" lon="6.1728000000000005">
    <ele>1867.7700000000002</ele>
   </trkpt>
   <trkpt lat="45.60229" lon="6.172770000000001">
    <ele>1863.4</ele>
   </trkpt>
   <trkpt lat="45.60229" lon="6.172700000000001">
    <ele>1863.4</ele>
   </trkpt>
   <trkpt lat="45.602250000000005" lon="6.17271">
    <ele>1859.6200000000001</ele>
   </trkpt>
   <trkpt lat="45.6022" lon="6.17255">
    <ele>1859.6200000000001</ele>
   </trkpt>
   <trkpt lat="45.60210000000001" lon="6.172420000000001">
    <ele>1852.3400000000001</ele>
   </trkpt>
   <trkpt lat="45.602070000000005" lon="6.172320000000001">
    <ele>1844.7600000000002</ele>
   </trkpt>
   <trkpt lat="45.60202" lon="6.17227">
    <ele>1844.7600000000002</ele>
   </trkpt>
   <trkpt lat="45.602000000000004" lon="6.172180000000001">
    <ele>1842.96</ele>
   </trkpt>
   <trkpt lat="45.60195" lon="6.17208">
    <ele>1839.8500000000001</ele>
   </trkpt>
   <trkpt lat="45.6019" lon="6.17203">
    <ele>1838.5300000000002</ele>
   </trkpt>
   <trkpt lat="45.60188" lon="6.171950000000001">
    <ele>1836.1100000000001</ele>
   </trkpt>
   <trkpt lat="45.60174000000001" lon="6.17175">
    <ele>1831.86</ele>
   </trkpt>
   <trkpt lat="45.601670000000006" lon="6.1717200000000005">
    <ele>1830.38</ele>
   </trkpt>
   <trkpt lat="45.60128" lon="6.1711100000000005">
    <ele>1816.8700000000001</ele>
   </trkpt>
   <trkpt lat="45.60127000000001" lon="6.1710400000000005">
    <ele>1816.8700000000001</ele>
   </trkpt>
   <trkpt lat="45.60121" lon="6.1709000000000005">
    <ele>1810.48</ele>
   </trkpt>
   <trkpt lat="45.601090000000006" lon="6.17074">
    <ele>1808.13</ele>
   </trkpt>
   <trkpt lat="45.600930000000005" lon="6.170590000000001">
    <ele>1803.9300000000003</ele>
   </trkpt>
   <trkpt lat="45.60085" lon="6.17055">
    <ele>1802.8100000000002</ele>
   </trkpt>
   <trkpt lat="45.600770000000004" lon="6.170610000000001">
    <ele>1799.2700000000002</ele>
   </trkpt>
   <trkpt lat="45.60065" lon="6.1708300000000005">
    <ele>1794.0900000000001</ele>
   </trkpt>
   <trkpt lat="45.60042000000001" lon="6.17112">
    <ele>1789.1200000000001</ele>
   </trkpt>
   <trkpt lat="45.6004" lon="6.171130000000001">
    <ele>1789.1200000000001</ele>
   </trkpt>
   <trkpt lat="45.600390000000004" lon="6.17112">
    <ele>1789.1200000000001</ele>
   </trkpt>
   <trkpt lat="45.600460000000005" lon="6.17088">
    <ele>1782.1100000000001</ele>
   </trkpt>
   <trkpt lat="45.600530000000006" lon="6.17041">
    <ele>1773.17</ele>
   </trkpt>
   <trkpt lat="45.600640000000006" lon="6.1699600000000006">
    <ele>1767.4600000000003</ele>
   </trkpt>
   <trkpt lat="45.600680000000004" lon="6.1696100000000005">
    <ele>1761.6200000000001</ele>
   </trkpt>
   <trkpt lat="45.600680000000004" lon="6.16945">
    <ele>1759.5800000000002</ele>
   </trkpt>
   <trkpt lat="45.600770000000004" lon="6.1693500000000006">
    <ele>1756.3700000000001</ele>
   </trkpt>
   <trkpt lat="45.600910000000006" lon="6.16924">
    <ele>1755.3400000000001</ele>
   </trkpt>
   <trkpt lat="45.60098000000001" lon="6.16924">
    <ele>1755.3400000000001</ele>
   </trkpt>
   <trkpt lat="45.60107000000001" lon="6.16926">
    <ele>1749.4900000000002</ele>
   </trkpt>
   <trkpt lat="45.60108" lon="6.169250000000001">
    <ele>1749.4900000000002</ele>
   </trkpt>
   <trkpt lat="45.60107000000001" lon="6.16919">
    <ele>1749.4900000000002</ele>
   </trkpt>
   <trkpt lat="45.60098000000001" lon="6.1690700000000005">
    <ele>1747.7900000000002</ele>
   </trkpt>
   <trkpt lat="45.60087" lon="6.16908">
    <ele>1744.96</ele>
   </trkpt>
   <trkpt lat="45.600620000000006" lon="6.169040000000001">
    <ele>1740.46</ele>
   </trkpt>
   <trkpt lat="45.600550000000005" lon="6.169060000000001">
    <ele>1740.46</ele>
   </trkpt>
   <trkpt lat="45.600460000000005" lon="6.16912">
    <ele>1734.0300000000002</ele>
   </trkpt>
   <trkpt lat="45.600440000000006" lon="6.169110000000001">
    <ele>1734.0300000000002</ele>
   </trkpt>
   <trkpt lat="45.600530000000006" lon="6.168920000000001">
    <ele>1733.03</ele>
   </trkpt>
   <trkpt lat="45.60065" lon="6.168780000000001">
    <ele>1731.1900000000003</ele>
   </trkpt>
   <trkpt lat="45.600910000000006" lon="6.16854">
    <ele>1723.17</ele>
   </trkpt>
   <trkpt lat="45.601020000000005" lon="6.168480000000001">
    <ele>1722.29</ele>
   </trkpt>
   <trkpt lat="45.601310000000005" lon="6.168480000000001">
    <ele>1715.3100000000002</ele>
   </trkpt>
   <trkpt lat="45.601150000000004" lon="6.16823">
    <ele>1712.35</ele>
   </trkpt>
   <trkpt lat="45.60107000000001" lon="6.168150000000001">
    <ele>1704.98</ele>
   </trkpt>
   <trkpt lat="45.600970000000004" lon="6.16811">
    <ele>1704.98</ele>
   </trkpt>
   <trkpt lat="45.60072" lon="6.16809">
    <ele>1702.02</ele>
   </trkpt>
   <trkpt lat="45.60079" lon="6.168">
    <ele>1696.64</ele>
   </trkpt>
   <trkpt lat="45.60101" lon="6.167800000000001">
    <ele>1691.69</ele>
   </trkpt>
   <trkpt lat="45.60137" lon="6.16767">
    <ele>1684.1800000000003</ele>
   </trkpt>
   <trkpt lat="45.601470000000006" lon="6.16769">
    <ele>1680.9900000000002</ele>
   </trkpt>
   <trkpt lat="45.601530000000004" lon="6.167750000000001">
    <ele>1679.9700000000003</ele>
   </trkpt>
   <trkpt lat="45.601690000000005" lon="6.16779">
    <ele>1678.0300000000002</ele>
   </trkpt>
   <trkpt lat="45.601580000000006" lon="6.167510000000001">
    <ele>1672.2700000000002</ele>
   </trkpt>
   <trkpt lat="45.60146" lon="6.167330000000001">
    <ele>1666.7600000000002</ele>
   </trkpt>
   <trkpt lat="45.601330000000004" lon="6.1671700000000005">
    <ele>1663.21</ele>
   </trkpt>
   <trkpt lat="45.60128" lon="6.16715">
    <ele>1663.21</ele>
   </trkpt>
   <trkpt lat="45.601240000000004" lon="6.167160000000001">
    <ele>1663.21</ele>
   </trkpt>
   <trkpt lat="45.60123" lon="6.167140000000001">
    <ele>1663.21</ele>
   </trkpt>
   <trkpt lat="45.601380000000006" lon="6.16706">
    <ele>1661.38</ele>
   </trkpt>
   <trkpt lat="45.60145000000001" lon="6.16706">
    <ele>1656.65</ele>
   </trkpt>
   <trkpt lat="45.60181" lon="6.1671700000000005">
    <ele>1648.13</ele>
   </trkpt>
   <trkpt lat="45.60184" lon="6.167160000000001">
    <ele>1648.13</ele>
   </trkpt>
   <trkpt lat="45.60184" lon="6.16713">
    <ele>1648.13</ele>
   </trkpt>
   <trkpt lat="45.60168" lon="6.166900000000001">
    <ele>1643.31</ele>
   </trkpt>
   <trkpt lat="45.60157" lon="6.16664">
    <ele>1638.26</ele>
   </trkpt>
   <trkpt lat="45.601510000000005" lon="6.1665600000000005">
    <ele>1638.26</ele>
   </trkpt>
   <trkpt lat="45.601420000000005" lon="6.1665">
    <ele>1636.42</ele>
   </trkpt>
   <trkpt lat="45.601310000000005" lon="6.1665">
    <ele>1634.3400000000001</ele>
   </trkpt>
   <trkpt lat="45.60137" lon="6.16643">
    <ele>1631.0600000000002</ele>
   </trkpt>
   <trkpt lat="45.60155" lon="6.16631">
    <ele>1627.15</ele>
   </trkpt>
   <trkpt lat="45.60163000000001" lon="6.166290000000001">
    <ele>1626.15</ele>
   </trkpt>
   <trkpt lat="45.6017" lon="6.16628">
    <ele>1625.0900000000001</ele>
   </trkpt>
   <trkpt lat="45.60210000000001" lon="6.16636">
    <ele>1615.6800000000003</ele>
   </trkpt>
   <trkpt lat="45.601870000000005" lon="6.165920000000001">
    <ele>1605.5600000000002</ele>
   </trkpt>
   <trkpt lat="45.601800000000004" lon="6.16586">
    <ele>1605.5600000000002</ele>
   </trkpt>
   <trkpt lat="45.60172" lon="6.165830000000001">
    <ele>1603.97</ele>
   </trkpt>
   <trkpt lat="45.601470000000006" lon="6.165780000000001">
    <ele>1600.16</ele>
   </trkpt>
   <trkpt lat="45.60125" lon="6.16577">
    <ele>1595.79</ele>
   </trkpt>
   <trkpt lat="45.60125" lon="6.16575">
    <ele>1595.79</ele>
   </trkpt>
   <trkpt lat="45.601670000000006" lon="6.165470000000001">
    <ele>1584.0400000000002</ele>
   </trkpt>
   <trkpt lat="45.602160000000005" lon="6.165260000000001">
    <ele>1577.1000000000001</ele>
   </trkpt>
   <trkpt lat="45.60237" lon="6.16514">
    <ele>1571.67</ele>
   </trkpt>
   <trkpt lat="45.602380000000004" lon="6.16511">
    <ele>1571.67</ele>
   </trkpt>
   <trkpt lat="45.60222" lon="6.16506">
    <ele>1568.5200000000002</ele>
   </trkpt>
   <trkpt lat="45.60183000000001" lon="6.165000000000001">
    <ele>1563.0600000000002</ele>
   </trkpt>
   <trkpt lat="45.601510000000005" lon="6.164980000000001">
    <ele>1558.27</ele>
   </trkpt>
   <trkpt lat="45.60116000000001" lon="6.16499">
    <ele>1554.3200000000002</ele>
   </trkpt>
   <trkpt lat="45.60103" lon="6.164960000000001">
    <ele>1545.76</ele>
   </trkpt>
   <trkpt lat="45.600930000000005" lon="6.164980000000001">
    <ele>1545.76</ele>
   </trkpt>
   <trkpt lat="45.600910000000006" lon="6.16497">
    <ele>1545.76</ele>
   </trkpt>
   <trkpt lat="45.60092" lon="6.164930000000001">
    <ele>1545.76</ele>
   </trkpt>
   <trkpt lat="45.601110000000006" lon="6.164860000000001">
    <ele>1541.19</ele>
   </trkpt>
   <trkpt lat="45.601490000000005" lon="6.164580000000001">
    <ele>1534.55</ele>
   </trkpt>
   <trkpt lat="45.60175" lon="6.16441">
    <ele>1528.97</ele>
   </trkpt>
   <trkpt lat="45.60204" lon="6.16429">
    <ele>1522.97</ele>
   </trkpt>
   <trkpt lat="45.60277000000001" lon="6.16408">
    <ele>1511.6900000000003</ele>
   </trkpt>
   <trkpt lat="45.603170000000006" lon="6.16401">
    <ele>1502.99</ele>
   </trkpt>
   <trkpt lat="45.60338" lon="6.16401">
    <ele>1499.48</ele>
   </trkpt>
   <trkpt lat="45.603390000000005" lon="6.1639800000000005">
    <ele>1498.5000000000002</ele>
   </trkpt>
   <trkpt lat="45.60334" lon="6.16392">
    <ele>1497.41</ele>
   </trkpt>
   <trkpt lat="45.603350000000006" lon="6.16389">
    <ele>1496.18</ele>
   </trkpt>
   <trkpt lat="45.603410000000004" lon="6.163860000000001">
    <ele>1496.18</ele>
   </trkpt>
   <trkpt lat="45.603460000000005" lon="6.16387">
    <ele>1492.21</ele>
   </trkpt>
   <trkpt lat="45.603480000000005" lon="6.163860000000001">
    <ele>1492.21</ele>
   </trkpt>
   <trkpt lat="45.603480000000005" lon="6.16384">
    <ele>1492.21</ele>
   </trkpt>
   <trkpt lat="45.60313000000001" lon="6.16361">
    <ele>1482.22</ele>
   </trkpt>
   <trkpt lat="45.60295000000001" lon="6.163530000000001">
    <ele>1478.5800000000002</ele>
   </trkpt>
   <trkpt lat="45.602140000000006" lon="6.16331">
    <ele>1468.25</ele>
   </trkpt>
   <trkpt lat="45.601910000000004" lon="6.16328">
    <ele>1463.3200000000002</ele>
   </trkpt>
   <trkpt lat="45.601710000000004" lon="6.16323">
    <ele>1459.95</ele>
   </trkpt>
   <trkpt lat="45.601400000000005" lon="6.16321">
    <ele>1453.7300000000002</ele>
   </trkpt>
   <trkpt lat="45.60085" lon="6.16326">
    <ele>1444.0400000000002</ele>
   </trkpt>
   <trkpt lat="45.60065" lon="6.16326">
    <ele>1439.8700000000001</ele>
   </trkpt>
   <trkpt lat="45.60047" lon="6.16331">
    <ele>1439.1200000000001</ele>
   </trkpt>
   <trkpt lat="45.600370000000005" lon="6.16331">
    <ele>1436.0000000000002</ele>
   </trkpt>
   <trkpt lat="45.600820000000006" lon="6.163010000000001">
    <ele>1429.69</ele>
   </trkpt>
   <trkpt lat="45.600950000000005" lon="6.162960000000001">
    <ele>1427.92</ele>
   </trkpt>
   <trkpt lat="45.60116000000001" lon="6.162800000000001">
    <ele>1426.1000000000001</ele>
   </trkpt>
   <trkpt lat="45.601470000000006" lon="6.16262">
    <ele>1424.0900000000001</ele>
   </trkpt>
   <trkpt lat="45.60172" lon="6.162590000000001">
    <ele>1422.25</ele>
   </trkpt>
   <trkpt lat="45.601910000000004" lon="6.162680000000001">
    <ele>1420.89</ele>
   </trkpt>
   <trkpt lat="45.60202" lon="6.16265">
    <ele>1420.66</ele>
   </trkpt>
   <trkpt lat="45.602160000000005" lon="6.16251">
    <ele>1418.6200000000001</ele>
   </trkpt>
   <trkpt lat="45.60231" lon="6.16244">
    <ele>1417.95</ele>
   </trkpt>
   <trkpt lat="45.60289" lon="6.1623600000000005">
    <ele>1412.7200000000003</ele>
   </trkpt>
   <trkpt lat="45.60323" lon="6.16244">
    <ele>1409.58</ele>
   </trkpt>
   <trkpt lat="45.60333000000001" lon="6.16244">
    <ele>1406.4</ele>
   </trkpt>
   <trkpt lat="45.60352" lon="6.162380000000001">
    <ele>1405.0</ele>
   </trkpt>
   <trkpt lat="45.60367" lon="6.16227">
    <ele>1402.4200000000003</ele>
   </trkpt>
   <trkpt lat="45.603950000000005" lon="6.161980000000001">
    <ele>1395.3200000000002</ele>
   </trkpt>
   <trkpt lat="45.60414" lon="6.161740000000001">
    <ele>1391.49</ele>
   </trkpt>
   <trkpt lat="45.604530000000004" lon="6.161160000000001">
    <ele>1379.8000000000002</ele>
   </trkpt>
   <trkpt lat="45.60474000000001" lon="6.16101">
    <ele>1376.27</ele>
   </trkpt>
   <trkpt lat="45.604890000000005" lon="6.1609300000000005">
    <ele>1374.8300000000002</ele>
   </trkpt>
   <trkpt lat="45.60501000000001" lon="6.1609300000000005">
    <ele>1371.82</ele>
   </trkpt>
   <trkpt lat="45.60506" lon="6.16098">
    <ele>1370.5900000000001</ele>
   </trkpt>
   <trkpt lat="45.60512000000001" lon="6.160990000000001">
    <ele>1369.93</ele>
   </trkpt>
   <trkpt lat="45.605070000000005" lon="6.16077">
    <ele>1364.18</ele>
   </trkpt>
   <trkpt lat="45.60493" lon="6.16056">
    <ele>1358.77</ele>
   </trkpt>
   <trkpt lat="45.6049" lon="6.16047">
    <ele>1356.3</ele>
   </trkpt>
   <trkpt lat="45.604910000000004" lon="6.160310000000001">
    <ele>1355.3500000000001</ele>
   </trkpt>
   <trkpt lat="45.60515" lon="6.16035">
    <ele>1352.99</ele>
   </trkpt>
   <trkpt lat="45.60530000000001" lon="6.160340000000001">
    <ele>1351.8300000000002</ele>
   </trkpt>
   <trkpt lat="45.605650000000004" lon="6.160100000000001">
    <ele>1347.29</ele>
   </trkpt>
   <trkpt lat="45.60647" lon="6.1596400000000004">
    <ele>1330.3400000000001</ele>
   </trkpt>
   <trkpt lat="45.606120000000004" lon="6.1599900000000005">
    <ele>1328.0</ele>
   </trkpt>
   <trkpt lat="45.60604000000001" lon="6.16014">
    <ele>1327.0300000000002</ele>
   </trkpt>
   <trkpt lat="45.605990000000006" lon="6.16058">
    <ele>1324.5300000000002</ele>
   </trkpt>
   <trkpt lat="45.60624000000001" lon="6.160710000000001">
    <ele>1320.7600000000002</ele>
   </trkpt>
   <trkpt lat="45.60654" lon="6.160990000000001">
    <ele>1314.2</ele>
   </trkpt>
   <trkpt lat="45.606730000000006" lon="6.16122">
    <ele>1307.56</ele>
   </trkpt>
   <trkpt lat="45.60680000000001" lon="6.161390000000001">
    <ele>1301.25</ele>
   </trkpt>
   <trkpt lat="45.60678" lon="6.16155">
    <ele>1301.25</ele>
   </trkpt>
   <trkpt lat="45.60680000000001" lon="6.16171">
    <ele>1297.9</ele>
   </trkpt>
   <trkpt lat="45.606860000000005" lon="6.161910000000001">
    <ele>1295.08</ele>
   </trkpt>
   <trkpt lat="45.6069" lon="6.161980000000001">
    <ele>1293.66</ele>
   </trkpt>
   <trkpt lat="45.60699" lon="6.161980000000001">
    <ele>1292.68</ele>
   </trkpt>
   <trkpt lat="45.60762500021191" lon="6.161730002854023">
    <ele>1285.3100000000002</ele>
   </trkpt>
   <trkpt lat="45.60826" lon="6.16148">
    <ele>1280.45</ele>
   </trkpt>
   <trkpt lat="45.608470000000004" lon="6.16143">
    <ele>1277.2800000000002</ele>
   </trkpt>
   <trkpt lat="45.60875" lon="6.16148">
    <ele>1274.43</ele>
   </trkpt>
   <trkpt lat="45.60898" lon="6.161670000000001">
    <ele>1269.8600000000001</ele>
   </trkpt>
   <trkpt lat="45.60915000000001" lon="6.16194">
    <ele>1263.94</ele>
   </trkpt>
   <trkpt lat="45.60933000000001" lon="6.16213">
    <ele>1257.0100000000002</ele>
   </trkpt>
   <trkpt lat="45.60942000000001" lon="6.162120000000001">
    <ele>1257.0100000000002</ele>
   </trkpt>
   <trkpt lat="45.60962000000001" lon="6.161860000000001">
    <ele>1247.89</ele>
   </trkpt>
   <trkpt lat="45.609730000000006" lon="6.16148">
    <ele>1237.56</ele>
   </trkpt>
   <trkpt lat="45.60985" lon="6.161410000000001">
    <ele>1237.56</ele>
   </trkpt>
   <trkpt lat="45.61000000000001" lon="6.161340000000001">
    <ele>1232.45</ele>
   </trkpt>
   <trkpt lat="45.61028" lon="6.16145">
    <ele>1227.02</ele>
   </trkpt>
   <trkpt lat="45.610380000000006" lon="6.161340000000001">
    <ele>1216.75</ele>
   </trkpt>
   <trkpt lat="45.61108" lon="6.16122">
    <ele>1202.8400000000001</ele>
   </trkpt>
   <trkpt lat="45.61121000000001" lon="6.16117">
    <ele>1196.2</ele>
   </trkpt>
   <trkpt lat="45.611200000000004" lon="6.16117">
    <ele>1196.2</ele>
   </trkpt>
   <trkpt lat="45.61157" lon="6.161060000000001">
    <ele>1185.88</ele>
   </trkpt>
   <trkpt lat="45.6122" lon="6.16065">
    <ele>1170.96</ele>
   </trkpt>
   <trkpt lat="45.612570000000005" lon="6.16044">
    <ele>1157.98</ele>
   </trkpt>
   <trkpt lat="45.612750000000005" lon="6.160430000000001">
    <ele>1155.48</ele>
   </trkpt>
   <trkpt lat="45.61307" lon="6.160570000000001">
    <ele>1146.89</ele>
   </trkpt>
   <trkpt lat="45.61323" lon="6.1604600000000005">
    <ele>1139.45</ele>
   </trkpt>
   <trkpt lat="45.6135" lon="6.160500000000001">
    <ele>1128.68</ele>
   </trkpt>
   <trkpt lat="45.613780000000006" lon="6.16047">
    <ele>1120.41</ele>
   </trkpt>
   <trkpt lat="45.614090000000004" lon="6.1604">
    <ele>1111.43</ele>
   </trkpt>
   <trkpt lat="45.614180000000005" lon="6.16077">
    <ele>1102.41</ele>
   </trkpt>
   <trkpt lat="45.61437" lon="6.160990000000001">
    <ele>1089.4</ele>
   </trkpt>
   <trkpt lat="45.61449" lon="6.16103">
    <ele>1089.4</ele>
   </trkpt>
   <trkpt lat="45.614650000000005" lon="6.16094">
    <ele>1085.25</ele>
   </trkpt>
   <trkpt lat="45.61469" lon="6.1608600000000004">
    <ele>1080.1100000000001</ele>
   </trkpt>
   <trkpt lat="45.61488000000001" lon="6.16075">
    <ele>1074.23</ele>
   </trkpt>
   <trkpt lat="45.614920000000005" lon="6.1606700000000005">
    <ele>1074.23</ele>
   </trkpt>
   <trkpt lat="45.61502" lon="6.160290000000001">
    <ele>1063.08</ele>
   </trkpt>
   <trkpt lat="45.61496" lon="6.159960000000001">
    <ele>1054.71</ele>
   </trkpt>
   <trkpt lat="45.61486" lon="6.15965">
    <ele>1045.63</ele>
   </trkpt>
   <trkpt lat="45.61488000000001" lon="6.159260000000001">
    <ele>1037.14</ele>
   </trkpt>
   <trkpt lat="45.614810000000006" lon="6.15901">
    <ele>1034.5300000000002</ele>
   </trkpt>
   <trkpt lat="45.61449" lon="6.1586300000000005">
    <ele>1022.9700000000001</ele>
   </trkpt>
   <trkpt lat="45.61430000000001" lon="6.158440000000001">
    <ele>1012.0</ele>
   </trkpt>
   <trkpt lat="45.61421000000001" lon="6.158250000000001">
    <ele>1009.3700000000001</ele>
   </trkpt>
   <trkpt lat="45.61426" lon="6.158060000000001">
    <ele>1004.3600000000001</ele>
   </trkpt>
   <trkpt lat="45.61453" lon="6.157800000000001">
    <ele>996.3900000000001</ele>
   </trkpt>
   <trkpt lat="45.61464" lon="6.15772">
    <ele>992.7300000000001</ele>
   </trkpt>
   <trkpt lat="45.6148" lon="6.15765">
    <ele>987.35</ele>
   </trkpt>
   <trkpt lat="45.614920000000005" lon="6.15756">
    <ele>984.33</ele>
   </trkpt>
   <trkpt lat="45.61493" lon="6.157430000000001">
    <ele>977.7900000000001</ele>
   </trkpt>
   <trkpt lat="45.614900000000006" lon="6.157240000000001">
    <ele>974.7500000000001</ele>
   </trkpt>
   <trkpt lat="45.61496" lon="6.15704">
    <ele>971.9200000000001</ele>
   </trkpt>
   <trkpt lat="45.615080000000006" lon="6.15688">
    <ele>963.76</ele>
   </trkpt>
   <trkpt lat="45.61525" lon="6.156530000000001">
    <ele>953.5300000000001</ele>
   </trkpt>
   <trkpt lat="45.615280000000006" lon="6.1561900000000005">
    <ele>946.36</ele>
   </trkpt>
   <trkpt lat="45.615230000000004" lon="6.155950000000001">
    <ele>940.2900000000001</ele>
   </trkpt>
   <trkpt lat="45.61531" lon="6.1556500000000005">
    <ele>934.8700000000001</ele>
   </trkpt>
   <trkpt lat="45.61533000000001" lon="6.155270000000001">
    <ele>929.1600000000001</ele>
   </trkpt>
   <trkpt lat="45.6154" lon="6.1551100000000005">
    <ele>925.3800000000001</ele>
   </trkpt>
   <trkpt lat="45.615410000000004" lon="6.154710000000001">
    <ele>917.82</ele>
   </trkpt>
   <trkpt lat="45.61538" lon="6.15462">
    <ele>916.83</ele>
   </trkpt>
   <trkpt lat="45.61538" lon="6.1543600000000005">
    <ele>913.07</ele>
   </trkpt>
   <trkpt lat="45.61542" lon="6.15416">
    <ele>909.6400000000001</ele>
   </trkpt>
   <trkpt lat="45.615550000000006" lon="6.15387">
    <ele>901.7100000000002</ele>
   </trkpt>
   <trkpt lat="45.61569" lon="6.153740000000001">
    <ele>898.1800000000001</ele>
   </trkpt>
   <trkpt lat="45.61580000000001" lon="6.153740000000001">
    <ele>892.7600000000001</ele>
   </trkpt>
   <trkpt lat="45.61583" lon="6.153720000000001">
    <ele>892.7600000000001</ele>
   </trkpt>
   <trkpt lat="45.61581" lon="6.15345">
    <ele>891.0500000000001</ele>
   </trkpt>
   <trkpt lat="45.615770000000005" lon="6.153340000000001">
    <ele>889.47</ele>
   </trkpt>
   <trkpt lat="45.61585" lon="6.152920000000001">
    <ele>879.6600000000001</ele>
   </trkpt>
   <trkpt lat="45.61589" lon="6.15282">
    <ele>879.6600000000001</ele>
   </trkpt>
   <trkpt lat="45.61598" lon="6.1527400000000005">
    <ele>877.5100000000001</ele>
   </trkpt>
   <trkpt lat="45.616110000000006" lon="6.15216">
    <ele>868.5600000000001</ele>
   </trkpt>
   <trkpt lat="45.61637" lon="6.151840000000001">
    <ele>861.4000000000001</ele>
   </trkpt>
   <trkpt lat="45.61659" lon="6.1517800000000005">
    <ele>849.55</ele>
   </trkpt>
   <trkpt lat="45.616870000000006" lon="6.151770000000001">
    <ele>842.2400000000001</ele>
   </trkpt>
   <trkpt lat="45.61708" lon="6.151660000000001">
    <ele>838.46</ele>
   </trkpt>
   <trkpt lat="45.61721000000001" lon="6.15165">
    <ele>836.0400000000001</ele>
   </trkpt>
   <trkpt lat="45.61739" lon="6.1513100000000005">
    <ele>832.4</ele>
   </trkpt>
   <trkpt lat="45.61769" lon="6.150930000000001">
    <ele>823.5600000000001</ele>
   </trkpt>
   <trkpt lat="45.617850000000004" lon="6.15066">
    <ele>819.8000000000001</ele>
   </trkpt>
   <trkpt lat="45.617940000000004" lon="6.15047">
    <ele>818.1400000000001</ele>
   </trkpt>
   <trkpt lat="45.61798" lon="6.15031">
    <ele>816.6000000000001</ele>
   </trkpt>
   <trkpt lat="45.61798" lon="6.14993">
    <ele>814.7800000000001</ele>
   </trkpt>
   <trkpt lat="45.61810000227066" lon="6.149210001485402">
    <ele>809.1800000000001</ele>
   </trkpt>
   <trkpt lat="45.61822" lon="6.148490000000001">
    <ele>800.46</ele>
   </trkpt>
   <trkpt lat="45.6184" lon="6.14801">
    <ele>795.84</ele>
   </trkpt>
   <trkpt lat="45.61847" lon="6.147290000000001">
    <ele>790.5200000000001</ele>
   </trkpt>
   <trkpt lat="45.61826000000001" lon="6.14672">
    <ele>787.57</ele>
   </trkpt>
   <trkpt lat="45.61788000000001" lon="6.14646">
    <ele>784.45</ele>
   </trkpt>
   <trkpt lat="45.61777000000001" lon="6.146310000000001">
    <ele>783.8600000000001</ele>
   </trkpt>
   <trkpt lat="45.617340000000006" lon="6.145980000000001">
    <ele>781.4200000000001</ele>
   </trkpt>
   <trkpt lat="45.61724" lon="6.14594">
    <ele>781.02</ele>
   </trkpt>
   <trkpt lat="45.6173" lon="6.1453500000000005">
    <ele>778.83</ele>
   </trkpt>
   <trkpt lat="45.61739" lon="6.144850000000001">
    <ele>778.61</ele>
   </trkpt>
   <trkpt lat="45.617630000000005" lon="6.144050000000001">
    <ele>777.8000000000001</ele>
   </trkpt>
   <trkpt lat="45.61769" lon="6.143960000000001">
    <ele>778.02</ele>
   </trkpt>
   <trkpt lat="45.617940000000004" lon="6.143840000000001">
    <ele>779.2800000000001</ele>
   </trkpt>
   <trkpt lat="45.618050000000004" lon="6.143730000000001">
    <ele>780.36</ele>
   </trkpt>
   <trkpt lat="45.618140000000004" lon="6.14355">
    <ele>782.49</ele>
   </trkpt>
   <trkpt lat="45.6182" lon="6.14336">
    <ele>783.84</ele>
   </trkpt>
   <trkpt lat="45.61855000177217" lon="6.142720004021642">
    <ele>801.03</ele>
   </trkpt>
   <trkpt lat="45.618900000000004" lon="6.142080000000001">
    <ele>812.47</ele>
   </trkpt>
   <trkpt lat="45.61903" lon="6.1419500000000005">
    <ele>815.47</ele>
   </trkpt>
   <trkpt lat="45.619110000000006" lon="6.14193">
    <ele>820.2900000000001</ele>
   </trkpt>
   <trkpt lat="45.619260000000004" lon="6.141830000000001">
    <ele>828.1800000000001</ele>
   </trkpt>
   <trkpt lat="45.619730000000004" lon="6.14193">
    <ele>844.57</ele>
   </trkpt>
   <trkpt lat="45.61979" lon="6.14191">
    <ele>844.57</ele>
   </trkpt>
   <trkpt lat="45.61995" lon="6.1416900000000005">
    <ele>863.1700000000001</ele>
   </trkpt>
   <trkpt lat="45.62003000000001" lon="6.14165">
    <ele>863.1700000000001</ele>
   </trkpt>
   <trkpt lat="45.62015" lon="6.1416900000000005">
    <ele>867.0500000000001</ele>
   </trkpt>
   <trkpt lat="45.62026" lon="6.141800000000001">
    <ele>871.04</ele>
   </trkpt>
   <trkpt lat="45.62035" lon="6.14181">
    <ele>871.04</ele>
   </trkpt>
   <trkpt lat="45.62041000000001" lon="6.141780000000001">
    <ele>871.04</ele>
   </trkpt>
   <trkpt lat="45.62044" lon="6.1416900000000005">
    <ele>882.2500000000001</ele>
   </trkpt>
   <trkpt lat="45.62042" lon="6.141450000000001">
    <ele>882.2500000000001</ele>
   </trkpt>
   <trkpt lat="45.62031" lon="6.1406600000000005">
    <ele>898.6500000000001</ele>
   </trkpt>
   <trkpt lat="45.620360000000005" lon="6.14059">
    <ele>903.02</ele>
   </trkpt>
   <trkpt lat="45.620450000000005" lon="6.140560000000001">
    <ele>904.5500000000001</ele>
   </trkpt>
   <trkpt lat="45.62078" lon="6.140720000000001">
    <ele>917.61</ele>
   </trkpt>
   <trkpt lat="45.620850000000004" lon="6.14069">
    <ele>921.0</ele>
   </trkpt>
   <trkpt lat="45.62095" lon="6.140530000000001">
    <ele>928.0400000000001</ele>
   </trkpt>
   <trkpt lat="45.62106000000001" lon="6.1404700000000005">
    <ele>931.49</ele>
   </trkpt>
   <trkpt lat="45.62142" lon="6.1404700000000005">
    <ele>944.0500000000001</ele>
   </trkpt>
   <trkpt lat="45.621590000000005" lon="6.14052">
    <ele>950.74</ele>
   </trkpt>
   <trkpt lat="45.62174" lon="6.140630000000001">
    <ele>954.82</ele>
   </trkpt>
   <trkpt lat="45.621840000000006" lon="6.1406600000000005">
    <ele>957.8000000000001</ele>
   </trkpt>
   <trkpt lat="45.62187" lon="6.1404700000000005">
    <ele>960.97</ele>
   </trkpt>
   <trkpt lat="45.621900000000004" lon="6.1400500000000005">
    <ele>975.9700000000001</ele>
   </trkpt>
   <trkpt lat="45.621840000000006" lon="6.13961">
    <ele>983.4200000000001</ele>
   </trkpt>
   <trkpt lat="45.621750000000006" lon="6.13937">
    <ele>988.5600000000001</ele>
   </trkpt>
   <trkpt lat="45.621570000000006" lon="6.13914">
    <ele>995.89</ele>
   </trkpt>
   <trkpt lat="45.621210000000005" lon="6.138490000000001">
    <ele>1012.1</ele>
   </trkpt>
   <trkpt lat="45.62111" lon="6.138170000000001">
    <ele>1026.44</ele>
   </trkpt>
   <trkpt lat="45.621080000000006" lon="6.13797">
    <ele>1026.44</ele>
   </trkpt>
   <trkpt lat="45.621010000000005" lon="6.1376800000000005">
    <ele>1035.29</ele>
   </trkpt>
   <trkpt lat="45.620920000000005" lon="6.13757">
    <ele>1036.57</ele>
   </trkpt>
   <trkpt lat="45.620810000000006" lon="6.13733">
    <ele>1042.57</ele>
   </trkpt>
   <trkpt lat="45.620630000000006" lon="6.137040000000001">
    <ele>1053.69</ele>
   </trkpt>
   <trkpt lat="45.62050000000001" lon="6.136730000000001">
    <ele>1056.27</ele>
   </trkpt>
   <trkpt lat="45.620340000000006" lon="6.13642">
    <ele>1064.6200000000001</ele>
   </trkpt>
   <trkpt lat="45.62008" lon="6.13604">
    <ele>1082.74</ele>
   </trkpt>
   <trkpt lat="45.619980000000005" lon="6.13576">
    <ele>1087.1000000000001</ele>
   </trkpt>
   <trkpt lat="45.619870000000006" lon="6.135610000000001">
    <ele>1090.8300000000002</ele>
   </trkpt>
   <trkpt lat="45.61954" lon="6.13532">
    <ele>1100.47</ele>
   </trkpt>
   <trkpt lat="45.6193" lon="6.135160000000001">
    <ele>1107.19</ele>
   </trkpt>
   <trkpt lat="45.61928" lon="6.13513">
    <ele>1107.19</ele>
   </trkpt>
   <trkpt lat="45.619310000000006" lon="6.135090000000001">
    <ele>1107.19</ele>
   </trkpt>
   <trkpt lat="45.619400000000006" lon="6.13508">
    <ele>1108.96</ele>
   </trkpt>
   <trkpt lat="45.61957" lon="6.1349800000000005">
    <ele>1111.39</ele>
   </trkpt>
   <trkpt lat="45.61974" lon="6.135000000000001">
    <ele>1115.07</ele>
   </trkpt>
   <trkpt lat="45.61979" lon="6.1349800000000005">
    <ele>1115.07</ele>
   </trkpt>
   <trkpt lat="45.61981" lon="6.13492">
    <ele>1115.07</ele>
   </trkpt>
   <trkpt lat="45.61979" lon="6.134860000000001">
    <ele>1120.14</ele>
   </trkpt>
   <trkpt lat="45.619530000000005" lon="6.134720000000001">
    <ele>1122.95</ele>
   </trkpt>
   <trkpt lat="45.61936" lon="6.134550000000001">
    <ele>1129.5000000000002</ele>
   </trkpt>
   <trkpt lat="45.619110000000006" lon="6.1341">
    <ele>1149.9</ele>
   </trkpt>
   <trkpt lat="45.61901" lon="6.13386">
    <ele>1149.9</ele>
   </trkpt>
   <trkpt lat="45.61876" lon="6.133050000000001">
    <ele>1170.53</ele>
   </trkpt>
   <trkpt lat="45.61862000000001" lon="6.132770000000001">
    <ele>1177.01</ele>
   </trkpt>
   <trkpt lat="45.61863" lon="6.132720000000001">
    <ele>1177.01</ele>
   </trkpt>
   <trkpt lat="45.61871000000001" lon="6.132720000000001">
    <ele>1178.93</ele>
   </trkpt>
   <trkpt lat="45.619020000000006" lon="6.13292">
    <ele>1185.38</ele>
   </trkpt>
   <trkpt lat="45.61936" lon="6.13311">
    <ele>1191.7300000000002</ele>
   </trkpt>
   <trkpt lat="45.61939" lon="6.13311">
    <ele>1191.7300000000002</ele>
   </trkpt>
   <trkpt lat="45.61939" lon="6.13306">
    <ele>1191.7300000000002</ele>
   </trkpt>
   <trkpt lat="45.619350000000004" lon="6.1330100000000005">
    <ele>1194.5800000000002</ele>
   </trkpt>
   <trkpt lat="45.61905" lon="6.13245">
    <ele>1201.5900000000001</ele>
   </trkpt>
   <trkpt lat="45.619020000000006" lon="6.13238">
    <ele>1208.31</ele>
   </trkpt>
   <trkpt lat="45.61903" lon="6.1323300000000005">
    <ele>1208.31</ele>
   </trkpt>
   <trkpt lat="45.619060000000005" lon="6.132320000000001">
    <ele>1208.31</ele>
   </trkpt>
   <trkpt lat="45.61918000000001" lon="6.132420000000001">
    <ele>1210.3600000000001</ele>
   </trkpt>
   <trkpt lat="45.61939" lon="6.132490000000001">
    <ele>1216.29</ele>
   </trkpt>
   <trkpt lat="45.61968" lon="6.13255">
    <ele>1222.02</ele>
   </trkpt>
   <trkpt lat="45.61994000000001" lon="6.132490000000001">
    <ele>1229.0</ele>
   </trkpt>
   <trkpt lat="45.6201" lon="6.13238">
    <ele>1230.69</ele>
   </trkpt>
   <trkpt lat="45.620250000000006" lon="6.1323300000000005">
    <ele>1233.96</ele>
   </trkpt>
   <trkpt lat="45.62079000000001" lon="6.13241">
    <ele>1247.19</ele>
   </trkpt>
   <trkpt lat="45.620960000000004" lon="6.1324000000000005">
    <ele>1251.21</ele>
   </trkpt>
   <trkpt lat="45.621050000000004" lon="6.132350000000001">
    <ele>1254.5600000000002</ele>
   </trkpt>
   <trkpt lat="45.62122" lon="6.13229">
    <ele>1258.92</ele>
   </trkpt>
   <trkpt lat="45.621210000000005" lon="6.132230000000001">
    <ele>1258.92</ele>
   </trkpt>
   <trkpt lat="45.62116" lon="6.1321900000000005">
    <ele>1260.0500000000002</ele>
   </trkpt>
   <trkpt lat="45.621140000000004" lon="6.132140000000001">
    <ele>1260.0500000000002</ele>
   </trkpt>
   <trkpt lat="45.621100000000006" lon="6.131830000000001">
    <ele>1267.44</ele>
   </trkpt>
   <trkpt lat="45.62116" lon="6.1319300000000005">
    <ele>1268.0500000000002</ele>
   </trkpt>
   <trkpt lat="45.62126000000001" lon="6.13198">
    <ele>1269.1000000000001</ele>
   </trkpt>
   <trkpt lat="45.621840000000006" lon="6.131970000000001">
    <ele>1288.24</ele>
   </trkpt>
   <trkpt lat="45.62187" lon="6.131830000000001">
    <ele>1290.48</ele>
   </trkpt>
   <trkpt lat="45.62209000000001" lon="6.132110000000001">
    <ele>1291.8500000000001</ele>
   </trkpt>
   <trkpt lat="45.62267000000001" lon="6.13245">
    <ele>1292.5300000000002</ele>
   </trkpt>
   <trkpt lat="45.62292" lon="6.13245">
    <ele>1296.63</ele>
   </trkpt>
   <trkpt lat="45.62337000048896" lon="6.132764997510851">
    <ele>1298.38</ele>
   </trkpt>
   <trkpt lat="45.62382" lon="6.1330800000000005">
    <ele>1302.8700000000001</ele>
   </trkpt>
   <trkpt lat="45.62417000000001" lon="6.13337">
    <ele>1312.7600000000002</ele>
   </trkpt>
   <trkpt lat="45.62451" lon="6.133800000000001">
    <ele>1320.3700000000001</ele>
   </trkpt>
   <trkpt lat="45.624700000000004" lon="6.133920000000001">
    <ele>1322.78</ele>
   </trkpt>
   <trkpt lat="45.625350000000005" lon="6.134390000000001">
    <ele>1331.91</ele>
   </trkpt>
   <trkpt lat="45.62604" lon="6.135040000000001">
    <ele>1343.82</ele>
   </trkpt>
   <trkpt lat="45.626540000000006" lon="6.13532">
    <ele>1353.94</ele>
   </trkpt>
   <trkpt lat="45.626920000572795" lon="6.135664997709879">
    <ele>1355.97</ele>
   </trkpt>
   <trkpt lat="45.627300000000005" lon="6.136010000000001">
    <ele>1357.6200000000001</ele>
   </trkpt>
   <trkpt lat="45.62745" lon="6.13611">
    <ele>1356.2200000000003</ele>
   </trkpt>
   <trkpt lat="45.6278" lon="6.1362000000000005">
    <ele>1356.8</ele>
   </trkpt>
   <trkpt lat="45.62830500092117" lon="6.1366199963422075">
    <ele>1359.6200000000001</ele>
   </trkpt>
   <trkpt lat="45.62881" lon="6.137040000000001">
    <ele>1361.66</ele>
   </trkpt>
   <trkpt lat="45.62936000056638" lon="6.137369996816652">
    <ele>1358.46</ele>
   </trkpt>
   <trkpt lat="45.62991" lon="6.137700000000001">
    <ele>1349.25</ele>
   </trkpt>
   <trkpt lat="45.63009" lon="6.13776">
    <ele>1347.15</ele>
   </trkpt>
   <trkpt lat="45.630210000000005" lon="6.1379">
    <ele>1346.15</ele>
   </trkpt>
   <trkpt lat="45.630390000000006" lon="6.138260000000001">
    <ele>1348.95</ele>
   </trkpt>
   <trkpt lat="45.63053" lon="6.13839">
    <ele>1350.3500000000001</ele>
   </trkpt>
   <trkpt lat="45.63115000078459" lon="6.138819995228043">
    <ele>1355.7700000000002</ele>
   </trkpt>
   <trkpt lat="45.63177" lon="6.1392500000000005">
    <ele>1360.36</ele>
   </trkpt>
   <trkpt lat="45.631870000000006" lon="6.1393">
    <ele>1360.26</ele>
   </trkpt>
   <trkpt lat="45.632020000000004" lon="6.1393200000000006">
    <ele>1359.41</ele>
   </trkpt>
   <trkpt lat="45.63248499988253" lon="6.1393200000000006">
    <ele>1358.2900000000002</ele>
   </trkpt>
   <trkpt lat="45.63295" lon="6.1393200000000006">
    <ele>1356.17</ele>
   </trkpt>
   <trkpt lat="45.63333" lon="6.139360000000001">
    <ele>1351.8300000000002</ele>
   </trkpt>
   <trkpt lat="45.63379000007941" lon="6.139469999103473">
    <ele>1349.89</ele>
   </trkpt>
   <trkpt lat="45.63425" lon="6.1395800000000005">
    <ele>1348.1000000000001</ele>
   </trkpt>
   <trkpt lat="45.63441" lon="6.13952">
    <ele>1347.58</ele>
   </trkpt>
   <trkpt lat="45.634510000000006" lon="6.139550000000001">
    <ele>1347.4</ele>
   </trkpt>
   <trkpt lat="45.634800000000006" lon="6.13959">
    <ele>1345.75</ele>
   </trkpt>
   <trkpt lat="45.63494" lon="6.139570000000001">
    <ele>1345.45</ele>
   </trkpt>
   <trkpt lat="45.6351" lon="6.13947">
    <ele>1346.18</ele>
   </trkpt>
   <trkpt lat="45.63561000000001" lon="6.138960000000001">
    <ele>1349.3600000000001</ele>
   </trkpt>
   <trkpt lat="45.63608000000001" lon="6.138540000000001">
    <ele>1357.9800000000002</ele>
   </trkpt>
   <trkpt lat="45.636300000000006" lon="6.1382900000000005">
    <ele>1360.5900000000001</ele>
   </trkpt>
   <trkpt lat="45.63646000000001" lon="6.138000000000001">
    <ele>1367.75</ele>
   </trkpt>
   <trkpt lat="45.636810000000004" lon="6.13754">
    <ele>1377.15</ele>
   </trkpt>
   <trkpt lat="45.63691" lon="6.13733">
    <ele>1383.13</ele>
   </trkpt>
   <trkpt lat="45.637370000000004" lon="6.136830000000001">
    <ele>1392.74</ele>
   </trkpt>
   <trkpt lat="45.637550000000005" lon="6.13654">
    <ele>1392.0800000000002</ele>
   </trkpt>
   <trkpt lat="45.63785" lon="6.136410000000001">
    <ele>1392.4800000000002</ele>
   </trkpt>
   <trkpt lat="45.637930000000004" lon="6.136410000000001">
    <ele>1392.9900000000002</ele>
   </trkpt>
   <trkpt lat="45.638000000000005" lon="6.1364600000000005">
    <ele>1394.3</ele>
   </trkpt>
   <trkpt lat="45.63832" lon="6.136450000000001">
    <ele>1400.2700000000002</ele>
   </trkpt>
   <trkpt lat="45.638560000000005" lon="6.136410000000001">
    <ele>1407.8000000000002</ele>
   </trkpt>
   <trkpt lat="45.638650000000005" lon="6.136380000000001">
    <ele>1407.8000000000002</ele>
   </trkpt>
   <trkpt lat="45.638690000000004" lon="6.136270000000001">
    <ele>1410.71</ele>
   </trkpt>
   <trkpt lat="45.638670000000005" lon="6.1360600000000005">
    <ele>1412.89</ele>
   </trkpt>
   <trkpt lat="45.63861000000001" lon="6.135750000000001">
    <ele>1414.8200000000002</ele>
   </trkpt>
   <trkpt lat="45.63848" lon="6.13536">
    <ele>1414.2</ele>
   </trkpt>
   <trkpt lat="45.638130000000004" lon="6.13454">
    <ele>1409.0500000000002</ele>
   </trkpt>
   <trkpt lat="45.638110000000005" lon="6.13433">
    <ele>1407.17</ele>
   </trkpt>
   <trkpt lat="45.63812" lon="6.1341">
    <ele>1402.15</ele>
   </trkpt>
   <trkpt lat="45.638160000000006" lon="6.13389">
    <ele>1400.0100000000002</ele>
   </trkpt>
   <trkpt lat="45.63817" lon="6.1336">
    <ele>1398.65</ele>
   </trkpt>
   <trkpt lat="45.63815" lon="6.133500000000001">
    <ele>1398.7200000000003</ele>
   </trkpt>
   <trkpt lat="45.63806" lon="6.133330000000001">
    <ele>1399.79</ele>
   </trkpt>
   <trkpt lat="45.638110000000005" lon="6.13231">
    <ele>1414.77</ele>
   </trkpt>
   <trkpt lat="45.63815" lon="6.13224">
    <ele>1419.25</ele>
   </trkpt>
   <trkpt lat="45.63815" lon="6.1322">
    <ele>1419.25</ele>
   </trkpt>
   <trkpt lat="45.638090000000005" lon="6.132140000000001">
    <ele>1420.68</ele>
   </trkpt>
   <trkpt lat="45.6381" lon="6.13203">
    <ele>1424.56</ele>
   </trkpt>
   <trkpt lat="45.638070000000006" lon="6.1314">
    <ele>1434.88</ele>
   </trkpt>
   <trkpt lat="45.638000000000005" lon="6.131030000000001">
    <ele>1439.98</ele>
   </trkpt>
   <trkpt lat="45.63792" lon="6.130770000000001">
    <ele>1443.99</ele>
   </trkpt>
   <trkpt lat="45.63792" lon="6.13039">
    <ele>1447.2900000000002</ele>
   </trkpt>
   <trkpt lat="45.637950000000004" lon="6.129910000000001">
    <ele>1459.06</ele>
   </trkpt>
   <trkpt lat="45.63799" lon="6.129600000000001">
    <ele>1466.7</ele>
   </trkpt>
   <trkpt lat="45.638110000000005" lon="6.128950000000001">
    <ele>1476.1000000000001</ele>
   </trkpt>
   <trkpt lat="45.638220000000004" lon="6.128550000000001">
    <ele>1481.0200000000002</ele>
   </trkpt>
   <trkpt lat="45.638540000000006" lon="6.128010000000001">
    <ele>1493.0100000000002</ele>
   </trkpt>
   <trkpt lat="45.63913" lon="6.127560000000001">
    <ele>1512.78</ele>
   </trkpt>
   <trkpt lat="45.63922" lon="6.12746">
    <ele>1514.1000000000001</ele>
   </trkpt>
   <trkpt lat="45.63931" lon="6.1274500000000005">
    <ele>1516.8600000000001</ele>
   </trkpt>
   <trkpt lat="45.639480000000006" lon="6.1273100000000005">
    <ele>1528.3700000000001</ele>
   </trkpt>
   <trkpt lat="45.639630000000004" lon="6.12725">
    <ele>1528.3700000000001</ele>
   </trkpt>
   <trkpt lat="45.639860000000006" lon="6.12703">
    <ele>1537.3500000000001</ele>
   </trkpt>
   <trkpt lat="45.640240000000006" lon="6.126760000000001">
    <ele>1551.66</ele>
   </trkpt>
   <trkpt lat="45.64027" lon="6.12666">
    <ele>1551.66</ele>
   </trkpt>
   <trkpt lat="45.640440000000005" lon="6.12649">
    <ele>1564.0500000000002</ele>
   </trkpt>
   <trkpt lat="45.640550000000005" lon="6.1262300000000005">
    <ele>1572.6200000000001</ele>
   </trkpt>
   <trkpt lat="45.64054" lon="6.12607">
    <ele>1575.01</ele>
   </trkpt>
   <trkpt lat="45.640890000000006" lon="6.12605">
    <ele>1582.71</ele>
   </trkpt>
   <trkpt lat="45.641070000000006" lon="6.125900000000001">
    <ele>1592.74</ele>
   </trkpt>
   <trkpt lat="45.64094" lon="6.12572">
    <ele>1592.74</ele>
   </trkpt>
   <trkpt lat="45.64077" lon="6.125360000000001">
    <ele>1602.8500000000001</ele>
   </trkpt>
   <trkpt lat="45.640710000000006" lon="6.12506">
    <ele>1608.41</ele>
   </trkpt>
   <trkpt lat="45.64056" lon="6.124820000000001">
    <ele>1615.8500000000001</ele>
   </trkpt>
   <trkpt lat="45.640350000000005" lon="6.1247300000000005">
    <ele>1620.5500000000002</ele>
   </trkpt>
   <trkpt lat="45.640190000000004" lon="6.124600000000001">
    <ele>1624.8600000000001</ele>
   </trkpt>
   <trkpt lat="45.639950000000006" lon="6.12445">
    <ele>1628.3200000000002</ele>
   </trkpt>
   <trkpt lat="45.63993000000001" lon="6.124420000000001">
    <ele>1628.2800000000002</ele>
   </trkpt>
   <trkpt lat="45.63991" lon="6.1241">
    <ele>1625.63</ele>
   </trkpt>
   <trkpt lat="45.63993000000001" lon="6.12403">
    <ele>1625.0900000000001</ele>
   </trkpt>
   <trkpt lat="45.63991" lon="6.123880000000001">
    <ele>1623.65</ele>
   </trkpt>
   <trkpt lat="45.63991" lon="6.12316">
    <ele>1617.19</ele>
   </trkpt>
   <trkpt lat="45.63993000000001" lon="6.122870000000001">
    <ele>1614.88</ele>
   </trkpt>
   <trkpt lat="45.639990000000004" lon="6.12262">
    <ele>1614.1900000000003</ele>
   </trkpt>
   <trkpt lat="45.639970000000005" lon="6.122520000000001">
    <ele>1614.18</ele>
   </trkpt>
   <trkpt lat="45.639880000000005" lon="6.12239">
    <ele>1614.71</ele>
   </trkpt>
   <trkpt lat="45.63983" lon="6.12225">
    <ele>1615.7400000000002</ele>
   </trkpt>
   <trkpt lat="45.63962" lon="6.121530000000001">
    <ele>1621.1700000000003</ele>
   </trkpt>
   <trkpt lat="45.63965" lon="6.1213500000000005">
    <ele>1622.51</ele>
   </trkpt>
   <trkpt lat="45.639610000000005" lon="6.12119">
    <ele>1624.1000000000001</ele>
   </trkpt>
   <trkpt lat="45.63962" lon="6.12108">
    <ele>1624.6100000000001</ele>
   </trkpt>
   <trkpt lat="45.639570000000006" lon="6.12101">
    <ele>1625.49</ele>
   </trkpt>
   <trkpt lat="45.63955000000001" lon="6.12091">
    <ele>1626.23</ele>
   </trkpt>
   <trkpt lat="45.639500000000005" lon="6.12084">
    <ele>1626.63</ele>
   </trkpt>
   <trkpt lat="45.639480000000006" lon="6.12075">
    <ele>1627.7100000000003</ele>
   </trkpt>
   <trkpt lat="45.639390000000006" lon="6.12063">
    <ele>1629.3300000000002</ele>
   </trkpt>
   <trkpt lat="45.63935" lon="6.1205300000000005">
    <ele>1632.3</ele>
   </trkpt>
   <trkpt lat="45.63927" lon="6.12044">
    <ele>1633.16</ele>
   </trkpt>
   <trkpt lat="45.63924" lon="6.12032">
    <ele>1635.2300000000002</ele>
   </trkpt>
   <trkpt lat="45.63909" lon="6.1204">
    <ele>1637.66</ele>
   </trkpt>
   <trkpt lat="45.63895" lon="6.12037">
    <ele>1640.7600000000002</ele>
   </trkpt>
   <trkpt lat="45.63886" lon="6.120380000000001">
    <ele>1643.1100000000001</ele>
   </trkpt>
   <trkpt lat="45.63868" lon="6.12032">
    <ele>1648.19</ele>
   </trkpt>
   <trkpt lat="45.638470000000005" lon="6.120010000000001">
    <ele>1654.03</ele>
   </trkpt>
   <trkpt lat="45.63841" lon="6.11983">
    <ele>1655.13</ele>
   </trkpt>
   <trkpt lat="45.638400000000004" lon="6.119680000000001">
    <ele>1658.22</ele>
   </trkpt>
   <trkpt lat="45.63846" lon="6.119260000000001">
    <ele>1660.73</ele>
   </trkpt>
   <trkpt lat="45.63852000000001" lon="6.11941">
    <ele>1661.99</ele>
   </trkpt>
   <trkpt lat="45.63855" lon="6.119400000000001">
    <ele>1662.3600000000001</ele>
   </trkpt>
   <trkpt lat="45.63855" lon="6.11932">
    <ele>1662.3600000000001</ele>
   </trkpt>
   <trkpt lat="45.6385" lon="6.119140000000001">
    <ele>1663.5700000000002</ele>
   </trkpt>
   <trkpt lat="45.6385" lon="6.119000000000001">
    <ele>1664.1100000000001</ele>
   </trkpt>
   <trkpt lat="45.638580000000005" lon="6.118060000000001">
    <ele>1667.5400000000002</ele>
   </trkpt>
   <trkpt lat="45.63874500216506" lon="6.117355002089209">
    <ele>1669.71</ele>
   </trkpt>
   <trkpt lat="45.63891" lon="6.116650000000001">
    <ele>1673.24</ele>
   </trkpt>
   <trkpt lat="45.63895" lon="6.116420000000001">
    <ele>1673.9700000000003</ele>
   </trkpt>
   <trkpt lat="45.63897" lon="6.11575">
    <ele>1680.3700000000001</ele>
   </trkpt>
   <trkpt lat="45.63895" lon="6.1152500000000005">
    <ele>1686.66</ele>
   </trkpt>
   <trkpt lat="45.63886" lon="6.11498">
    <ele>1690.25</ele>
   </trkpt>
   <trkpt lat="45.638650000000005" lon="6.114490000000001">
    <ele>1698.8400000000001</ele>
   </trkpt>
   <trkpt lat="45.638630000000006" lon="6.1143600000000005">
    <ele>1698.8400000000001</ele>
   </trkpt>
   <trkpt lat="45.63868" lon="6.114330000000001">
    <ele>1699.78</ele>
   </trkpt>
   <trkpt lat="45.638690000000004" lon="6.114350000000001">
    <ele>1700.8400000000001</ele>
   </trkpt>
   <trkpt lat="45.63868" lon="6.114400000000001">
    <ele>1700.8400000000001</ele>
   </trkpt>
   <trkpt lat="45.638720000000006" lon="6.114400000000001">
    <ele>1702.05</ele>
   </trkpt>
   <trkpt lat="45.638920000000006" lon="6.114520000000001">
    <ele>1709.69</ele>
   </trkpt>
   <trkpt lat="45.639100000000006" lon="6.1146">
    <ele>1716.35</ele>
   </trkpt>
   <trkpt lat="45.63933" lon="6.114750000000001">
    <ele>1723.6100000000001</ele>
   </trkpt>
   <trkpt lat="45.63942" lon="6.114750000000001">
    <ele>1733.33</ele>
   </trkpt>
   <trkpt lat="45.63947" lon="6.114820000000001">
    <ele>1733.33</ele>
   </trkpt>
   <trkpt lat="45.639520000000005" lon="6.11479">
    <ele>1737.3500000000001</ele>
   </trkpt>
   <trkpt lat="45.639570000000006" lon="6.114820000000001">
    <ele>1741.65</ele>
   </trkpt>
   <trkpt lat="45.6396" lon="6.11481">
    <ele>1741.65</ele>
   </trkpt>
   <trkpt lat="45.63974" lon="6.114990000000001">
    <ele>1748.7800000000002</ele>
   </trkpt>
   <trkpt lat="45.63991" lon="6.115080000000001">
    <ele>1761.21</ele>
   </trkpt>
   <trkpt lat="45.640100000000004" lon="6.115">
    <ele>1771.67</ele>
   </trkpt>
   <trkpt lat="45.640080000000005" lon="6.11512">
    <ele>1773.8600000000001</ele>
   </trkpt>
   <trkpt lat="45.64009" lon="6.115170000000001">
    <ele>1773.8600000000001</ele>
   </trkpt>
   <trkpt lat="45.640150000000006" lon="6.115130000000001">
    <ele>1780.73</ele>
   </trkpt>
   <trkpt lat="45.640150000000006" lon="6.1153200000000005">
    <ele>1787.0800000000002</ele>
   </trkpt>
   <trkpt lat="45.64020000000001" lon="6.1153200000000005">
    <ele>1787.0800000000002</ele>
   </trkpt>
   <trkpt lat="45.64022000000001" lon="6.11528">
    <ele>1787.0800000000002</ele>
   </trkpt>
   <trkpt lat="45.640370000000004" lon="6.1153">
    <ele>1797.2400000000002</ele>
   </trkpt>
   <trkpt lat="45.64034" lon="6.11556">
    <ele>1808.8700000000001</ele>
   </trkpt>
   <trkpt lat="45.640510000000006" lon="6.115570000000001">
    <ele>1813.68</ele>
   </trkpt>
   <trkpt lat="45.640510000000006" lon="6.1156500000000005">
    <ele>1813.68</ele>
   </trkpt>
   <trkpt lat="45.64059" lon="6.11573">
    <ele>1813.68</ele>
   </trkpt>
   <trkpt lat="45.64058000000001" lon="6.11577">
    <ele>1836.17</ele>
   </trkpt>
   <trkpt lat="45.640620000000006" lon="6.1157900000000005">
    <ele>1836.17</ele>
   </trkpt>
   <trkpt lat="45.64067000000001" lon="6.115780000000001">
    <ele>1836.17</ele>
   </trkpt>
   <trkpt lat="45.640660000000004" lon="6.1158600000000005">
    <ele>1836.17</ele>
   </trkpt>
   <trkpt lat="45.640730000000005" lon="6.115880000000001">
    <ele>1836.17</ele>
   </trkpt>
   <trkpt lat="45.640750000000004" lon="6.11591">
    <ele>1840.8300000000002</ele>
   </trkpt>
   <trkpt lat="45.640730000000005" lon="6.11594">
    <ele>1840.8300000000002</ele>
   </trkpt>
   <trkpt lat="45.64078000000001" lon="6.115950000000001">
    <ele>1845.2400000000002</ele>
   </trkpt>
   <trkpt lat="45.640800000000006" lon="6.115990000000001">
    <ele>1845.2400000000002</ele>
   </trkpt>
   <trkpt lat="45.64101" lon="6.11608">
    <ele>1855.7</ele>
   </trkpt>
   <trkpt lat="45.64103" lon="6.116160000000001">
    <ele>1855.7</ele>
   </trkpt>
   <trkpt lat="45.641110000000005" lon="6.1162">
    <ele>1861.5400000000002</ele>
   </trkpt>
   <trkpt lat="45.64114000000001" lon="6.116250000000001">
    <ele>1861.5400000000002</ele>
   </trkpt>
   <trkpt lat="45.641310000000004" lon="6.11643">
    <ele>1872.5900000000001</ele>
   </trkpt>
   <trkpt lat="45.641400000000004" lon="6.116490000000001">
    <ele>1874.21</ele>
   </trkpt>
   <trkpt lat="45.64144" lon="6.1165400000000005">
    <ele>1878.75</ele>
   </trkpt>
   <trkpt lat="45.64166" lon="6.11669">
    <ele>1886.2</ele>
   </trkpt>
   <trkpt lat="45.64172000000001" lon="6.11681">
    <ele>1895.3500000000001</ele>
   </trkpt>
   <trkpt lat="45.641670000000005" lon="6.11695">
    <ele>1895.3500000000001</ele>
   </trkpt>
   <trkpt lat="45.64170000000001" lon="6.1170100000000005">
    <ele>1904.0100000000002</ele>
   </trkpt>
   <trkpt lat="45.64175" lon="6.11704">
    <ele>1904.0100000000002</ele>
   </trkpt>
   <trkpt lat="45.641740000000006" lon="6.117140000000001">
    <ele>1904.0100000000002</ele>
   </trkpt>
   <trkpt lat="45.642030000000005" lon="6.1174800000000005">
    <ele>1924.8100000000002</ele>
   </trkpt>
   <trkpt lat="45.64228000000001" lon="6.117610000000001">
    <ele>1934.68</ele>
   </trkpt>
   <trkpt lat="45.642360000000004" lon="6.1177600000000005">
    <ele>1942.6200000000001</ele>
   </trkpt>
   <trkpt lat="45.6426" lon="6.11786">
    <ele>1951.8400000000001</ele>
   </trkpt>
   <trkpt lat="45.64267" lon="6.117850000000001">
    <ele>1951.8400000000001</ele>
   </trkpt>
   <trkpt lat="45.64274" lon="6.117900000000001">
    <ele>1957.6000000000001</ele>
   </trkpt>
   <trkpt lat="45.64275000000001" lon="6.117990000000001">
    <ele>1961.3200000000002</ele>
   </trkpt>
   <trkpt lat="45.642830000000004" lon="6.117970000000001">
    <ele>1963.0700000000002</ele>
   </trkpt>
   <trkpt lat="45.642860000000006" lon="6.11803">
    <ele>1966.3500000000001</ele>
   </trkpt>
   <trkpt lat="45.642970000000005" lon="6.11812">
    <ele>1970.94</ele>
   </trkpt>
   <trkpt lat="45.643100000000004" lon="6.11819">
    <ele>1973.7900000000002</ele>
   </trkpt>
   <trkpt lat="45.64363" lon="6.118320000000001">
    <ele>1985.2</ele>
   </trkpt>
   <trkpt lat="45.64378000000001" lon="6.118460000000001">
    <ele>1989.8000000000002</ele>
   </trkpt>
   <trkpt lat="45.64383" lon="6.118480000000001">
    <ele>1989.8000000000002</ele>
   </trkpt>
   <trkpt lat="45.64385" lon="6.118580000000001">
    <ele>1997.03</ele>
   </trkpt>
   <trkpt lat="45.643950000000004" lon="6.11864">
    <ele>1998.5100000000002</ele>
   </trkpt>
   <trkpt lat="45.64405000000001" lon="6.1187700000000005">
    <ele>2003.12</ele>
   </trkpt>
   <trkpt lat="45.64412" lon="6.11901">
    <ele>2007.2900000000002</ele>
   </trkpt>
   <trkpt lat="45.644360000000006" lon="6.119160000000001">
    <ele>2016.9800000000002</ele>
   </trkpt>
   <trkpt lat="45.64435" lon="6.11915">
    <ele>2016.69</ele>
   </trkpt>
   <trkpt lat="45.64412" lon="6.11901">
    <ele>2007.2900000000002</ele>
   </trkpt>
   <trkpt lat="45.64405000000001" lon="6.1187700000000005">
    <ele>2003.12</ele>
   </trkpt>
   <trkpt lat="45.643950000000004" lon="6.11864">
    <ele>1998.5100000000002</ele>
   </trkpt>
   <trkpt lat="45.64385" lon="6.118580000000001">
    <ele>1997.03</ele>
   </trkpt>
   <trkpt lat="45.64383" lon="6.118480000000001">
    <ele>1989.8000000000002</ele>
   </trkpt>
   <trkpt lat="45.64378000000001" lon="6.118460000000001">
    <ele>1989.8000000000002</ele>
   </trkpt>
   <trkpt lat="45.64363" lon="6.118320000000001">
    <ele>1985.2</ele>
   </trkpt>
   <trkpt lat="45.643100000000004" lon="6.11819">
    <ele>1973.7900000000002</ele>
   </trkpt>
   <trkpt lat="45.642970000000005" lon="6.11812">
    <ele>1970.94</ele>
   </trkpt>
   <trkpt lat="45.642860000000006" lon="6.11803">
    <ele>1966.3500000000001</ele>
   </trkpt>
   <trkpt lat="45.642830000000004" lon="6.117970000000001">
    <ele>1963.0700000000002</ele>
   </trkpt>
   <trkpt lat="45.64275000000001" lon="6.117990000000001">
    <ele>1961.3200000000002</ele>
   </trkpt>
   <trkpt lat="45.64274" lon="6.117900000000001">
    <ele>1957.6000000000001</ele>
   </trkpt>
   <trkpt lat="45.64267" lon="6.117850000000001">
    <ele>1951.8400000000001</ele>
   </trkpt>
   <trkpt lat="45.6426" lon="6.11786">
    <ele>1951.8400000000001</ele>
   </trkpt>
   <trkpt lat="45.642360000000004" lon="6.1177600000000005">
    <ele>1942.6200000000001</ele>
   </trkpt>
   <trkpt lat="45.64228000000001" lon="6.117610000000001">
    <ele>1934.68</ele>
   </trkpt>
   <trkpt lat="45.642030000000005" lon="6.1174800000000005">
    <ele>1924.8100000000002</ele>
   </trkpt>
   <trkpt lat="45.641740000000006" lon="6.117140000000001">
    <ele>1904.0100000000002</ele>
   </trkpt>
   <trkpt lat="45.64175" lon="6.11704">
    <ele>1904.0100000000002</ele>
   </trkpt>
   <trkpt lat="45.641690000000004" lon="6.117000000000001">
    <ele>1900.8500000000001</ele>
   </trkpt>
   <trkpt lat="45.641690000000004" lon="6.11699">
    <ele>1900.33</ele>
   </trkpt>
   <trkpt lat="45.641670000000005" lon="6.11695">
    <ele>1900.33</ele>
   </trkpt>
   <trkpt lat="45.64172000000001" lon="6.11681">
    <ele>1895.3500000000001</ele>
   </trkpt>
   <trkpt lat="45.64166" lon="6.11669">
    <ele>1886.2</ele>
   </trkpt>
   <trkpt lat="45.64144" lon="6.1165400000000005">
    <ele>1878.75</ele>
   </trkpt>
   <trkpt lat="45.641400000000004" lon="6.116490000000001">
    <ele>1874.21</ele>
   </trkpt>
   <trkpt lat="45.641310000000004" lon="6.11643">
    <ele>1872.5900000000001</ele>
   </trkpt>
   <trkpt lat="45.64114000000001" lon="6.116250000000001">
    <ele>1861.5400000000002</ele>
   </trkpt>
   <trkpt lat="45.641110000000005" lon="6.1162">
    <ele>1861.5400000000002</ele>
   </trkpt>
   <trkpt lat="45.64103" lon="6.116160000000001">
    <ele>1855.7</ele>
   </trkpt>
   <trkpt lat="45.64101" lon="6.11608">
    <ele>1855.7</ele>
   </trkpt>
   <trkpt lat="45.640800000000006" lon="6.115990000000001">
    <ele>1845.2400000000002</ele>
   </trkpt>
   <trkpt lat="45.64078000000001" lon="6.115950000000001">
    <ele>1845.2400000000002</ele>
   </trkpt>
   <trkpt lat="45.640730000000005" lon="6.11594">
    <ele>1840.8300000000002</ele>
   </trkpt>
   <trkpt lat="45.640750000000004" lon="6.11591">
    <ele>1840.8300000000002</ele>
   </trkpt>
   <trkpt lat="45.640730000000005" lon="6.115880000000001">
    <ele>1836.17</ele>
   </trkpt>
   <trkpt lat="45.640660000000004" lon="6.1158600000000005">
    <ele>1836.17</ele>
   </trkpt>
   <trkpt lat="45.64067000000001" lon="6.115780000000001">
    <ele>1836.17</ele>
   </trkpt>
   <trkpt lat="45.640620000000006" lon="6.1157900000000005">
    <ele>1836.17</ele>
   </trkpt>
   <trkpt lat="45.64058000000001" lon="6.11577">
    <ele>1836.17</ele>
   </trkpt>
   <trkpt lat="45.64059" lon="6.11573">
    <ele>1813.68</ele>
   </trkpt>
   <trkpt lat="45.640510000000006" lon="6.1156500000000005">
    <ele>1813.68</ele>
   </trkpt>
   <trkpt lat="45.640510000000006" lon="6.115570000000001">
    <ele>1813.68</ele>
   </trkpt>
   <trkpt lat="45.64034" lon="6.11556">
    <ele>1808.8700000000001</ele>
   </trkpt>
   <trkpt lat="45.640370000000004" lon="6.1153">
    <ele>1797.2400000000002</ele>
   </trkpt>
   <trkpt lat="45.64022000000001" lon="6.11528">
    <ele>1787.0800000000002</ele>
   </trkpt>
   <trkpt lat="45.64020000000001" lon="6.1153200000000005">
    <ele>1787.0800000000002</ele>
   </trkpt>
   <trkpt lat="45.640150000000006" lon="6.1153200000000005">
    <ele>1787.0800000000002</ele>
   </trkpt>
   <trkpt lat="45.640150000000006" lon="6.115130000000001">
    <ele>1780.73</ele>
   </trkpt>
   <trkpt lat="45.64009" lon="6.115170000000001">
    <ele>1773.8600000000001</ele>
   </trkpt>
   <trkpt lat="45.640080000000005" lon="6.11512">
    <ele>1773.8600000000001</ele>
   </trkpt>
   <trkpt lat="45.640100000000004" lon="6.115">
    <ele>1771.67</ele>
   </trkpt>
   <trkpt lat="45.63991" lon="6.115080000000001">
    <ele>1761.21</ele>
   </trkpt>
   <trkpt lat="45.63974" lon="6.114990000000001">
    <ele>1748.7800000000002</ele>
   </trkpt>
   <trkpt lat="45.6396" lon="6.11481">
    <ele>1741.65</ele>
   </trkpt>
   <trkpt lat="45.639570000000006" lon="6.114820000000001">
    <ele>1741.65</ele>
   </trkpt>
   <trkpt lat="45.639520000000005" lon="6.11479">
    <ele>1737.3500000000001</ele>
   </trkpt>
   <trkpt lat="45.63947" lon="6.114820000000001">
    <ele>1733.33</ele>
   </trkpt>
   <trkpt lat="45.63942" lon="6.114750000000001">
    <ele>1733.33</ele>
   </trkpt>
   <trkpt lat="45.63933" lon="6.114750000000001">
    <ele>1723.6100000000001</ele>
   </trkpt>
   <trkpt lat="45.639100000000006" lon="6.1146">
    <ele>1716.35</ele>
   </trkpt>
   <trkpt lat="45.638920000000006" lon="6.114520000000001">
    <ele>1709.69</ele>
   </trkpt>
   <trkpt lat="45.638720000000006" lon="6.114400000000001">
    <ele>1702.05</ele>
   </trkpt>
   <trkpt lat="45.63868" lon="6.114400000000001">
    <ele>1700.8400000000001</ele>
   </trkpt>
   <trkpt lat="45.638690000000004" lon="6.114350000000001">
    <ele>1700.8400000000001</ele>
   </trkpt>
   <trkpt lat="45.63868" lon="6.114330000000001">
    <ele>1699.78</ele>
   </trkpt>
   <trkpt lat="45.638630000000006" lon="6.1143600000000005">
    <ele>1698.8400000000001</ele>
   </trkpt>
   <trkpt lat="45.638650000000005" lon="6.114490000000001">
    <ele>1698.8400000000001</ele>
   </trkpt>
   <trkpt lat="45.63886" lon="6.11498">
    <ele>1690.25</ele>
   </trkpt>
   <trkpt lat="45.63895" lon="6.1152500000000005">
    <ele>1686.66</ele>
   </trkpt>
   <trkpt lat="45.63897" lon="6.11575">
    <ele>1680.3700000000001</ele>
   </trkpt>
   <trkpt lat="45.63895" lon="6.116420000000001">
    <ele>1673.9700000000003</ele>
   </trkpt>
   <trkpt lat="45.63891" lon="6.116650000000001">
    <ele>1673.24</ele>
   </trkpt>
   <trkpt lat="45.63874500217123" lon="6.117355002062861">
    <ele>1669.71</ele>
   </trkpt>
   <trkpt lat="45.638580000000005" lon="6.118060000000001">
    <ele>1667.5400000000002</ele>
   </trkpt>
   <trkpt lat="45.6385" lon="6.119000000000001">
    <ele>1664.1100000000001</ele>
   </trkpt>
   <trkpt lat="45.6385" lon="6.119140000000001">
    <ele>1663.5700000000002</ele>
   </trkpt>
   <trkpt lat="45.63855" lon="6.11932">
    <ele>1662.3600000000001</ele>
   </trkpt>
   <trkpt lat="45.63855" lon="6.119400000000001">
    <ele>1662.3600000000001</ele>
   </trkpt>
   <trkpt lat="45.63852000000001" lon="6.11941">
    <ele>1661.99</ele>
   </trkpt>
   <trkpt lat="45.63846" lon="6.119260000000001">
    <ele>1660.73</ele>
   </trkpt>
   <trkpt lat="45.638400000000004" lon="6.119680000000001">
    <ele>1658.22</ele>
   </trkpt>
   <trkpt lat="45.63841" lon="6.11983">
    <ele>1655.13</ele>
   </trkpt>
   <trkpt lat="45.638470000000005" lon="6.120010000000001">
    <ele>1654.03</ele>
   </trkpt>
   <trkpt lat="45.63868" lon="6.12032">
    <ele>1648.19</ele>
   </trkpt>
   <trkpt lat="45.63886" lon="6.120380000000001">
    <ele>1643.1100000000001</ele>
   </trkpt>
   <trkpt lat="45.63895" lon="6.12037">
    <ele>1640.7600000000002</ele>
   </trkpt>
   <trkpt lat="45.63909" lon="6.1204">
    <ele>1637.66</ele>
   </trkpt>
   <trkpt lat="45.63924" lon="6.12032">
    <ele>1635.2300000000002</ele>
   </trkpt>
   <trkpt lat="45.63927" lon="6.12044">
    <ele>1633.16</ele>
   </trkpt>
   <trkpt lat="45.63935" lon="6.1205300000000005">
    <ele>1632.3</ele>
   </trkpt>
   <trkpt lat="45.639390000000006" lon="6.12063">
    <ele>1629.3300000000002</ele>
   </trkpt>
   <trkpt lat="45.639480000000006" lon="6.12075">
    <ele>1627.7100000000003</ele>
   </trkpt>
   <trkpt lat="45.639500000000005" lon="6.12084">
    <ele>1626.63</ele>
   </trkpt>
   <trkpt lat="45.63955000000001" lon="6.12091">
    <ele>1626.23</ele>
   </trkpt>
   <trkpt lat="45.639570000000006" lon="6.12101">
    <ele>1625.49</ele>
   </trkpt>
   <trkpt lat="45.63962" lon="6.12108">
    <ele>1624.6100000000001</ele>
   </trkpt>
   <trkpt lat="45.639610000000005" lon="6.12119">
    <ele>1624.1000000000001</ele>
   </trkpt>
   <trkpt lat="45.63965" lon="6.1213500000000005">
    <ele>1622.51</ele>
   </trkpt>
   <trkpt lat="45.63962" lon="6.121530000000001">
    <ele>1621.1700000000003</ele>
   </trkpt>
   <trkpt lat="45.63983" lon="6.12225">
    <ele>1615.7400000000002</ele>
   </trkpt>
   <trkpt lat="45.639880000000005" lon="6.12239">
    <ele>1614.71</ele>
   </trkpt>
   <trkpt lat="45.639970000000005" lon="6.122520000000001">
    <ele>1614.18</ele>
   </trkpt>
   <trkpt lat="45.639990000000004" lon="6.12262">
    <ele>1614.1900000000003</ele>
   </trkpt>
   <trkpt lat="45.63993000000001" lon="6.122870000000001">
    <ele>1614.88</ele>
   </trkpt>
   <trkpt lat="45.63991" lon="6.12316">
    <ele>1617.19</ele>
   </trkpt>
   <trkpt lat="45.63991" lon="6.123880000000001">
    <ele>1623.65</ele>
   </trkpt>
   <trkpt lat="45.63993000000001" lon="6.12403">
    <ele>1625.0900000000001</ele>
   </trkpt>
   <trkpt lat="45.63991" lon="6.1241">
    <ele>1626.3400000000001</ele>
   </trkpt>
   <trkpt lat="45.63993000000001" lon="6.124420000000001">
    <ele>1628.3200000000002</ele>
   </trkpt>
   <trkpt lat="45.639950000000006" lon="6.12445">
    <ele>1628.3200000000002</ele>
   </trkpt>
   <trkpt lat="45.640190000000004" lon="6.124600000000001">
    <ele>1624.8600000000001</ele>
   </trkpt>
   <trkpt lat="45.640350000000005" lon="6.1247300000000005">
    <ele>1620.5500000000002</ele>
   </trkpt>
   <trkpt lat="45.64056" lon="6.124820000000001">
    <ele>1615.8500000000001</ele>
   </trkpt>
   <trkpt lat="45.640710000000006" lon="6.12506">
    <ele>1608.41</ele>
   </trkpt>
   <trkpt lat="45.64077" lon="6.125360000000001">
    <ele>1602.8500000000001</ele>
   </trkpt>
   <trkpt lat="45.64094" lon="6.12572">
    <ele>1592.74</ele>
   </trkpt>
   <trkpt lat="45.641070000000006" lon="6.125900000000001">
    <ele>1588.99</ele>
   </trkpt>
   <trkpt lat="45.640890000000006" lon="6.12605">
    <ele>1582.71</ele>
   </trkpt>
   <trkpt lat="45.64054" lon="6.12607">
    <ele>1575.01</ele>
   </trkpt>
   <trkpt lat="45.640550000000005" lon="6.1262300000000005">
    <ele>1572.6200000000001</ele>
   </trkpt>
   <trkpt lat="45.640440000000005" lon="6.12649">
    <ele>1564.0500000000002</ele>
   </trkpt>
   <trkpt lat="45.64027" lon="6.12666">
    <ele>1551.66</ele>
   </trkpt>
   <trkpt lat="45.640240000000006" lon="6.126760000000001">
    <ele>1551.66</ele>
   </trkpt>
   <trkpt lat="45.639860000000006" lon="6.12703">
    <ele>1537.3500000000001</ele>
   </trkpt>
   <trkpt lat="45.639630000000004" lon="6.12725">
    <ele>1528.3700000000001</ele>
   </trkpt>
   <trkpt lat="45.639480000000006" lon="6.1273100000000005">
    <ele>1528.3700000000001</ele>
   </trkpt>
   <trkpt lat="45.63931" lon="6.1274500000000005">
    <ele>1516.8600000000001</ele>
   </trkpt>
   <trkpt lat="45.63922" lon="6.12746">
    <ele>1514.1000000000001</ele>
   </trkpt>
   <trkpt lat="45.63913" lon="6.127560000000001">
    <ele>1512.78</ele>
   </trkpt>
   <trkpt lat="45.638540000000006" lon="6.128010000000001">
    <ele>1493.0100000000002</ele>
   </trkpt>
   <trkpt lat="45.638220000000004" lon="6.128550000000001">
    <ele>1481.0200000000002</ele>
   </trkpt>
   <trkpt lat="45.638110000000005" lon="6.128950000000001">
    <ele>1476.1000000000001</ele>
   </trkpt>
   <trkpt lat="45.63799" lon="6.129600000000001">
    <ele>1466.7</ele>
   </trkpt>
   <trkpt lat="45.637950000000004" lon="6.129910000000001">
    <ele>1459.06</ele>
   </trkpt>
   <trkpt lat="45.63792" lon="6.13039">
    <ele>1447.2900000000002</ele>
   </trkpt>
   <trkpt lat="45.63792" lon="6.130770000000001">
    <ele>1443.99</ele>
   </trkpt>
   <trkpt lat="45.638000000000005" lon="6.131030000000001">
    <ele>1439.98</ele>
   </trkpt>
   <trkpt lat="45.638070000000006" lon="6.1314">
    <ele>1434.88</ele>
   </trkpt>
   <trkpt lat="45.6381" lon="6.13203">
    <ele>1422.0300000000002</ele>
   </trkpt>
   <trkpt lat="45.638090000000005" lon="6.132140000000001">
    <ele>1420.68</ele>
   </trkpt>
   <trkpt lat="45.63815" lon="6.1322">
    <ele>1419.25</ele>
   </trkpt>
   <trkpt lat="45.63815" lon="6.13224">
    <ele>1419.25</ele>
   </trkpt>
   <trkpt lat="45.638110000000005" lon="6.13231">
    <ele>1414.77</ele>
   </trkpt>
   <trkpt lat="45.63806" lon="6.133330000000001">
    <ele>1399.3000000000002</ele>
   </trkpt>
   <trkpt lat="45.637980000000006" lon="6.133640000000001">
    <ele>1398.18</ele>
   </trkpt>
   <trkpt lat="45.637820000000005" lon="6.133900000000001">
    <ele>1399.52</ele>
   </trkpt>
   <trkpt lat="45.63777" lon="6.134010000000001">
    <ele>1400.1100000000001</ele>
   </trkpt>
   <trkpt lat="45.637750000000004" lon="6.134130000000001">
    <ele>1400.2700000000002</ele>
   </trkpt>
   <trkpt lat="45.63784500185368" lon="6.134769999365707">
    <ele>1397.51</ele>
   </trkpt>
   <trkpt lat="45.63794" lon="6.13541">
    <ele>1395.0800000000002</ele>
   </trkpt>
   <trkpt lat="45.63814000000001" lon="6.135980000000001">
    <ele>1393.0900000000001</ele>
   </trkpt>
   <trkpt lat="45.638090000000005" lon="6.13611">
    <ele>1392.89</ele>
   </trkpt>
   <trkpt lat="45.637950000000004" lon="6.13632">
    <ele>1393.17</ele>
   </trkpt>
   <trkpt lat="45.637930000000004" lon="6.136410000000001">
    <ele>1393.1100000000001</ele>
   </trkpt>
   <trkpt lat="45.637950000000004" lon="6.1367">
    <ele>1391.6200000000001</ele>
   </trkpt>
   <trkpt lat="45.638090000000005" lon="6.13703">
    <ele>1389.1100000000001</ele>
   </trkpt>
   <trkpt lat="45.63846" lon="6.137600000000001">
    <ele>1380.51</ele>
   </trkpt>
   <trkpt lat="45.638960000000004" lon="6.138170000000001">
    <ele>1372.4900000000002</ele>
   </trkpt>
   <trkpt lat="45.6394" lon="6.13846">
    <ele>1365.97</ele>
   </trkpt>
   <trkpt lat="45.639720000000004" lon="6.138700000000001">
    <ele>1362.0100000000002</ele>
   </trkpt>
   <trkpt lat="45.640010000000004" lon="6.138820000000001">
    <ele>1358.6</ele>
   </trkpt>
   <trkpt lat="45.640260000000005" lon="6.13876">
    <ele>1354.27</ele>
   </trkpt>
   <trkpt lat="45.64032" lon="6.1388300000000005">
    <ele>1354.27</ele>
   </trkpt>
   <trkpt lat="45.64027" lon="6.13902">
    <ele>1350.99</ele>
   </trkpt>
   <trkpt lat="45.640100000000004" lon="6.13945">
    <ele>1347.16</ele>
   </trkpt>
   <trkpt lat="45.639860000000006" lon="6.139710000000001">
    <ele>1340.14</ele>
   </trkpt>
   <trkpt lat="45.63964000000001" lon="6.140040000000001">
    <ele>1334.1000000000001</ele>
   </trkpt>
   <trkpt lat="45.639570000000006" lon="6.14052">
    <ele>1329.23</ele>
   </trkpt>
   <trkpt lat="45.63958" lon="6.14118">
    <ele>1321.86</ele>
   </trkpt>
   <trkpt lat="45.63955000000001" lon="6.14172">
    <ele>1315.23</ele>
   </trkpt>
   <trkpt lat="45.639480000000006" lon="6.14198">
    <ele>1313.26</ele>
   </trkpt>
   <trkpt lat="45.63949" lon="6.14233">
    <ele>1307.92</ele>
   </trkpt>
   <trkpt lat="45.63937000000001" lon="6.142720000000001">
    <ele>1303.96</ele>
   </trkpt>
   <trkpt lat="45.639430000000004" lon="6.142880000000001">
    <ele>1303.8400000000001</ele>
   </trkpt>
   <trkpt lat="45.639700000000005" lon="6.1431700000000005">
    <ele>1299.7500000000002</ele>
   </trkpt>
   <trkpt lat="45.639790000000005" lon="6.1433100000000005">
    <ele>1297.2</ele>
   </trkpt>
   <trkpt lat="45.63985" lon="6.14346">
    <ele>1294.3600000000001</ele>
   </trkpt>
   <trkpt lat="45.63996" lon="6.143870000000001">
    <ele>1282.5700000000002</ele>
   </trkpt>
   <trkpt lat="45.64011500263223" lon="6.1446499977327464">
    <ele>1270.0900000000001</ele>
   </trkpt>
   <trkpt lat="45.64027" lon="6.14543">
    <ele>1262.68</ele>
   </trkpt>
   <trkpt lat="45.64076" lon="6.1459">
    <ele>1255.6900000000003</ele>
   </trkpt>
   <trkpt lat="45.641330001231545" lon="6.146389995173246">
    <ele>1254.41</ele>
   </trkpt>
   <trkpt lat="45.64190000000001" lon="6.14688">
    <ele>1248.04</ele>
   </trkpt>
   <trkpt lat="45.64218" lon="6.14768">
    <ele>1236.4400000000003</ele>
   </trkpt>
   <trkpt lat="45.642690001062995" lon="6.148114996242755">
    <ele>1234.1200000000001</ele>
   </trkpt>
   <trkpt lat="45.6432" lon="6.14855">
    <ele>1219.91</ele>
   </trkpt>
   <trkpt lat="45.64376500054617" lon="6.148849997055969">
    <ele>1205.96</ele>
   </trkpt>
   <trkpt lat="45.644330000000004" lon="6.149150000000001">
    <ele>1196.35</ele>
   </trkpt>
   <trkpt lat="45.644745000547005" lon="6.149459997798975">
    <ele>1193.7600000000002</ele>
   </trkpt>
   <trkpt lat="45.645160000000004" lon="6.14977">
    <ele>1191.2800000000002</ele>
   </trkpt>
   <trkpt lat="45.645230000000005" lon="6.149800000000001">
    <ele>1190.98</ele>
   </trkpt>
   <trkpt lat="45.645320000000005" lon="6.1498800000000005">
    <ele>1191.2900000000002</ele>
   </trkpt>
   <trkpt lat="45.645590000000006" lon="6.14996">
    <ele>1193.01</ele>
   </trkpt>
   <trkpt lat="45.646060000000006" lon="6.1501600000000005">
    <ele>1191.5500000000002</ele>
   </trkpt>
   <trkpt lat="45.64618" lon="6.150180000000001">
    <ele>1190.0700000000002</ele>
   </trkpt>
   <trkpt lat="45.646420000000006" lon="6.150340000000001">
    <ele>1184.3799999999999</ele>
   </trkpt>
   <trkpt lat="45.64663" lon="6.150390000000001">
    <ele>1182.8100000000002</ele>
   </trkpt>
   <trkpt lat="45.646770000000004" lon="6.15045">
    <ele>1180.01</ele>
   </trkpt>
   <trkpt lat="45.64688" lon="6.150550000000001">
    <ele>1176.98</ele>
   </trkpt>
   <trkpt lat="45.64744" lon="6.15082">
    <ele>1168.64</ele>
   </trkpt>
   <trkpt lat="45.647600000000004" lon="6.15094">
    <ele>1164.96</ele>
   </trkpt>
   <trkpt lat="45.647780000000004" lon="6.150930000000001">
    <ele>1161.74</ele>
   </trkpt>
   <trkpt lat="45.648250000000004" lon="6.151120000000001">
    <ele>1154.71</ele>
   </trkpt>
   <trkpt lat="45.648390000000006" lon="6.1512400000000005">
    <ele>1152.4</ele>
   </trkpt>
   <trkpt lat="45.64853" lon="6.151280000000001">
    <ele>1149.58</ele>
   </trkpt>
   <trkpt lat="45.64865" lon="6.1515">
    <ele>1144.29</ele>
   </trkpt>
   <trkpt lat="45.64873" lon="6.151730000000001">
    <ele>1140.5400000000002</ele>
   </trkpt>
   <trkpt lat="45.64884000000001" lon="6.151820000000001">
    <ele>1138.6000000000001</ele>
   </trkpt>
   <trkpt lat="45.64923" lon="6.15202">
    <ele>1134.13</ele>
   </trkpt>
   <trkpt lat="45.649750000000004" lon="6.15209">
    <ele>1129.44</ele>
   </trkpt>
   <trkpt lat="45.649930000000005" lon="6.15223">
    <ele>1125.58</ele>
   </trkpt>
   <trkpt lat="45.65014" lon="6.152480000000001">
    <ele>1120.77</ele>
   </trkpt>
   <trkpt lat="45.650290000000005" lon="6.1526000000000005">
    <ele>1112.74</ele>
   </trkpt>
   <trkpt lat="45.65054000000001" lon="6.15272">
    <ele>1109.0</ele>
   </trkpt>
   <trkpt lat="45.650740000000006" lon="6.1531400000000005">
    <ele>1094.72</ele>
   </trkpt>
   <trkpt lat="45.65081000000001" lon="6.153230000000001">
    <ele>1094.72</ele>
   </trkpt>
   <trkpt lat="45.651070000000004" lon="6.153460000000001">
    <ele>1087.3000000000002</ele>
   </trkpt>
   <trkpt lat="45.65126" lon="6.15352">
    <ele>1083.0000000000002</ele>
   </trkpt>
   <trkpt lat="45.6516" lon="6.15366">
    <ele>1069.92</ele>
   </trkpt>
   <trkpt lat="45.651770000000006" lon="6.153790000000001">
    <ele>1068.75</ele>
   </trkpt>
   <trkpt lat="45.65191" lon="6.1541500000000005">
    <ele>1062.5500000000002</ele>
   </trkpt>
   <trkpt lat="45.652300000000004" lon="6.15465">
    <ele>1053.3700000000001</ele>
   </trkpt>
   <trkpt lat="45.6527" lon="6.154890000000001">
    <ele>1048.3500000000001</ele>
   </trkpt>
   <trkpt lat="45.65333500039219" lon="6.1552049964082025">
    <ele>1027.15</ele>
   </trkpt>
   <trkpt lat="45.65397" lon="6.15552">
    <ele>1009.7200000000001</ele>
   </trkpt>
   <trkpt lat="45.654070000000004" lon="6.1555100000000005">
    <ele>1006.4600000000002</ele>
   </trkpt>
   <trkpt lat="45.654250000000005" lon="6.1553700000000005">
    <ele>1001.44</ele>
   </trkpt>
   <trkpt lat="45.654430000000005" lon="6.15479">
    <ele>988.99</ele>
   </trkpt>
   <trkpt lat="45.65447" lon="6.15437">
    <ele>973.32</ele>
   </trkpt>
   <trkpt lat="45.654520000000005" lon="6.15413">
    <ele>968.71</ele>
   </trkpt>
   <trkpt lat="45.65458" lon="6.154020000000001">
    <ele>965.7800000000001</ele>
   </trkpt>
   <trkpt lat="45.654610000000005" lon="6.153910000000001">
    <ele>963.1</ele>
   </trkpt>
   <trkpt lat="45.65462" lon="6.15369">
    <ele>960.6000000000001</ele>
   </trkpt>
   <trkpt lat="45.654520000000005" lon="6.15329">
    <ele>951.21</ele>
   </trkpt>
   <trkpt lat="45.65451" lon="6.1531400000000005">
    <ele>948.59</ele>
   </trkpt>
   <trkpt lat="45.65455" lon="6.1530700000000005">
    <ele>945.7500000000001</ele>
   </trkpt>
   <trkpt lat="45.654900000000005" lon="6.1527">
    <ele>933.22</ele>
   </trkpt>
   <trkpt lat="45.65514" lon="6.152570000000001">
    <ele>929.57</ele>
   </trkpt>
   <trkpt lat="45.65522000000001" lon="6.15242">
    <ele>925.8700000000001</ele>
   </trkpt>
   <trkpt lat="45.655350000000006" lon="6.1523200000000005">
    <ele>921.0100000000001</ele>
   </trkpt>
   <trkpt lat="45.65551000000001" lon="6.1523200000000005">
    <ele>917.39</ele>
   </trkpt>
   <trkpt lat="45.65560000000001" lon="6.1523900000000005">
    <ele>917.39</ele>
   </trkpt>
   <trkpt lat="45.655680000000004" lon="6.152550000000001">
    <ele>914.1600000000001</ele>
   </trkpt>
   <trkpt lat="45.655730000000005" lon="6.152710000000001">
    <ele>909.0</ele>
   </trkpt>
   <trkpt lat="45.65599" lon="6.153250000000001">
    <ele>896.5900000000001</ele>
   </trkpt>
   <trkpt lat="45.656130000000005" lon="6.153740000000001">
    <ele>890.1700000000001</ele>
   </trkpt>
   <trkpt lat="45.65673" lon="6.15425">
    <ele>876.1200000000001</ele>
   </trkpt>
   <trkpt lat="45.65682" lon="6.154260000000001">
    <ele>875.33</ele>
   </trkpt>
   <trkpt lat="45.65699" lon="6.154240000000001">
    <ele>871.7300000000001</ele>
   </trkpt>
   <trkpt lat="45.65729" lon="6.15413">
    <ele>864.6300000000001</ele>
   </trkpt>
   <trkpt lat="45.65746" lon="6.153950000000001">
    <ele>857.3000000000001</ele>
   </trkpt>
   <trkpt lat="45.657650000000004" lon="6.153630000000001">
    <ele>848.2400000000001</ele>
   </trkpt>
   <trkpt lat="45.65771" lon="6.153580000000001">
    <ele>848.2400000000001</ele>
   </trkpt>
   <trkpt lat="45.657790000000006" lon="6.153580000000001">
    <ele>848.2400000000001</ele>
   </trkpt>
   <trkpt lat="45.65789" lon="6.153630000000001">
    <ele>848.2400000000001</ele>
   </trkpt>
   <trkpt lat="45.65809" lon="6.15362">
    <ele>838.2</ele>
   </trkpt>
   <trkpt lat="45.658350000000006" lon="6.153510000000001">
    <ele>830.34</ele>
   </trkpt>
   <trkpt lat="45.65852" lon="6.153370000000001">
    <ele>819.3100000000001</ele>
   </trkpt>
   <trkpt lat="45.65860000000001" lon="6.15326">
    <ele>819.3100000000001</ele>
   </trkpt>
   <trkpt lat="45.65869000000001" lon="6.15303">
    <ele>819.3100000000001</ele>
   </trkpt>
   <trkpt lat="45.6587" lon="6.152970000000001">
    <ele>808.6600000000001</ele>
   </trkpt>
   <trkpt lat="45.658680000000004" lon="6.152850000000001">
    <ele>808.6600000000001</ele>
   </trkpt>
   <trkpt lat="45.658620000000006" lon="6.15272">
    <ele>808.6600000000001</ele>
   </trkpt>
   <trkpt lat="45.65847" lon="6.15249">
    <ele>801.37</ele>
   </trkpt>
   <trkpt lat="45.65843" lon="6.152380000000001">
    <ele>801.37</ele>
   </trkpt>
   <trkpt lat="45.65841" lon="6.152240000000001">
    <ele>796.0400000000001</ele>
   </trkpt>
   <trkpt lat="45.65845" lon="6.152150000000001">
    <ele>796.0400000000001</ele>
   </trkpt>
   <trkpt lat="45.658660000000005" lon="6.15186">
    <ele>789.4300000000001</ele>
   </trkpt>
   <trkpt lat="45.65885" lon="6.15167">
    <ele>784.0100000000001</ele>
   </trkpt>
   <trkpt lat="45.65892" lon="6.15165">
    <ele>783.98</ele>
   </trkpt>
   <trkpt lat="45.65899" lon="6.15167">
    <ele>783.7</ele>
   </trkpt>
   <trkpt lat="45.65927000000001" lon="6.15164">
    <ele>780.5200000000001</ele>
   </trkpt>
   <trkpt lat="45.659600000000005" lon="6.151700000000001">
    <ele>776.4000000000001</ele>
   </trkpt>
   <trkpt lat="45.66010000000001" lon="6.151890000000001">
    <ele>770.95</ele>
   </trkpt>
   <trkpt lat="45.660700000000006" lon="6.15235">
    <ele>763.21</ele>
   </trkpt>
   <trkpt lat="45.660920000000004" lon="6.1524600000000005">
    <ele>761.0100000000001</ele>
   </trkpt>
   <trkpt lat="45.66147" lon="6.152570000000001">
    <ele>753.33</ele>
   </trkpt>
   <trkpt lat="45.66165" lon="6.152640000000001">
    <ele>750.07</ele>
   </trkpt>
   <trkpt lat="45.661770000000004" lon="6.152730000000001">
    <ele>749.0500000000001</ele>
   </trkpt>
   <trkpt lat="45.662060000000004" lon="6.153060000000001">
    <ele>745.5</ele>
   </trkpt>
   <trkpt lat="45.66237" lon="6.15336">
    <ele>741.46</ele>
   </trkpt>
   <trkpt lat="45.66298000123211" lon="6.153879994379014">
    <ele>736.69</ele>
   </trkpt>
   <trkpt lat="45.663590000000006" lon="6.154400000000001">
    <ele>728.14</ele>
   </trkpt>
   <trkpt lat="45.66377000000001" lon="6.154660000000001">
    <ele>724.37</ele>
   </trkpt>
   <trkpt lat="45.66389" lon="6.154800000000001">
    <ele>724.37</ele>
   </trkpt>
   <trkpt lat="45.664010000000005" lon="6.1549000000000005">
    <ele>721.5100000000001</ele>
   </trkpt>
   <trkpt lat="45.66445" lon="6.155170000000001">
    <ele>718.5100000000001</ele>
   </trkpt>
   <trkpt lat="45.664905000449735" lon="6.15551499714325">
    <ele>713.0500000000001</ele>
   </trkpt>
   <trkpt lat="45.66536000000001" lon="6.1558600000000006">
    <ele>710.6300000000001</ele>
   </trkpt>
   <trkpt lat="45.66559" lon="6.15599">
    <ele>709.46</ele>
   </trkpt>
   <trkpt lat="45.665670000000006" lon="6.156090000000001">
    <ele>707.83</ele>
   </trkpt>
   <trkpt lat="45.6659" lon="6.15657">
    <ele>706.07</ele>
   </trkpt>
   <trkpt lat="45.66599" lon="6.1566600000000005">
    <ele>704.8100000000001</ele>
   </trkpt>
   <trkpt lat="45.66610000000001" lon="6.15669">
    <ele>704.8100000000001</ele>
   </trkpt>
   <trkpt lat="45.666470000000004" lon="6.156540000000001">
    <ele>701.47</ele>
   </trkpt>
   <trkpt lat="45.66689" lon="6.156440000000001">
    <ele>697.06</ele>
   </trkpt>
   <trkpt lat="45.666940000000004" lon="6.156460000000001">
    <ele>695.73</ele>
   </trkpt>
   <trkpt lat="45.66698" lon="6.1565">
    <ele>695.73</ele>
   </trkpt>
   <trkpt lat="45.66698" lon="6.156700000000001">
    <ele>693.6000000000001</ele>
   </trkpt>
   <trkpt lat="45.666940000000004" lon="6.156750000000001">
    <ele>693.6000000000001</ele>
   </trkpt>
   <trkpt lat="45.66664" lon="6.15699">
    <ele>687.6000000000001</ele>
   </trkpt>
   <trkpt lat="45.66658" lon="6.15709">
    <ele>687.6000000000001</ele>
   </trkpt>
   <trkpt lat="45.66657000000001" lon="6.157170000000001">
    <ele>687.6000000000001</ele>
   </trkpt>
   <trkpt lat="45.66659000000001" lon="6.1573">
    <ele>686.6500000000001</ele>
   </trkpt>
   <trkpt lat="45.66695000000001" lon="6.15704">
    <ele>686.12</ele>
   </trkpt>
   <trkpt lat="45.66714" lon="6.157330000000001">
    <ele>688.19</ele>
   </trkpt>
   <trkpt lat="45.66729" lon="6.1578800000000005">
    <ele>689.2</ele>
   </trkpt>
   <trkpt lat="45.66749000317289" lon="6.15873499687699">
    <ele>690.7</ele>
   </trkpt>
   <trkpt lat="45.66769" lon="6.159590000000001">
    <ele>695.44</ele>
   </trkpt>
   <trkpt lat="45.66774" lon="6.1599200000000005">
    <ele>699.3900000000001</ele>
   </trkpt>
   <trkpt lat="45.667770000000004" lon="6.159940000000001">
    <ele>699.3900000000001</ele>
   </trkpt>
   <trkpt lat="45.66787" lon="6.16007">
    <ele>699.3900000000001</ele>
   </trkpt>
   <trkpt lat="45.66794" lon="6.160120000000001">
    <ele>700.11</ele>
   </trkpt>
   <trkpt lat="45.66803" lon="6.16016">
    <ele>700.11</ele>
   </trkpt>
   <trkpt lat="45.66836000000001" lon="6.16037">
    <ele>705.2400000000001</ele>
   </trkpt>
   <trkpt lat="45.6685" lon="6.160430000000001">
    <ele>705.2400000000001</ele>
   </trkpt>
   <trkpt lat="45.66924" lon="6.160520000000001">
    <ele>713.16</ele>
   </trkpt>
   <trkpt lat="45.669230000000006" lon="6.160520000000001">
    <ele>713.1</ele>
   </trkpt>
   <trkpt lat="45.66948000000001" lon="6.160550000000001">
    <ele>716.07</ele>
   </trkpt>
   <trkpt lat="45.66955" lon="6.160590000000001">
    <ele>716.07</ele>
   </trkpt>
   <trkpt lat="45.669630000000005" lon="6.160730000000001">
    <ele>716.25</ele>
   </trkpt>
   <trkpt lat="45.66968000000001" lon="6.160690000000001">
    <ele>716.25</ele>
   </trkpt>
   <trkpt lat="45.66973" lon="6.1606700000000005">
    <ele>717.1400000000001</ele>
   </trkpt>
   <trkpt lat="45.66982" lon="6.1606700000000005">
    <ele>717.1400000000001</ele>
   </trkpt>
   <trkpt lat="45.66989" lon="6.1607">
    <ele>717.1400000000001</ele>
   </trkpt>
   <trkpt lat="45.67016" lon="6.16089">
    <ele>720.53</ele>
   </trkpt>
   <trkpt lat="45.670300000000005" lon="6.160950000000001">
    <ele>721.52</ele>
   </trkpt>
   <trkpt lat="45.67042000000001" lon="6.16098">
    <ele>723.53</ele>
   </trkpt>
   <trkpt lat="45.67085" lon="6.16096">
    <ele>726.4100000000001</ele>
   </trkpt>
   <trkpt lat="45.67125" lon="6.16084">
    <ele>729.9000000000001</ele>
   </trkpt>
   <trkpt lat="45.67139" lon="6.1607400000000005">
    <ele>732.0500000000001</ele>
   </trkpt>
   <trkpt lat="45.671690000000005" lon="6.1603">
    <ele>731.9000000000001</ele>
   </trkpt>
   <trkpt lat="45.67179" lon="6.16028">
    <ele>731.9000000000001</ele>
   </trkpt>
   <trkpt lat="45.6721" lon="6.16009">
    <ele>735.8</ele>
   </trkpt>
   <trkpt lat="45.672290000000004" lon="6.160030000000001">
    <ele>736.4600000000002</ele>
   </trkpt>
   <trkpt lat="45.67307" lon="6.160310000000001">
    <ele>739.24</ele>
   </trkpt>
   <trkpt lat="45.673280000000005" lon="6.16033">
    <ele>741.53</ele>
   </trkpt>
   <trkpt lat="45.67338" lon="6.160430000000001">
    <ele>745.29</ele>
   </trkpt>
   <trkpt lat="45.67347" lon="6.1606000000000005">
    <ele>748.65</ele>
   </trkpt>
   <trkpt lat="45.673570000000005" lon="6.1607400000000005">
    <ele>750.08</ele>
   </trkpt>
   <trkpt lat="45.674060000000004" lon="6.16096">
    <ele>755.38</ele>
   </trkpt>
   <trkpt lat="45.67436000000001" lon="6.16098">
    <ele>756.96</ele>
   </trkpt>
   <trkpt lat="45.674640000000004" lon="6.160950000000001">
    <ele>758.99</ele>
   </trkpt>
   <trkpt lat="45.674710000000005" lon="6.160950000000001">
    <ele>759.59</ele>
   </trkpt>
   <trkpt lat="45.674910000000004" lon="6.16101">
    <ele>763.4399999999999</ele>
   </trkpt>
   <trkpt lat="45.675540000000005" lon="6.160990000000001">
    <ele>773.95</ele>
   </trkpt>
   <trkpt lat="45.675760000000004" lon="6.160920000000001">
    <ele>775.9100000000001</ele>
   </trkpt>
   <trkpt lat="45.676050000000004" lon="6.16091">
    <ele>777.5600000000001</ele>
   </trkpt>
   <trkpt lat="45.676590000000004" lon="6.160990000000001">
    <ele>779.6500000000001</ele>
   </trkpt>
   <trkpt lat="45.67705" lon="6.161160000000001">
    <ele>785.85</ele>
   </trkpt>
   <trkpt lat="45.677420000000005" lon="6.16122">
    <ele>791.0800000000002</ele>
   </trkpt>
   <trkpt lat="45.677760000000006" lon="6.161410000000001">
    <ele>797.03</ele>
   </trkpt>
   <trkpt lat="45.67801" lon="6.161390000000001">
    <ele>799.7900000000001</ele>
   </trkpt>
   <trkpt lat="45.6781" lon="6.161440000000001">
    <ele>800.5300000000001</ele>
   </trkpt>
   <trkpt lat="45.678160000000005" lon="6.16155">
    <ele>801.52</ele>
   </trkpt>
   <trkpt lat="45.678250000000006" lon="6.161790000000001">
    <ele>803.08</ele>
   </trkpt>
   <trkpt lat="45.67831" lon="6.161840000000001">
    <ele>803.08</ele>
   </trkpt>
   <trkpt lat="45.67837" lon="6.16185">
    <ele>803.8400000000001</ele>
   </trkpt>
   <trkpt lat="45.678560000000004" lon="6.161700000000001">
    <ele>806.2600000000001</ele>
   </trkpt>
   <trkpt lat="45.67871" lon="6.1616800000000005">
    <ele>806.6200000000001</ele>
   </trkpt>
   <trkpt lat="45.67882" lon="6.161810000000001">
    <ele>808.19</ele>
   </trkpt>
   <trkpt lat="45.67927" lon="6.1622200000000005">
    <ele>810.21</ele>
   </trkpt>
   <trkpt lat="45.67970500186984" lon="6.162874994905299">
    <ele>824.09</ele>
   </trkpt>
   <trkpt lat="45.68014" lon="6.163530000000001">
    <ele>835.76</ele>
   </trkpt>
   <trkpt lat="45.6803" lon="6.1637200000000005">
    <ele>836.4300000000001</ele>
   </trkpt>
   <trkpt lat="45.680350000000004" lon="6.163810000000001">
    <ele>836.9200000000001</ele>
   </trkpt>
   <trkpt lat="45.68045" lon="6.16384">
    <ele>837.59</ele>
   </trkpt>
   <trkpt lat="45.68052" lon="6.163930000000001">
    <ele>838.3600000000001</ele>
   </trkpt>
   <trkpt lat="45.680580000000006" lon="6.163970000000001">
    <ele>838.3600000000001</ele>
   </trkpt>
   <trkpt lat="45.68075" lon="6.164000000000001">
    <ele>840.7800000000001</ele>
   </trkpt>
   <trkpt lat="45.680910000000004" lon="6.164070000000001">
    <ele>842.8700000000001</ele>
   </trkpt>
   <trkpt lat="45.68113" lon="6.1642600000000005">
    <ele>846.1500000000001</ele>
   </trkpt>
   <trkpt lat="45.68146" lon="6.16462">
    <ele>854.69</ele>
   </trkpt>
   <trkpt lat="45.681560000000005" lon="6.164650000000001">
    <ele>855.4200000000001</ele>
   </trkpt>
   <trkpt lat="45.68164" lon="6.16464">
    <ele>855.5300000000001</ele>
   </trkpt>
   <trkpt lat="45.68179000000001" lon="6.164650000000001">
    <ele>855.7500000000001</ele>
   </trkpt>
   <trkpt lat="45.68189" lon="6.164700000000001">
    <ele>856.7600000000001</ele>
   </trkpt>
   <trkpt lat="45.68202" lon="6.164720000000001">
    <ele>857.8800000000001</ele>
   </trkpt>
   <trkpt lat="45.682100000000005" lon="6.164840000000001">
    <ele>859.89</ele>
   </trkpt>
   <trkpt lat="45.6822" lon="6.16492">
    <ele>861.1500000000001</ele>
   </trkpt>
   <trkpt lat="45.682320000000004" lon="6.16492">
    <ele>861.5100000000001</ele>
   </trkpt>
   <trkpt lat="45.682390000000005" lon="6.16499">
    <ele>861.6700000000001</ele>
   </trkpt>
   <trkpt lat="45.68253000000001" lon="6.16504">
    <ele>862.38</ele>
   </trkpt>
   <trkpt lat="45.68263" lon="6.16502">
    <ele>863.1</ele>
   </trkpt>
   <trkpt lat="45.68285" lon="6.16516">
    <ele>865.2800000000001</ele>
   </trkpt>
   <trkpt lat="45.68292" lon="6.16516">
    <ele>866.1800000000001</ele>
   </trkpt>
   <trkpt lat="45.68307" lon="6.165220000000001">
    <ele>866.98</ele>
   </trkpt>
   <trkpt lat="45.68314" lon="6.1652000000000005">
    <ele>867.0600000000001</ele>
   </trkpt>
   <trkpt lat="45.68321" lon="6.165220000000001">
    <ele>867.1500000000001</ele>
   </trkpt>
   <trkpt lat="45.68323" lon="6.16525">
    <ele>867.1500000000001</ele>
   </trkpt>
   <trkpt lat="45.682520000000004" lon="6.1653400000000005">
    <ele>871.44</ele>
   </trkpt>
   <trkpt lat="45.682430000000004" lon="6.165290000000001">
    <ele>871.44</ele>
   </trkpt>
   <trkpt lat="45.682120000000005" lon="6.16537">
    <ele>872.1300000000001</ele>
   </trkpt>
   <trkpt lat="45.68207" lon="6.16532">
    <ele>872.5</ele>
   </trkpt>
   <trkpt lat="45.681960000000004" lon="6.16535">
    <ele>873.1500000000001</ele>
   </trkpt>
   <trkpt lat="45.68175" lon="6.16532">
    <ele>875.36</ele>
   </trkpt>
   <trkpt lat="45.68155" lon="6.165400000000001">
    <ele>877.1000000000001</ele>
   </trkpt>
   <trkpt lat="45.681450000000005" lon="6.1655500000000005">
    <ele>878.46</ele>
   </trkpt>
   <trkpt lat="45.681180000000005" lon="6.165540000000001">
    <ele>881.65</ele>
   </trkpt>
   <trkpt lat="45.68108" lon="6.165590000000001">
    <ele>882.48</ele>
   </trkpt>
   <trkpt lat="45.681020000000004" lon="6.16586">
    <ele>883.57</ele>
   </trkpt>
   <trkpt lat="45.680890000000005" lon="6.165970000000001">
    <ele>883.99</ele>
   </trkpt>
   <trkpt lat="45.68068" lon="6.166320000000001">
    <ele>884.5600000000001</ele>
   </trkpt>
   <trkpt lat="45.68039" lon="6.1666300000000005">
    <ele>885.08</ele>
   </trkpt>
   <trkpt lat="45.680200000000006" lon="6.166900000000001">
    <ele>886.2500000000001</ele>
   </trkpt>
   <trkpt lat="45.67976" lon="6.167400000000001">
    <ele>887.7800000000001</ele>
   </trkpt>
   <trkpt lat="45.67974" lon="6.167960000000001">
    <ele>885.5</ele>
   </trkpt>
   <trkpt lat="45.67965" lon="6.168480000000001">
    <ele>886.44</ele>
   </trkpt>
   <trkpt lat="45.679410000000004" lon="6.1692800000000005">
    <ele>894.8100000000001</ele>
   </trkpt>
   <trkpt lat="45.67936" lon="6.16933">
    <ele>895.47</ele>
   </trkpt>
   <trkpt lat="45.679280000000006" lon="6.1693500000000006">
    <ele>896.5900000000001</ele>
   </trkpt>
   <trkpt lat="45.679230000000004" lon="6.169340000000001">
    <ele>897.0600000000001</ele>
   </trkpt>
   <trkpt lat="45.67918" lon="6.169270000000001">
    <ele>897.4900000000001</ele>
   </trkpt>
   <trkpt lat="45.679140000000004" lon="6.1688">
    <ele>900.3100000000001</ele>
   </trkpt>
   <trkpt lat="45.67906000000001" lon="6.1686700000000005">
    <ele>901.4300000000001</ele>
   </trkpt>
   <trkpt lat="45.67909" lon="6.168880000000001">
    <ele>904.0100000000001</ele>
   </trkpt>
   <trkpt lat="45.67907" lon="6.16926">
    <ele>906.4200000000001</ele>
   </trkpt>
   <trkpt lat="45.679080000000006" lon="6.16938">
    <ele>907.5900000000001</ele>
   </trkpt>
   <trkpt lat="45.67913" lon="6.169650000000001">
    <ele>909.36</ele>
   </trkpt>
   <trkpt lat="45.67927" lon="6.169980000000001">
    <ele>912.14</ele>
   </trkpt>
   <trkpt lat="45.67935000000001" lon="6.17001">
    <ele>912.2800000000001</ele>
   </trkpt>
   <trkpt lat="45.679410000000004" lon="6.17001">
    <ele>912.2800000000001</ele>
   </trkpt>
   <trkpt lat="45.679460000000006" lon="6.16999">
    <ele>912.2800000000001</ele>
   </trkpt>
   <trkpt lat="45.679610000000004" lon="6.169860000000001">
    <ele>913.5400000000001</ele>
   </trkpt>
   <trkpt lat="45.67981" lon="6.169600000000001">
    <ele>916.02</ele>
   </trkpt>
   <trkpt lat="45.68012" lon="6.169020000000001">
    <ele>920.1700000000001</ele>
   </trkpt>
   <trkpt lat="45.68029000000001" lon="6.16884">
    <ele>922.22</ele>
   </trkpt>
   <trkpt lat="45.68037" lon="6.16879">
    <ele>924.44</ele>
   </trkpt>
   <trkpt lat="45.68054" lon="6.168760000000001">
    <ele>925.2800000000001</ele>
   </trkpt>
   <trkpt lat="45.68063" lon="6.16877">
    <ele>926.0400000000001</ele>
   </trkpt>
   <trkpt lat="45.68117" lon="6.16901">
    <ele>929.0400000000001</ele>
   </trkpt>
   <trkpt lat="45.681450000000005" lon="6.16908">
    <ele>929.7800000000001</ele>
   </trkpt>
   <trkpt lat="45.68189" lon="6.1690700000000005">
    <ele>931.97</ele>
   </trkpt>
   <trkpt lat="45.682320000000004" lon="6.168850000000001">
    <ele>933.6800000000001</ele>
   </trkpt>
   <trkpt lat="45.682320000000004" lon="6.168990000000001">
    <ele>934.71</ele>
   </trkpt>
   <trkpt lat="45.6822" lon="6.169340000000001">
    <ele>938.59</ele>
   </trkpt>
   <trkpt lat="45.682230000000004" lon="6.1695400000000005">
    <ele>940.0200000000001</ele>
   </trkpt>
   <trkpt lat="45.68227" lon="6.169670000000001">
    <ele>940.8700000000001</ele>
   </trkpt>
   <trkpt lat="45.68216" lon="6.169840000000001">
    <ele>943.2600000000001</ele>
   </trkpt>
   <trkpt lat="45.68207" lon="6.170050000000001">
    <ele>943.2600000000001</ele>
   </trkpt>
   <trkpt lat="45.682010000000005" lon="6.170280000000001">
    <ele>951.2600000000001</ele>
   </trkpt>
   <trkpt lat="45.681900000000006" lon="6.1704300000000005">
    <ele>951.2600000000001</ele>
   </trkpt>
   <trkpt lat="45.681670000000004" lon="6.170560000000001">
    <ele>954.25</ele>
   </trkpt>
   <trkpt lat="45.68139" lon="6.170610000000001">
    <ele>957.64</ele>
   </trkpt>
   <trkpt lat="45.68133" lon="6.170660000000001">
    <ele>957.64</ele>
   </trkpt>
   <trkpt lat="45.68115" lon="6.170990000000001">
    <ele>960.7</ele>
   </trkpt>
   <trkpt lat="45.680890000000005" lon="6.1713000000000005">
    <ele>966.8800000000001</ele>
   </trkpt>
   <trkpt lat="45.68076000000001" lon="6.1715100000000005">
    <ele>969.37</ele>
   </trkpt>
   <trkpt lat="45.680670000000006" lon="6.17175">
    <ele>972.0400000000001</ele>
   </trkpt>
   <trkpt lat="45.680600000000005" lon="6.17208">
    <ele>975.7000000000002</ele>
   </trkpt>
   <trkpt lat="45.68063" lon="6.1724000000000006">
    <ele>983.32</ele>
   </trkpt>
   <trkpt lat="45.680580000000006" lon="6.1726600000000005">
    <ele>986.84</ele>
   </trkpt>
   <trkpt lat="45.68057" lon="6.17281">
    <ele>988.4200000000001</ele>
   </trkpt>
   <trkpt lat="45.680600000000005" lon="6.17299">
    <ele>991.01</ele>
   </trkpt>
   <trkpt lat="45.680640000000004" lon="6.173070000000001">
    <ele>991.01</ele>
   </trkpt>
   <trkpt lat="45.680710000000005" lon="6.173070000000001">
    <ele>991.6700000000001</ele>
   </trkpt>
   <trkpt lat="45.680780000000006" lon="6.17299">
    <ele>993.65</ele>
   </trkpt>
   <trkpt lat="45.68088" lon="6.172820000000001">
    <ele>996.5600000000001</ele>
   </trkpt>
   <trkpt lat="45.680930000000004" lon="6.17281">
    <ele>996.5600000000001</ele>
   </trkpt>
   <trkpt lat="45.680960000000006" lon="6.172860000000001">
    <ele>996.5600000000001</ele>
   </trkpt>
   <trkpt lat="45.680960000000006" lon="6.17335">
    <ele>1003.8800000000001</ele>
   </trkpt>
   <trkpt lat="45.68094000000001" lon="6.173470000000001">
    <ele>1003.8800000000001</ele>
   </trkpt>
   <trkpt lat="45.680780000000006" lon="6.17372">
    <ele>1010.27</ele>
   </trkpt>
   <trkpt lat="45.68075" lon="6.1738100000000005">
    <ele>1010.27</ele>
   </trkpt>
   <trkpt lat="45.680730000000004" lon="6.17396">
    <ele>1014.34</ele>
   </trkpt>
   <trkpt lat="45.680820000000004" lon="6.1740900000000005">
    <ele>1017.0600000000001</ele>
   </trkpt>
   <trkpt lat="45.680890000000005" lon="6.17405">
    <ele>1018.69</ele>
   </trkpt>
   <trkpt lat="45.68103000000001" lon="6.174130000000001">
    <ele>1020.98</ele>
   </trkpt>
   <trkpt lat="45.6811" lon="6.1742300000000006">
    <ele>1022.5900000000001</ele>
   </trkpt>
   <trkpt lat="45.680980000000005" lon="6.1745">
    <ele>1026.0600000000002</ele>
   </trkpt>
   <trkpt lat="45.68097" lon="6.1748400000000006">
    <ele>1032.17</ele>
   </trkpt>
   <trkpt lat="45.681000000000004" lon="6.17501">
    <ele>1034.57</ele>
   </trkpt>
   <trkpt lat="45.68112000000001" lon="6.1752">
    <ele>1037.16</ele>
   </trkpt>
   <trkpt lat="45.681430000000006" lon="6.17555">
    <ele>1043.5800000000002</ele>
   </trkpt>
   <trkpt lat="45.68155" lon="6.175750000000001">
    <ele>1047.7500000000002</ele>
   </trkpt>
   <trkpt lat="45.681650000000005" lon="6.176">
    <ele>1050.65</ele>
   </trkpt>
   <trkpt lat="45.681740000000005" lon="6.1766000000000005">
    <ele>1062.72</ele>
   </trkpt>
   <trkpt lat="45.68173" lon="6.176690000000001">
    <ele>1062.93</ele>
   </trkpt>
   <trkpt lat="45.681720000000006" lon="6.17687">
    <ele>1063.29</ele>
   </trkpt>
   <trkpt lat="45.681670000000004" lon="6.17701">
    <ele>1063.3799999999999</ele>
   </trkpt>
   <trkpt lat="45.68157" lon="6.177130000000001">
    <ele>1067.4</ele>
   </trkpt>
   <trkpt lat="45.68153" lon="6.177250000000001">
    <ele>1073.3799999999999</ele>
   </trkpt>
   <trkpt lat="45.68150000000001" lon="6.1774700000000005">
    <ele>1074.7600000000002</ele>
   </trkpt>
   <trkpt lat="45.681520000000006" lon="6.178070000000001">
    <ele>1088.0500000000002</ele>
   </trkpt>
   <trkpt lat="45.681580000000004" lon="6.178190000000001">
    <ele>1090.95</ele>
   </trkpt>
   <trkpt lat="45.681610000000006" lon="6.1782">
    <ele>1093.65</ele>
   </trkpt>
   <trkpt lat="45.681960000000004" lon="6.179270000000001">
    <ele>1119.27</ele>
   </trkpt>
   <trkpt lat="45.68216" lon="6.17949">
    <ele>1130.21</ele>
   </trkpt>
   <trkpt lat="45.682520000000004" lon="6.179780000000001">
    <ele>1146.0400000000002</ele>
   </trkpt>
   <trkpt lat="45.68272" lon="6.17989">
    <ele>1158.29</ele>
   </trkpt>
   <trkpt lat="45.683130000000006" lon="6.180930000000001">
    <ele>1198.11</ele>
   </trkpt>
   <trkpt lat="45.683330000000005" lon="6.18123">
    <ele>1211.72</ele>
   </trkpt>
   <trkpt lat="45.683510000000005" lon="6.182270000000001">
    <ele>1252.2600000000002</ele>
   </trkpt>
   <trkpt lat="45.683640000000004" lon="6.18278">
    <ele>1284.6000000000001</ele>
   </trkpt>
   <trkpt lat="45.68361" lon="6.183090000000001">
    <ele>1303.97</ele>
   </trkpt>
   <trkpt lat="45.683710000000005" lon="6.1833800000000005">
    <ele>1310.3</ele>
   </trkpt>
   <trkpt lat="45.683690000000006" lon="6.184">
    <ele>1332.47</ele>
   </trkpt>
   <trkpt lat="45.68372" lon="6.18437">
    <ele>1345.72</ele>
   </trkpt>
   <trkpt lat="45.68372" lon="6.184710000000001">
    <ele>1356.3</ele>
   </trkpt>
   <trkpt lat="45.683710000000005" lon="6.18472">
    <ele>1356.3</ele>
   </trkpt>
   <trkpt lat="45.68377" lon="6.184900000000001">
    <ele>1368.3500000000001</ele>
   </trkpt>
   <trkpt lat="45.68377" lon="6.18505">
    <ele>1374.54</ele>
   </trkpt>
   <trkpt lat="45.68383" lon="6.18519">
    <ele>1374.54</ele>
   </trkpt>
   <trkpt lat="45.68385000000001" lon="6.18545">
    <ele>1393.8300000000002</ele>
   </trkpt>
   <trkpt lat="45.68403000000001" lon="6.185860000000001">
    <ele>1410.71</ele>
   </trkpt>
   <trkpt lat="45.68417" lon="6.186380000000001">
    <ele>1435.65</ele>
   </trkpt>
   <trkpt lat="45.684090000000005" lon="6.18681">
    <ele>1453.9</ele>
   </trkpt>
   <trkpt lat="45.683840000000004" lon="6.1875100000000005">
    <ele>1474.89</ele>
   </trkpt>
   <trkpt lat="45.683780000000006" lon="6.18796">
    <ele>1481.45</ele>
   </trkpt>
   <trkpt lat="45.683580000000006" lon="6.188230000000001">
    <ele>1495.8200000000002</ele>
   </trkpt>
   <trkpt lat="45.68354" lon="6.1883300000000006">
    <ele>1495.8200000000002</ele>
   </trkpt>
   <trkpt lat="45.68357" lon="6.188390000000001">
    <ele>1497.6299999999999</ele>
   </trkpt>
   <trkpt lat="45.683620000000005" lon="6.188370000000001">
    <ele>1499.2500000000002</ele>
   </trkpt>
   <trkpt lat="45.68361" lon="6.188510000000001">
    <ele>1501.6299999999999</ele>
   </trkpt>
   <trkpt lat="45.68343" lon="6.188630000000001">
    <ele>1503.91</ele>
   </trkpt>
   <trkpt lat="45.68323" lon="6.18864">
    <ele>1506.4</ele>
   </trkpt>
   <trkpt lat="45.683020000000006" lon="6.1886">
    <ele>1513.74</ele>
   </trkpt>
   <trkpt lat="45.68281" lon="6.1885">
    <ele>1520.18</ele>
   </trkpt>
   <trkpt lat="45.68276" lon="6.188490000000001">
    <ele>1521.5100000000002</ele>
   </trkpt>
   <trkpt lat="45.682750000000006" lon="6.188540000000001">
    <ele>1523.0</ele>
   </trkpt>
   <trkpt lat="45.6828" lon="6.1886600000000005">
    <ele>1526.65</ele>
   </trkpt>
   <trkpt lat="45.68276" lon="6.1886600000000005">
    <ele>1528.8100000000002</ele>
   </trkpt>
   <trkpt lat="45.68263" lon="6.1886">
    <ele>1535.6000000000001</ele>
   </trkpt>
   <trkpt lat="45.682520000000004" lon="6.188510000000001">
    <ele>1537.71</ele>
   </trkpt>
   <trkpt lat="45.68242" lon="6.18853">
    <ele>1545.46</ele>
   </trkpt>
   <trkpt lat="45.68263" lon="6.18876">
    <ele>1557.6100000000001</ele>
   </trkpt>
   <trkpt lat="45.68267" lon="6.1889400000000006">
    <ele>1562.16</ele>
   </trkpt>
   <trkpt lat="45.682660000000006" lon="6.189050000000001">
    <ele>1564.8400000000001</ele>
   </trkpt>
   <trkpt lat="45.68262000000001" lon="6.189050000000001">
    <ele>1564.8400000000001</ele>
   </trkpt>
   <trkpt lat="45.68251" lon="6.18892">
    <ele>1569.7200000000003</ele>
   </trkpt>
   <trkpt lat="45.68231" lon="6.188750000000001">
    <ele>1575.97</ele>
   </trkpt>
   <trkpt lat="45.68207" lon="6.188700000000001">
    <ele>1583.32</ele>
   </trkpt>
   <trkpt lat="45.681760000000004" lon="6.188680000000001">
    <ele>1591.74</ele>
   </trkpt>
   <trkpt lat="45.6816" lon="6.188720000000001">
    <ele>1596.06</ele>
   </trkpt>
   <trkpt lat="45.68142" lon="6.188960000000001">
    <ele>1594.0100000000002</ele>
   </trkpt>
   <trkpt lat="45.681290000000004" lon="6.189010000000001">
    <ele>1596.84</ele>
   </trkpt>
   <trkpt lat="45.68124" lon="6.18907">
    <ele>1596.84</ele>
   </trkpt>
   <trkpt lat="45.681110000000004" lon="6.189150000000001">
    <ele>1602.98</ele>
   </trkpt>
   <trkpt lat="45.68106" lon="6.18923">
    <ele>1606.2500000000002</ele>
   </trkpt>
   <trkpt lat="45.681070000000005" lon="6.18935">
    <ele>1606.2500000000002</ele>
   </trkpt>
   <trkpt lat="45.68112000000001" lon="6.18942">
    <ele>1613.3000000000002</ele>
   </trkpt>
   <trkpt lat="45.68112000000001" lon="6.1894800000000005">
    <ele>1613.3000000000002</ele>
   </trkpt>
   <trkpt lat="45.68117" lon="6.18958">
    <ele>1613.3000000000002</ele>
   </trkpt>
   <trkpt lat="45.681180000000005" lon="6.18972">
    <ele>1622.5200000000002</ele>
   </trkpt>
   <trkpt lat="45.681230000000006" lon="6.189830000000001">
    <ele>1627.92</ele>
   </trkpt>
   <trkpt lat="45.68121000000001" lon="6.189970000000001">
    <ele>1627.92</ele>
   </trkpt>
   <trkpt lat="45.681160000000006" lon="6.190040000000001">
    <ele>1631.2600000000002</ele>
   </trkpt>
   <trkpt lat="45.68119" lon="6.190150000000001">
    <ele>1636.0400000000002</ele>
   </trkpt>
   <trkpt lat="45.681360000000005" lon="6.190130000000001">
    <ele>1641.19</ele>
   </trkpt>
   <trkpt lat="45.68146" lon="6.190180000000001">
    <ele>1646.8</ele>
   </trkpt>
   <trkpt lat="45.681520000000006" lon="6.19024">
    <ele>1646.8</ele>
   </trkpt>
   <trkpt lat="45.68150000000001" lon="6.1902800000000004">
    <ele>1646.8</ele>
   </trkpt>
   <trkpt lat="45.68150000000001" lon="6.190340000000001">
    <ele>1656.7500000000002</ele>
   </trkpt>
   <trkpt lat="45.68159000000001" lon="6.19038">
    <ele>1656.7500000000002</ele>
   </trkpt>
   <trkpt lat="45.681610000000006" lon="6.190410000000001">
    <ele>1656.7500000000002</ele>
   </trkpt>
   <trkpt lat="45.681450000000005" lon="6.190620000000001">
    <ele>1666.29</ele>
   </trkpt>
   <trkpt lat="45.68148" lon="6.1907000000000005">
    <ele>1668.49</ele>
   </trkpt>
   <trkpt lat="45.681450000000005" lon="6.19078">
    <ele>1675.52</ele>
   </trkpt>
   <trkpt lat="45.681470000000004" lon="6.19085">
    <ele>1675.52</ele>
   </trkpt>
   <trkpt lat="45.681230000000006" lon="6.191280000000001">
    <ele>1698.94</ele>
   </trkpt>
   <trkpt lat="45.681290000000004" lon="6.191330000000001">
    <ele>1698.94</ele>
   </trkpt>
   <trkpt lat="45.681200000000004" lon="6.19151">
    <ele>1702.96</ele>
   </trkpt>
   <trkpt lat="45.68119" lon="6.191660000000001">
    <ele>1712.7500000000002</ele>
   </trkpt>
   <trkpt lat="45.681140000000006" lon="6.191910000000001">
    <ele>1716.8600000000001</ele>
   </trkpt>
   <trkpt lat="45.681140000000006" lon="6.192130000000001">
    <ele>1726.18</ele>
   </trkpt>
   <trkpt lat="45.68117" lon="6.19223">
    <ele>1730.5400000000002</ele>
   </trkpt>
   <trkpt lat="45.681160000000006" lon="6.1923">
    <ele>1732.3400000000001</ele>
   </trkpt>
   <trkpt lat="45.681070000000005" lon="6.19251">
    <ele>1737.0400000000002</ele>
   </trkpt>
   <trkpt lat="45.68106" lon="6.192660000000001">
    <ele>1739.8300000000002</ele>
   </trkpt>
   <trkpt lat="45.68108" lon="6.192950000000001">
    <ele>1748.0900000000001</ele>
   </trkpt>
   <trkpt lat="45.68121000000001" lon="6.1929300000000005">
    <ele>1750.6100000000001</ele>
   </trkpt>
   <trkpt lat="45.68135" lon="6.1927900000000005">
    <ele>1756.91</ele>
   </trkpt>
   <trkpt lat="45.68142" lon="6.19265">
    <ele>1759.9600000000003</ele>
   </trkpt>
   <trkpt lat="45.68150000000001" lon="6.1926000000000005">
    <ele>1764.14</ele>
   </trkpt>
   <trkpt lat="45.6816" lon="6.19261">
    <ele>1768.65</ele>
   </trkpt>
   <trkpt lat="45.68198" lon="6.1930000000000005">
    <ele>1778.3500000000001</ele>
   </trkpt>
   <trkpt lat="45.68211" lon="6.19305">
    <ele>1781.43</ele>
   </trkpt>
   <trkpt lat="45.6826450006692" lon="6.1934849957132085">
    <ele>1800.3700000000001</ele>
   </trkpt>
   <trkpt lat="45.68318000000001" lon="6.19392">
    <ele>1827.14</ele>
   </trkpt>
   <trkpt lat="45.6839" lon="6.19399">
    <ele>1842.5200000000002</ele>
   </trkpt>
   <trkpt lat="45.684380000000004" lon="6.193840000000001">
    <ele>1856.3200000000002</ele>
   </trkpt>
   <trkpt lat="45.68507" lon="6.193770000000001">
    <ele>1874.96</ele>
   </trkpt>
   <trkpt lat="45.685520000000004" lon="6.193580000000001">
    <ele>1894.0100000000002</ele>
   </trkpt>
   <trkpt lat="45.685950000000005" lon="6.19364">
    <ele>1906.7500000000002</ele>
   </trkpt>
   <trkpt lat="45.68643" lon="6.193530000000001">
    <ele>1925.5300000000002</ele>
   </trkpt>
   <trkpt lat="45.68663" lon="6.19345">
    <ele>1932.7600000000002</ele>
   </trkpt>
   <trkpt lat="45.68695" lon="6.19338">
    <ele>1942.02</ele>
   </trkpt>
   <trkpt lat="45.687020000000004" lon="6.1934000000000005">
    <ele>1945.8200000000002</ele>
   </trkpt>
   <trkpt lat="45.68704" lon="6.193370000000001">
    <ele>1945.8200000000002</ele>
   </trkpt>
   <trkpt lat="45.68706" lon="6.19338">
    <ele>1947.93</ele>
   </trkpt>
   <trkpt lat="45.68708" lon="6.193350000000001">
    <ele>1950.17</ele>
   </trkpt>
   <trkpt lat="45.68715" lon="6.193350000000001">
    <ele>1950.17</ele>
   </trkpt>
   <trkpt lat="45.687180000000005" lon="6.193320000000001">
    <ele>1957.0900000000001</ele>
   </trkpt>
   <trkpt lat="45.687290000000004" lon="6.193270000000001">
    <ele>1961.21</ele>
   </trkpt>
   <trkpt lat="45.687400000000004" lon="6.19334">
    <ele>1963.0</ele>
   </trkpt>
   <trkpt lat="45.68746" lon="6.19334">
    <ele>1967.8700000000001</ele>
   </trkpt>
   <trkpt lat="45.687490000000004" lon="6.193320000000001">
    <ele>1967.8700000000001</ele>
   </trkpt>
   <trkpt lat="45.68759000000001" lon="6.193320000000001">
    <ele>1973.64</ele>
   </trkpt>
   <trkpt lat="45.68761000000001" lon="6.19329">
    <ele>1973.64</ele>
   </trkpt>
   <trkpt lat="45.68770000000001" lon="6.193280000000001">
    <ele>1978.0400000000002</ele>
   </trkpt>
   <trkpt lat="45.68773" lon="6.19322">
    <ele>1978.0400000000002</ele>
   </trkpt>
   <trkpt lat="45.687810000000006" lon="6.19315">
    <ele>1987.14</ele>
   </trkpt>
   <trkpt lat="45.68789" lon="6.19312">
    <ele>1991.5900000000001</ele>
   </trkpt>
   <trkpt lat="45.687900000000006" lon="6.19308">
    <ele>1991.5900000000001</ele>
   </trkpt>
   <trkpt lat="45.688030000000005" lon="6.193060000000001">
    <ele>1997.9400000000003</ele>
   </trkpt>
   <trkpt lat="45.688100000000006" lon="6.1930000000000005">
    <ele>2001.8899999999999</ele>
   </trkpt>
   <trkpt lat="45.68813" lon="6.192950000000001">
    <ele>2003.63</ele>
   </trkpt>
   <trkpt lat="45.688190000000006" lon="6.1930000000000005">
    <ele>2005.08</ele>
   </trkpt>
   <trkpt lat="45.688460000000006" lon="6.19341">
    <ele>2008.9900000000002</ele>
   </trkpt>
   <trkpt lat="45.68849" lon="6.193510000000001">
    <ele>2010.24</ele>
   </trkpt>
   <trkpt lat="45.6886" lon="6.193670000000001">
    <ele>2013.1100000000001</ele>
   </trkpt>
   <trkpt lat="45.68862" lon="6.19376">
    <ele>2014.88</ele>
   </trkpt>
   <trkpt lat="45.688680000000005" lon="6.193880000000001">
    <ele>2016.34</ele>
   </trkpt>
   <trkpt lat="45.68871" lon="6.1940100000000005">
    <ele>2017.6700000000003</ele>
   </trkpt>
   <trkpt lat="45.68876" lon="6.194100000000001">
    <ele>2019.25</ele>
   </trkpt>
   <trkpt lat="45.68878" lon="6.1943">
    <ele>2023.21</ele>
   </trkpt>
   <trkpt lat="45.68887" lon="6.194660000000001">
    <ele>2038.5400000000002</ele>
   </trkpt>
   <trkpt lat="45.68889" lon="6.1948300000000005">
    <ele>2044.21</ele>
   </trkpt>
   <trkpt lat="45.68896" lon="6.194940000000001">
    <ele>2051.87</ele>
   </trkpt>
   <trkpt lat="45.68896" lon="6.195030000000001">
    <ele>2053.92</ele>
   </trkpt>
   <trkpt lat="45.68900000000001" lon="6.19512">
    <ele>2056.7000000000003</ele>
   </trkpt>
   <trkpt lat="45.68896" lon="6.195340000000001">
    <ele>2058.8</ele>
   </trkpt>
   <trkpt lat="45.688970000000005" lon="6.1957">
    <ele>2065.03</ele>
   </trkpt>
   <trkpt lat="45.688990000000004" lon="6.195760000000001">
    <ele>2067.3</ele>
   </trkpt>
   <trkpt lat="45.689020000000006" lon="6.19577">
    <ele>2067.3</ele>
   </trkpt>
   <trkpt lat="45.689020000000006" lon="6.19585">
    <ele>2075.58</ele>
   </trkpt>
   <trkpt lat="45.68905" lon="6.195880000000001">
    <ele>2075.58</ele>
   </trkpt>
   <trkpt lat="45.68905" lon="6.19603">
    <ele>2087.31</ele>
   </trkpt>
   <trkpt lat="45.689080000000004" lon="6.1960500000000005">
    <ele>2087.31</ele>
   </trkpt>
   <trkpt lat="45.68909" lon="6.19613">
    <ele>2087.31</ele>
   </trkpt>
   <trkpt lat="45.68905" lon="6.19617">
    <ele>2092.76</ele>
   </trkpt>
   <trkpt lat="45.68907" lon="6.1961900000000005">
    <ele>2092.76</ele>
   </trkpt>
   <trkpt lat="45.68905" lon="6.1962600000000005">
    <ele>2095.27</ele>
   </trkpt>
   <trkpt lat="45.68911000000001" lon="6.19636">
    <ele>2100.06</ele>
   </trkpt>
   <trkpt lat="45.68921" lon="6.19643">
    <ele>2105.59</ele>
   </trkpt>
   <trkpt lat="45.689280000000004" lon="6.196440000000001">
    <ele>2106.37</ele>
   </trkpt>
   <trkpt lat="45.68941" lon="6.196400000000001">
    <ele>2106.3300000000004</ele>
   </trkpt>
   <trkpt lat="45.68945" lon="6.19641">
    <ele>2106.0600000000004</ele>
   </trkpt>
   <trkpt lat="45.689510000000006" lon="6.19653">
    <ele>2105.65</ele>
   </trkpt>
   <trkpt lat="45.68967000000001" lon="6.196490000000001">
    <ele>2106.58</ele>
   </trkpt>
   <trkpt lat="45.68974" lon="6.196510000000001">
    <ele>2107.6200000000003</ele>
   </trkpt>
   <trkpt lat="45.68977" lon="6.196490000000001">
    <ele>2107.6200000000003</ele>
   </trkpt>
   <trkpt lat="45.68979" lon="6.19653">
    <ele>2108.5200000000004</ele>
   </trkpt>
   <trkpt lat="45.689870000000006" lon="6.1965200000000005">
    <ele>2109.1800000000003</ele>
   </trkpt>
   <trkpt lat="45.689890000000005" lon="6.196560000000001">
    <ele>2110.1400000000003</ele>
   </trkpt>
   <trkpt lat="45.69012" lon="6.1965900000000005">
    <ele>2116.93</ele>
   </trkpt>
   <trkpt lat="45.690180000000005" lon="6.196630000000001">
    <ele>2119.0200000000004</ele>
   </trkpt>
   <trkpt lat="45.69021" lon="6.19669">
    <ele>2119.82</ele>
   </trkpt>
   <trkpt lat="45.690340000000006" lon="6.19674">
    <ele>2121.4900000000002</ele>
   </trkpt>
   <trkpt lat="45.69041000000001" lon="6.1968000000000005">
    <ele>2121.7900000000004</ele>
   </trkpt>
   <trkpt lat="45.690490000000004" lon="6.196820000000001">
    <ele>2121.65</ele>
   </trkpt>
   <trkpt lat="45.69051" lon="6.196790000000001">
    <ele>2121.3900000000003</ele>
   </trkpt>
   <trkpt lat="45.69055" lon="6.19678">
    <ele>2120.75</ele>
   </trkpt>
   <trkpt lat="45.690690000000004" lon="6.196840000000001">
    <ele>2120.06</ele>
   </trkpt>
   <trkpt lat="45.69079000000001" lon="6.196820000000001">
    <ele>2118.52</ele>
   </trkpt>
   <trkpt lat="45.69091" lon="6.196820000000001">
    <ele>2117.1600000000003</ele>
   </trkpt>
   <trkpt lat="45.69115" lon="6.19676">
    <ele>2115.69</ele>
   </trkpt>
   <trkpt lat="45.691210000000005" lon="6.19678">
    <ele>2116.0400000000004</ele>
   </trkpt>
   <trkpt lat="45.69126000000001" lon="6.19676">
    <ele>2116.48</ele>
   </trkpt>
   <trkpt lat="45.69135000000001" lon="6.19683">
    <ele>2117.44</ele>
   </trkpt>
   <trkpt lat="45.691410000000005" lon="6.19685">
    <ele>2118.31</ele>
   </trkpt>
   <trkpt lat="45.69155000000001" lon="6.196840000000001">
    <ele>2120.32</ele>
   </trkpt>
   <trkpt lat="45.69162" lon="6.196770000000001">
    <ele>2123.5099999999998</ele>
   </trkpt>
   <trkpt lat="45.69167" lon="6.19678">
    <ele>2123.5099999999998</ele>
   </trkpt>
   <trkpt lat="45.691930000000006" lon="6.19676">
    <ele>2128.4</ele>
   </trkpt>
   <trkpt lat="45.69198" lon="6.1967300000000005">
    <ele>2128.6200000000003</ele>
   </trkpt>
   <trkpt lat="45.692040000000006" lon="6.1966600000000005">
    <ele>2128.82</ele>
   </trkpt>
   <trkpt lat="45.69212" lon="6.196630000000001">
    <ele>2129.0400000000004</ele>
   </trkpt>
   <trkpt lat="45.692280000000004" lon="6.1964500000000005">
    <ele>2129.2</ele>
   </trkpt>
   <trkpt lat="45.692240000000005" lon="6.19643">
    <ele>2128.42</ele>
   </trkpt>
   <trkpt lat="45.692190000000004" lon="6.19646">
    <ele>2126.3300000000004</ele>
   </trkpt>
   <trkpt lat="45.69207" lon="6.196470000000001">
    <ele>2126.7500000000005</ele>
   </trkpt>
   <trkpt lat="45.69189" lon="6.196650000000001">
    <ele>2123.46</ele>
   </trkpt>
   <trkpt lat="45.691860000000005" lon="6.196630000000001">
    <ele>2122.4</ele>
   </trkpt>
   <trkpt lat="45.6918" lon="6.19664">
    <ele>2121.2200000000003</ele>
   </trkpt>
   <trkpt lat="45.69178" lon="6.19662">
    <ele>2119.93</ele>
   </trkpt>
   <trkpt lat="45.69187" lon="6.196420000000001">
    <ele>2113.0600000000004</ele>
   </trkpt>
   <trkpt lat="45.691860000000005" lon="6.196370000000001">
    <ele>2113.0600000000004</ele>
   </trkpt>
   <trkpt lat="45.69167" lon="6.19643">
    <ele>2107.31</ele>
   </trkpt>
   <trkpt lat="45.69147" lon="6.1962">
    <ele>2094.26</ele>
   </trkpt>
   <trkpt lat="45.691500000000005" lon="6.196160000000001">
    <ele>2094.26</ele>
   </trkpt>
   <trkpt lat="45.691570000000006" lon="6.1961900000000005">
    <ele>2091.63</ele>
   </trkpt>
   <trkpt lat="45.69162" lon="6.196180000000001">
    <ele>2091.63</ele>
   </trkpt>
   <trkpt lat="45.69171" lon="6.195950000000001">
    <ele>2085.69</ele>
   </trkpt>
   <trkpt lat="45.691770000000005" lon="6.19594">
    <ele>2085.69</ele>
   </trkpt>
   <trkpt lat="45.691810000000004" lon="6.19596">
    <ele>2085.69</ele>
   </trkpt>
   <trkpt lat="45.69182000000001" lon="6.195950000000001">
    <ele>2085.69</ele>
   </trkpt>
   <trkpt lat="45.69187" lon="6.195860000000001">
    <ele>2082.6600000000003</ele>
   </trkpt>
   <trkpt lat="45.691900000000004" lon="6.19573">
    <ele>2082.6600000000003</ele>
   </trkpt>
   <trkpt lat="45.69205" lon="6.19556">
    <ele>2074.63</ele>
   </trkpt>
   <trkpt lat="45.6921" lon="6.19542">
    <ele>2070.65</ele>
   </trkpt>
   <trkpt lat="45.692190000000004" lon="6.19531">
    <ele>2068.2599999999998</ele>
   </trkpt>
   <trkpt lat="45.692220000000006" lon="6.195200000000001">
    <ele>2066.2200000000003</ele>
   </trkpt>
   <trkpt lat="45.6923" lon="6.195150000000001">
    <ele>2064.57</ele>
   </trkpt>
   <trkpt lat="45.692330000000005" lon="6.19505">
    <ele>2063.8900000000003</ele>
   </trkpt>
   <trkpt lat="45.69241" lon="6.194990000000001">
    <ele>2062.79</ele>
   </trkpt>
   <trkpt lat="45.69243" lon="6.19495">
    <ele>2062.3300000000004</ele>
   </trkpt>
   <trkpt lat="45.692690000000006" lon="6.19481">
    <ele>2060.32</ele>
   </trkpt>
   <trkpt lat="45.692890000000006" lon="6.19477">
    <ele>2058.0800000000004</ele>
   </trkpt>
   <trkpt lat="45.693130000000004" lon="6.194780000000001">
    <ele>2051.53</ele>
   </trkpt>
   <trkpt lat="45.69348" lon="6.19486">
    <ele>2047.8700000000001</ele>
   </trkpt>
   <trkpt lat="45.69364" lon="6.19484">
    <ele>2044.5600000000002</ele>
   </trkpt>
   <trkpt lat="45.693760000000005" lon="6.19477">
    <ele>2042.8000000000002</ele>
   </trkpt>
   <trkpt lat="45.693920000000006" lon="6.194640000000001">
    <ele>2038.1100000000001</ele>
   </trkpt>
   <trkpt lat="45.69395" lon="6.194640000000001">
    <ele>2038.1100000000001</ele>
   </trkpt>
   <trkpt lat="45.69407" lon="6.19453">
    <ele>2035.12</ele>
   </trkpt>
   <trkpt lat="45.69413" lon="6.19451">
    <ele>2034.03</ele>
   </trkpt>
   <trkpt lat="45.69408000000001" lon="6.19446">
    <ele>2029.39</ele>
   </trkpt>
   <trkpt lat="45.69388000000001" lon="6.194350000000001">
    <ele>2029.39</ele>
   </trkpt>
   <trkpt lat="45.693850000000005" lon="6.19434">
    <ele>2029.39</ele>
   </trkpt>
   <trkpt lat="45.693760000000005" lon="6.1943600000000005">
    <ele>2020.5900000000004</ele>
   </trkpt>
   <trkpt lat="45.693650000000005" lon="6.19434">
    <ele>2020.5900000000004</ele>
   </trkpt>
   <trkpt lat="45.69379000000001" lon="6.194210000000001">
    <ele>2017.03</ele>
   </trkpt>
   <trkpt lat="45.69384" lon="6.194140000000001">
    <ele>2014.7400000000002</ele>
   </trkpt>
   <trkpt lat="45.693920000000006" lon="6.1940800000000005">
    <ele>2012.64</ele>
   </trkpt>
   <trkpt lat="45.69406" lon="6.194030000000001">
    <ele>2007.6</ele>
   </trkpt>
   <trkpt lat="45.694120000000005" lon="6.193980000000001">
    <ele>2007.6</ele>
   </trkpt>
   <trkpt lat="45.69435000000001" lon="6.193910000000001">
    <ele>2000.1900000000003</ele>
   </trkpt>
   <trkpt lat="45.69449" lon="6.193890000000001">
    <ele>2000.1900000000003</ele>
   </trkpt>
   <trkpt lat="45.69453" lon="6.1939">
    <ele>1994.96</ele>
   </trkpt>
   <trkpt lat="45.69471" lon="6.19385">
    <ele>1992.76</ele>
   </trkpt>
   <trkpt lat="45.694630000000004" lon="6.19376">
    <ele>1992.76</ele>
   </trkpt>
   <trkpt lat="45.69462" lon="6.193720000000001">
    <ele>1988.15</ele>
   </trkpt>
   <trkpt lat="45.69426000000001" lon="6.19336">
    <ele>1978.3100000000002</ele>
   </trkpt>
   <trkpt lat="45.69442" lon="6.193320000000001">
    <ele>1975.1000000000001</ele>
   </trkpt>
   <trkpt lat="45.69454" lon="6.1933300000000004">
    <ele>1975.1000000000001</ele>
   </trkpt>
   <trkpt lat="45.69474" lon="6.193280000000001">
    <ele>1966.77</ele>
   </trkpt>
   <trkpt lat="45.6948" lon="6.19329">
    <ele>1966.77</ele>
   </trkpt>
   <trkpt lat="45.69485" lon="6.193250000000001">
    <ele>1966.77</ele>
   </trkpt>
   <trkpt lat="45.695" lon="6.193230000000001">
    <ele>1962.43</ele>
   </trkpt>
   <trkpt lat="45.69507" lon="6.19324">
    <ele>1959.24</ele>
   </trkpt>
   <trkpt lat="45.69516" lon="6.193280000000001">
    <ele>1958.22</ele>
   </trkpt>
   <trkpt lat="45.695060000000005" lon="6.193130000000001">
    <ele>1954.44</ele>
   </trkpt>
   <trkpt lat="45.694860000000006" lon="6.1930000000000005">
    <ele>1949.9800000000002</ele>
   </trkpt>
   <trkpt lat="45.69482000000001" lon="6.192900000000001">
    <ele>1949.24</ele>
   </trkpt>
   <trkpt lat="45.694750000000006" lon="6.192830000000001">
    <ele>1948.4500000000003</ele>
   </trkpt>
   <trkpt lat="45.694720000000004" lon="6.19282">
    <ele>1948.4500000000003</ele>
   </trkpt>
   <trkpt lat="45.69469" lon="6.19277">
    <ele>1945.0800000000002</ele>
   </trkpt>
   <trkpt lat="45.69454" lon="6.192710000000001">
    <ele>1943.44</ele>
   </trkpt>
   <trkpt lat="45.69444000000001" lon="6.192760000000001">
    <ele>1941.72</ele>
   </trkpt>
   <trkpt lat="45.694320000000005" lon="6.192760000000001">
    <ele>1938.7200000000003</ele>
   </trkpt>
   <trkpt lat="45.694140000000004" lon="6.192690000000001">
    <ele>1933.8700000000001</ele>
   </trkpt>
   <trkpt lat="45.69413" lon="6.192670000000001">
    <ele>1932.53</ele>
   </trkpt>
   <trkpt lat="45.69417000000001" lon="6.19265">
    <ele>1932.53</ele>
   </trkpt>
   <trkpt lat="45.69446000000001" lon="6.19226">
    <ele>1921.3500000000001</ele>
   </trkpt>
   <trkpt lat="45.69449" lon="6.19219">
    <ele>1916.94</ele>
   </trkpt>
   <trkpt lat="45.694500000000005" lon="6.1921100000000004">
    <ele>1916.94</ele>
   </trkpt>
   <trkpt lat="45.69455000000001" lon="6.192030000000001">
    <ele>1913.92</ele>
   </trkpt>
   <trkpt lat="45.69458" lon="6.19193">
    <ele>1913.92</ele>
   </trkpt>
   <trkpt lat="45.69465" lon="6.191870000000001">
    <ele>1911.9800000000002</ele>
   </trkpt>
   <trkpt lat="45.694700000000005" lon="6.19186">
    <ele>1911.9800000000002</ele>
   </trkpt>
   <trkpt lat="45.694790000000005" lon="6.1917800000000005">
    <ele>1909.21</ele>
   </trkpt>
   <trkpt lat="45.69482000000001" lon="6.1917100000000005">
    <ele>1907.2900000000002</ele>
   </trkpt>
   <trkpt lat="45.69487" lon="6.19167">
    <ele>1905.14</ele>
   </trkpt>
   <trkpt lat="45.69491000000001" lon="6.191520000000001">
    <ele>1902.8400000000001</ele>
   </trkpt>
   <trkpt lat="45.69496" lon="6.191420000000001">
    <ele>1900.7</ele>
   </trkpt>
   <trkpt lat="45.69501" lon="6.191350000000001">
    <ele>1899.8000000000002</ele>
   </trkpt>
   <trkpt lat="45.695130000000006" lon="6.1912400000000005">
    <ele>1898.03</ele>
   </trkpt>
   <trkpt lat="45.69523" lon="6.191090000000001">
    <ele>1897.21</ele>
   </trkpt>
   <trkpt lat="45.695510000000006" lon="6.191000000000001">
    <ele>1897.2600000000002</ele>
   </trkpt>
   <trkpt lat="45.69559" lon="6.19099">
    <ele>1897.1100000000001</ele>
   </trkpt>
   <trkpt lat="45.69586" lon="6.190860000000001">
    <ele>1895.7</ele>
   </trkpt>
   <trkpt lat="45.69601" lon="6.190880000000001">
    <ele>1894.7200000000003</ele>
   </trkpt>
   <trkpt lat="45.69612" lon="6.1908">
    <ele>1893.16</ele>
   </trkpt>
   <trkpt lat="45.69632000000001" lon="6.19078">
    <ele>1891.9500000000003</ele>
   </trkpt>
   <trkpt lat="45.696360000000006" lon="6.19073">
    <ele>1891.9500000000003</ele>
   </trkpt>
   <trkpt lat="45.69641" lon="6.19071">
    <ele>1890.9300000000003</ele>
   </trkpt>
   <trkpt lat="45.696560000000005" lon="6.19059">
    <ele>1888.57</ele>
   </trkpt>
   <trkpt lat="45.696540000000006" lon="6.190530000000001">
    <ele>1888.57</ele>
   </trkpt>
   <trkpt lat="45.69643000000001" lon="6.1904200000000005">
    <ele>1885.6000000000001</ele>
   </trkpt>
   <trkpt lat="45.69644" lon="6.190390000000001">
    <ele>1885.6000000000001</ele>
   </trkpt>
   <trkpt lat="45.696490000000004" lon="6.1904200000000005">
    <ele>1883.2700000000002</ele>
   </trkpt>
   <trkpt lat="45.69657" lon="6.190410000000001">
    <ele>1881.7800000000002</ele>
   </trkpt>
   <trkpt lat="45.696630000000006" lon="6.19043">
    <ele>1878.5800000000002</ele>
   </trkpt>
   <trkpt lat="45.696810000000006" lon="6.19057">
    <ele>1871.7100000000003</ele>
   </trkpt>
   <trkpt lat="45.696850000000005" lon="6.19054">
    <ele>1871.7100000000003</ele>
   </trkpt>
   <trkpt lat="45.69689" lon="6.19054">
    <ele>1870.3400000000001</ele>
   </trkpt>
   <trkpt lat="45.69695" lon="6.190510000000001">
    <ele>1868.9</ele>
   </trkpt>
   <trkpt lat="45.697070000000004" lon="6.19036">
    <ele>1862.96</ele>
   </trkpt>
   <trkpt lat="45.697320000000005" lon="6.19029">
    <ele>1856.57</ele>
   </trkpt>
   <trkpt lat="45.69736" lon="6.190250000000001">
    <ele>1852.7000000000003</ele>
   </trkpt>
   <trkpt lat="45.69746000000001" lon="6.190200000000001">
    <ele>1851.52</ele>
   </trkpt>
   <trkpt lat="45.69769" lon="6.1901600000000006">
    <ele>1847.8300000000002</ele>
   </trkpt>
   <trkpt lat="45.697970000000005" lon="6.18979">
    <ele>1843.71</ele>
   </trkpt>
   <trkpt lat="45.698010000000004" lon="6.189590000000001">
    <ele>1841.2700000000002</ele>
   </trkpt>
   <trkpt lat="45.698130000000006" lon="6.1895500000000006">
    <ele>1838.03</ele>
   </trkpt>
   <trkpt lat="45.698330000000006" lon="6.1893">
    <ele>1833.5100000000002</ele>
   </trkpt>
   <trkpt lat="45.698350000000005" lon="6.18923">
    <ele>1830.4300000000003</ele>
   </trkpt>
   <trkpt lat="45.69854" lon="6.189120000000001">
    <ele>1827.5</ele>
   </trkpt>
   <trkpt lat="45.698660000000004" lon="6.18909">
    <ele>1826.0600000000002</ele>
   </trkpt>
   <trkpt lat="45.698930000000004" lon="6.18914">
    <ele>1822.45</ele>
   </trkpt>
   <trkpt lat="45.69899" lon="6.189170000000001">
    <ele>1821.0000000000002</ele>
   </trkpt>
   <trkpt lat="45.699130000000004" lon="6.189170000000001">
    <ele>1819.3000000000002</ele>
   </trkpt>
   <trkpt lat="45.69924" lon="6.189220000000001">
    <ele>1818.3600000000001</ele>
   </trkpt>
   <trkpt lat="45.69939" lon="6.189220000000001">
    <ele>1816.5600000000002</ele>
   </trkpt>
   <trkpt lat="45.6995" lon="6.18925">
    <ele>1815.1100000000001</ele>
   </trkpt>
   <trkpt lat="45.69959" lon="6.18925">
    <ele>1814.24</ele>
   </trkpt>
   <trkpt lat="45.69971" lon="6.1893">
    <ele>1810.4</ele>
   </trkpt>
   <trkpt lat="45.69979000000001" lon="6.1893">
    <ele>1808.66</ele>
   </trkpt>
   <trkpt lat="45.7" lon="6.1894100000000005">
    <ele>1805.17</ele>
   </trkpt>
   <trkpt lat="45.70027" lon="6.189430000000001">
    <ele>1801.7600000000002</ele>
   </trkpt>
   <trkpt lat="45.7004" lon="6.189470000000001">
    <ele>1800.6200000000001</ele>
   </trkpt>
   <trkpt lat="45.70058" lon="6.189620000000001">
    <ele>1800.55</ele>
   </trkpt>
   <trkpt lat="45.70073000000001" lon="6.18968">
    <ele>1800.2900000000002</ele>
   </trkpt>
   <trkpt lat="45.70096" lon="6.189640000000001">
    <ele>1798.52</ele>
   </trkpt>
   <trkpt lat="45.70116" lon="6.189830000000001">
    <ele>1795.43</ele>
   </trkpt>
   <trkpt lat="45.7013" lon="6.189940000000001">
    <ele>1795.5</ele>
   </trkpt>
   <trkpt lat="45.701570000000004" lon="6.18986">
    <ele>1798.7400000000002</ele>
   </trkpt>
   <trkpt lat="45.70167000000001" lon="6.189900000000001">
    <ele>1798.76</ele>
   </trkpt>
   <trkpt lat="45.7017" lon="6.189990000000001">
    <ele>1798.76</ele>
   </trkpt>
   <trkpt lat="45.70186" lon="6.1901">
    <ele>1807.1500000000003</ele>
   </trkpt>
   <trkpt lat="45.701930000000004" lon="6.190080000000001">
    <ele>1807.1500000000003</ele>
   </trkpt>
   <trkpt lat="45.70203" lon="6.1901600000000006">
    <ele>1810.95</ele>
   </trkpt>
   <trkpt lat="45.70237" lon="6.19036">
    <ele>1818.9700000000003</ele>
   </trkpt>
   <trkpt lat="45.702450000000006" lon="6.190390000000001">
    <ele>1819.5400000000002</ele>
   </trkpt>
   <trkpt lat="45.70261000000001" lon="6.1904">
    <ele>1821.49</ele>
   </trkpt>
   <trkpt lat="45.702760000000005" lon="6.190460000000001">
    <ele>1823.29</ele>
   </trkpt>
   <trkpt lat="45.70290000000001" lon="6.190480000000001">
    <ele>1823.66</ele>
   </trkpt>
   <trkpt lat="45.70299000000001" lon="6.1907000000000005">
    <ele>1825.8400000000001</ele>
   </trkpt>
   <trkpt lat="45.70327" lon="6.191120000000001">
    <ele>1833.19</ele>
   </trkpt>
   <trkpt lat="45.703320000000005" lon="6.19118">
    <ele>1834.03</ele>
   </trkpt>
   <trkpt lat="45.70338" lon="6.191190000000001">
    <ele>1834.96</ele>
   </trkpt>
   <trkpt lat="45.703430000000004" lon="6.191230000000001">
    <ele>1835.9900000000002</ele>
   </trkpt>
   <trkpt lat="45.70349" lon="6.191210000000001">
    <ele>1838.3200000000002</ele>
   </trkpt>
   <trkpt lat="45.70349" lon="6.19106">
    <ele>1839.5400000000002</ele>
   </trkpt>
   <trkpt lat="45.70336" lon="6.190860000000001">
    <ele>1842.1900000000003</ele>
   </trkpt>
   <trkpt lat="45.703340000000004" lon="6.19078">
    <ele>1842.1900000000003</ele>
   </trkpt>
   <trkpt lat="45.703340000000004" lon="6.190670000000001">
    <ele>1843.79</ele>
   </trkpt>
   <trkpt lat="45.70338" lon="6.19057">
    <ele>1845.0700000000002</ele>
   </trkpt>
   <trkpt lat="45.70338" lon="6.190510000000001">
    <ele>1845.0700000000002</ele>
   </trkpt>
   <trkpt lat="45.703430000000004" lon="6.1904200000000005">
    <ele>1846.5900000000001</ele>
   </trkpt>
   <trkpt lat="45.70347" lon="6.1904200000000005">
    <ele>1848.2200000000003</ele>
   </trkpt>
   <trkpt lat="45.703500000000005" lon="6.19045">
    <ele>1848.2200000000003</ele>
   </trkpt>
   <trkpt lat="45.70355000000001" lon="6.190440000000001">
    <ele>1849.9500000000003</ele>
   </trkpt>
   <trkpt lat="45.70362" lon="6.190460000000001">
    <ele>1849.9500000000003</ele>
   </trkpt>
   <trkpt lat="45.70378" lon="6.190390000000001">
    <ele>1854.74</ele>
   </trkpt>
   <trkpt lat="45.70389" lon="6.190370000000001">
    <ele>1857.2400000000002</ele>
   </trkpt>
   <trkpt lat="45.70398" lon="6.19031">
    <ele>1857.2400000000002</ele>
   </trkpt>
   <trkpt lat="45.704010000000004" lon="6.190320000000001">
    <ele>1857.2400000000002</ele>
   </trkpt>
   <trkpt lat="45.70403" lon="6.190300000000001">
    <ele>1861.7500000000002</ele>
   </trkpt>
   <trkpt lat="45.704010000000004" lon="6.190220000000001">
    <ele>1861.7500000000002</ele>
   </trkpt>
   <trkpt lat="45.70403" lon="6.19019">
    <ele>1861.7500000000002</ele>
   </trkpt>
   <trkpt lat="45.704080000000005" lon="6.19019">
    <ele>1861.7500000000002</ele>
   </trkpt>
   <trkpt lat="45.704100000000004" lon="6.19014">
    <ele>1865.11</ele>
   </trkpt>
   <trkpt lat="45.704150000000006" lon="6.190080000000001">
    <ele>1865.11</ele>
   </trkpt>
   <trkpt lat="45.7043" lon="6.190060000000001">
    <ele>1867.9200000000003</ele>
   </trkpt>
   <trkpt lat="45.70431000000001" lon="6.18998">
    <ele>1869.5900000000001</ele>
   </trkpt>
   <trkpt lat="45.70423" lon="6.189870000000001">
    <ele>1871.3100000000002</ele>
   </trkpt>
   <trkpt lat="45.704280000000004" lon="6.189830000000001">
    <ele>1871.8000000000002</ele>
   </trkpt>
   <trkpt lat="45.70465" lon="6.18975">
    <ele>1864.0800000000002</ele>
   </trkpt>
   <trkpt lat="45.705470000000005" lon="6.18972">
    <ele>1853.2</ele>
   </trkpt>
   <trkpt lat="45.70584" lon="6.189780000000001">
    <ele>1848.8300000000002</ele>
   </trkpt>
   <trkpt lat="45.70619000000001" lon="6.18991">
    <ele>1843.3400000000001</ele>
   </trkpt>
   <trkpt lat="45.70633" lon="6.189940000000001">
    <ele>1841.8500000000001</ele>
   </trkpt>
   <trkpt lat="45.7066" lon="6.189920000000001">
    <ele>1840.69</ele>
   </trkpt>
   <trkpt lat="45.707170000000005" lon="6.18977">
    <ele>1837.5500000000002</ele>
   </trkpt>
   <trkpt lat="45.707280000000004" lon="6.189710000000001">
    <ele>1837.2</ele>
   </trkpt>
   <trkpt lat="45.70758000000001" lon="6.189590000000001">
    <ele>1836.74</ele>
   </trkpt>
   <trkpt lat="45.707980000000006" lon="6.189360000000001">
    <ele>1837.0100000000002</ele>
   </trkpt>
   <trkpt lat="45.708130000000004" lon="6.18925">
    <ele>1837.5700000000002</ele>
   </trkpt>
   <trkpt lat="45.70823" lon="6.1891300000000005">
    <ele>1837.5700000000002</ele>
   </trkpt>
   <trkpt lat="45.7083" lon="6.189120000000001">
    <ele>1837.8700000000001</ele>
   </trkpt>
   <trkpt lat="45.70837" lon="6.189120000000001">
    <ele>1837.8700000000001</ele>
   </trkpt>
   <trkpt lat="45.708470000000005" lon="6.18916">
    <ele>1837.86</ele>
   </trkpt>
   <trkpt lat="45.70861000000001" lon="6.18928">
    <ele>1836.9700000000003</ele>
   </trkpt>
   <trkpt lat="45.70873" lon="6.189450000000001">
    <ele>1834.4900000000002</ele>
   </trkpt>
   <trkpt lat="45.70882" lon="6.189520000000001">
    <ele>1831.76</ele>
   </trkpt>
   <trkpt lat="45.70891" lon="6.189540000000001">
    <ele>1831.76</ele>
   </trkpt>
   <trkpt lat="45.70902" lon="6.189500000000001">
    <ele>1829.1000000000001</ele>
   </trkpt>
   <trkpt lat="45.70926" lon="6.189520000000001">
    <ele>1825.0900000000001</ele>
   </trkpt>
   <trkpt lat="45.70938" lon="6.18958">
    <ele>1825.66</ele>
   </trkpt>
   <trkpt lat="45.70949" lon="6.189590000000001">
    <ele>1826.5200000000002</ele>
   </trkpt>
   <trkpt lat="45.70962" lon="6.18965">
    <ele>1826.3500000000001</ele>
   </trkpt>
   <trkpt lat="45.70971" lon="6.1896700000000004">
    <ele>1824.9100000000003</ele>
   </trkpt>
   <trkpt lat="45.70975000000001" lon="6.18965">
    <ele>1824.9100000000003</ele>
   </trkpt>
   <trkpt lat="45.70976" lon="6.189590000000001">
    <ele>1824.2</ele>
   </trkpt>
   <trkpt lat="45.709680000000006" lon="6.189380000000001">
    <ele>1822.8600000000001</ele>
   </trkpt>
   <trkpt lat="45.709680000000006" lon="6.189330000000001">
    <ele>1819.66</ele>
   </trkpt>
   <trkpt lat="45.70973" lon="6.189330000000001">
    <ele>1819.66</ele>
   </trkpt>
   <trkpt lat="45.70985" lon="6.18939">
    <ele>1812.7900000000002</ele>
   </trkpt>
   <trkpt lat="45.709920000000004" lon="6.18939">
    <ele>1811.1800000000003</ele>
   </trkpt>
   <trkpt lat="45.70993000000001" lon="6.18935">
    <ele>1811.1800000000003</ele>
   </trkpt>
   <trkpt lat="45.70989" lon="6.189310000000001">
    <ele>1806.7700000000002</ele>
   </trkpt>
   <trkpt lat="45.70989" lon="6.1892700000000005">
    <ele>1806.7700000000002</ele>
   </trkpt>
   <trkpt lat="45.710080000000005" lon="6.18923">
    <ele>1801.77</ele>
   </trkpt>
   <trkpt lat="45.710080000000005" lon="6.18921">
    <ele>1801.77</ele>
   </trkpt>
   <trkpt lat="45.710010000000004" lon="6.18916">
    <ele>1796.38</ele>
   </trkpt>
   <trkpt lat="45.71002000000001" lon="6.18914">
    <ele>1796.38</ele>
   </trkpt>
   <trkpt lat="45.710240000000006" lon="6.18914">
    <ele>1788.46</ele>
   </trkpt>
   <trkpt lat="45.71036" lon="6.18909">
    <ele>1782.8400000000001</ele>
   </trkpt>
   <trkpt lat="45.710980000000006" lon="6.18892">
    <ele>1763.42</ele>
   </trkpt>
   <trkpt lat="45.711200000000005" lon="6.188720000000001">
    <ele>1757.1000000000001</ele>
   </trkpt>
   <trkpt lat="45.711450000000006" lon="6.18864">
    <ele>1750.5000000000002</ele>
   </trkpt>
   <trkpt lat="45.71146" lon="6.1886">
    <ele>1749.44</ele>
   </trkpt>
   <trkpt lat="45.711400000000005" lon="6.18857">
    <ele>1748.5300000000002</ele>
   </trkpt>
   <trkpt lat="45.71115" lon="6.1886">
    <ele>1744.0600000000002</ele>
   </trkpt>
   <trkpt lat="45.710860000000004" lon="6.1885900000000005">
    <ele>1734.32</ele>
   </trkpt>
   <trkpt lat="45.71083" lon="6.188560000000001">
    <ele>1734.32</ele>
   </trkpt>
   <trkpt lat="45.71099" lon="6.18838">
    <ele>1729.96</ele>
   </trkpt>
   <trkpt lat="45.711510000000004" lon="6.1879100000000005">
    <ele>1710.62</ele>
   </trkpt>
   <trkpt lat="45.71215" lon="6.18754">
    <ele>1697.5600000000002</ele>
   </trkpt>
   <trkpt lat="45.71213" lon="6.187500000000001">
    <ele>1689.41</ele>
   </trkpt>
   <trkpt lat="45.71195" lon="6.1874400000000005">
    <ele>1689.41</ele>
   </trkpt>
   <trkpt lat="45.71173" lon="6.18733">
    <ele>1680.93</ele>
   </trkpt>
   <trkpt lat="45.71157" lon="6.18731">
    <ele>1678.15</ele>
   </trkpt>
   <trkpt lat="45.71162" lon="6.18721">
    <ele>1677.01</ele>
   </trkpt>
   <trkpt lat="45.71172000000001" lon="6.18714">
    <ele>1674.5100000000002</ele>
   </trkpt>
   <trkpt lat="45.711740000000006" lon="6.187100000000001">
    <ele>1674.5100000000002</ele>
   </trkpt>
   <trkpt lat="45.71173" lon="6.187080000000001">
    <ele>1669.17</ele>
   </trkpt>
   <trkpt lat="45.71154000000001" lon="6.18705">
    <ele>1664.3200000000002</ele>
   </trkpt>
   <trkpt lat="45.711510000000004" lon="6.18702">
    <ele>1664.3200000000002</ele>
   </trkpt>
   <trkpt lat="45.711580000000005" lon="6.18684">
    <ele>1661.73</ele>
   </trkpt>
   <trkpt lat="45.711670000000005" lon="6.1867600000000005">
    <ele>1654.8</ele>
   </trkpt>
   <trkpt lat="45.711670000000005" lon="6.1867">
    <ele>1654.8</ele>
   </trkpt>
   <trkpt lat="45.71148" lon="6.186640000000001">
    <ele>1649.7</ele>
   </trkpt>
   <trkpt lat="45.71139" lon="6.186590000000001">
    <ele>1647.01</ele>
   </trkpt>
   <trkpt lat="45.711270000000006" lon="6.186490000000001">
    <ele>1644.1100000000001</ele>
   </trkpt>
   <trkpt lat="45.71117" lon="6.18644">
    <ele>1637.58</ele>
   </trkpt>
   <trkpt lat="45.71052" lon="6.186310000000001">
    <ele>1621.5400000000002</ele>
   </trkpt>
   <trkpt lat="45.71041" lon="6.186310000000001">
    <ele>1618.0</ele>
   </trkpt>
   <trkpt lat="45.710440000000006" lon="6.186240000000001">
    <ele>1618.0</ele>
   </trkpt>
   <trkpt lat="45.71059" lon="6.186050000000001">
    <ele>1610.8000000000002</ele>
   </trkpt>
   <trkpt lat="45.71078000000001" lon="6.185840000000001">
    <ele>1605.5400000000002</ele>
   </trkpt>
   <trkpt lat="45.710890000000006" lon="6.185770000000001">
    <ele>1603.02</ele>
   </trkpt>
   <trkpt lat="45.71105000000001" lon="6.18559">
    <ele>1596.4</ele>
   </trkpt>
   <trkpt lat="45.711040000000004" lon="6.185510000000001">
    <ele>1593.63</ele>
   </trkpt>
   <trkpt lat="45.71074" lon="6.18541">
    <ele>1582.8300000000002</ele>
   </trkpt>
   <trkpt lat="45.71069000000001" lon="6.185370000000001">
    <ele>1582.8300000000002</ele>
   </trkpt>
   <trkpt lat="45.71072" lon="6.1852800000000006">
    <ele>1579.96</ele>
   </trkpt>
   <trkpt lat="45.71088" lon="6.18515">
    <ele>1575.0000000000002</ele>
   </trkpt>
   <trkpt lat="45.71096000000001" lon="6.18503">
    <ele>1573.14</ele>
   </trkpt>
   <trkpt lat="45.71103" lon="6.18498">
    <ele>1570.6200000000001</ele>
   </trkpt>
   <trkpt lat="45.71105000000001" lon="6.1849300000000005">
    <ele>1569.65</ele>
   </trkpt>
   <trkpt lat="45.711040000000004" lon="6.184880000000001">
    <ele>1569.65</ele>
   </trkpt>
   <trkpt lat="45.710770000000004" lon="6.184810000000001">
    <ele>1558.15</ele>
   </trkpt>
   <trkpt lat="45.710370000000005" lon="6.184640000000001">
    <ele>1549.9900000000002</ele>
   </trkpt>
   <trkpt lat="45.71025" lon="6.18458">
    <ele>1545.2500000000002</ele>
   </trkpt>
   <trkpt lat="45.71022000000001" lon="6.184500000000001">
    <ele>1542.7400000000002</ele>
   </trkpt>
   <trkpt lat="45.71022000000001" lon="6.18444">
    <ele>1541.38</ele>
   </trkpt>
   <trkpt lat="45.71025" lon="6.184380000000001">
    <ele>1541.38</ele>
   </trkpt>
   <trkpt lat="45.710570000000004" lon="6.18409">
    <ele>1528.82</ele>
   </trkpt>
   <trkpt lat="45.71059" lon="6.18402">
    <ele>1528.82</ele>
   </trkpt>
   <trkpt lat="45.710570000000004" lon="6.183940000000001">
    <ele>1525.8600000000001</ele>
   </trkpt>
   <trkpt lat="45.7105" lon="6.18386">
    <ele>1523.8200000000002</ele>
   </trkpt>
   <trkpt lat="45.71027" lon="6.18369">
    <ele>1517.6200000000001</ele>
   </trkpt>
   <trkpt lat="45.709830000000004" lon="6.183490000000001">
    <ele>1503.71</ele>
   </trkpt>
   <trkpt lat="45.70937000000001" lon="6.183450000000001">
    <ele>1490.43</ele>
   </trkpt>
   <trkpt lat="45.709250000000004" lon="6.183350000000001">
    <ele>1484.3500000000001</ele>
   </trkpt>
   <trkpt lat="45.70918" lon="6.183210000000001">
    <ele>1480.52</ele>
   </trkpt>
   <trkpt lat="45.708980000000004" lon="6.18325">
    <ele>1474.52</ele>
   </trkpt>
   <trkpt lat="45.70888" lon="6.183190000000001">
    <ele>1472.26</ele>
   </trkpt>
   <trkpt lat="45.708760000000005" lon="6.18304">
    <ele>1467.2500000000002</ele>
   </trkpt>
   <trkpt lat="45.708490000000005" lon="6.18297">
    <ele>1461.84</ele>
   </trkpt>
   <trkpt lat="45.708330000000004" lon="6.182860000000001">
    <ele>1457.2</ele>
   </trkpt>
   <trkpt lat="45.708220000000004" lon="6.182910000000001">
    <ele>1456.2700000000002</ele>
   </trkpt>
   <trkpt lat="45.7081" lon="6.182860000000001">
    <ele>1454.2400000000002</ele>
   </trkpt>
   <trkpt lat="45.70788" lon="6.18285">
    <ele>1447.8600000000001</ele>
   </trkpt>
   <trkpt lat="45.70787000000001" lon="6.182740000000001">
    <ele>1445.1100000000001</ele>
   </trkpt>
   <trkpt lat="45.70774" lon="6.182720000000001">
    <ele>1444.15</ele>
   </trkpt>
   <trkpt lat="45.7077" lon="6.182370000000001">
    <ele>1436.14</ele>
   </trkpt>
   <trkpt lat="45.707820000000005" lon="6.182080000000001">
    <ele>1425.3500000000001</ele>
   </trkpt>
   <trkpt lat="45.707890000000006" lon="6.18198">
    <ele>1425.3500000000001</ele>
   </trkpt>
   <trkpt lat="45.70794" lon="6.181780000000001">
    <ele>1418.0300000000002</ele>
   </trkpt>
   <trkpt lat="45.707950000000004" lon="6.181620000000001">
    <ele>1416.6200000000001</ele>
   </trkpt>
   <trkpt lat="45.708040000000004" lon="6.181400000000001">
    <ele>1410.4500000000003</ele>
   </trkpt>
   <trkpt lat="45.708000000000006" lon="6.181310000000001">
    <ele>1407.99</ele>
   </trkpt>
   <trkpt lat="45.707910000000005" lon="6.181330000000001">
    <ele>1405.43</ele>
   </trkpt>
   <trkpt lat="45.70787000000001" lon="6.18118">
    <ele>1402.7800000000002</ele>
   </trkpt>
   <trkpt lat="45.707890000000006" lon="6.18106">
    <ele>1401.37</ele>
   </trkpt>
   <trkpt lat="45.708000000000006" lon="6.180860000000001">
    <ele>1395.0300000000002</ele>
   </trkpt>
   <trkpt lat="45.70801" lon="6.180680000000001">
    <ele>1390.5400000000002</ele>
   </trkpt>
   <trkpt lat="45.70806" lon="6.180440000000001">
    <ele>1385.49</ele>
   </trkpt>
   <trkpt lat="45.70812" lon="6.180390000000001">
    <ele>1383.3500000000001</ele>
   </trkpt>
   <trkpt lat="45.70814" lon="6.1802600000000005">
    <ele>1381.68</ele>
   </trkpt>
   <trkpt lat="45.70819" lon="6.1802">
    <ele>1381.01</ele>
   </trkpt>
   <trkpt lat="45.708180000000006" lon="6.180110000000001">
    <ele>1379.2600000000002</ele>
   </trkpt>
   <trkpt lat="45.708070000000006" lon="6.1797200000000005">
    <ele>1375.69</ele>
   </trkpt>
   <trkpt lat="45.707890000000006" lon="6.17949">
    <ele>1370.93</ele>
   </trkpt>
   <trkpt lat="45.70788" lon="6.1793000000000005">
    <ele>1366.95</ele>
   </trkpt>
   <trkpt lat="45.70783" lon="6.17924">
    <ele>1363.88</ele>
   </trkpt>
   <trkpt lat="45.70779" lon="6.17914">
    <ele>1363.88</ele>
   </trkpt>
   <trkpt lat="45.707620000000006" lon="6.178920000000001">
    <ele>1354.51</ele>
   </trkpt>
   <trkpt lat="45.70759" lon="6.17886">
    <ele>1354.51</ele>
   </trkpt>
   <trkpt lat="45.707570000000004" lon="6.17874">
    <ele>1354.51</ele>
   </trkpt>
   <trkpt lat="45.70740000000001" lon="6.178350000000001">
    <ele>1340.13</ele>
   </trkpt>
   <trkpt lat="45.707370000000004" lon="6.178210000000001">
    <ele>1335.9800000000002</ele>
   </trkpt>
   <trkpt lat="45.70722000000001" lon="6.1778200000000005">
    <ele>1329.26</ele>
   </trkpt>
   <trkpt lat="45.70698" lon="6.17703">
    <ele>1310.8500000000001</ele>
   </trkpt>
   <trkpt lat="45.706880000000005" lon="6.17665">
    <ele>1305.38</ele>
   </trkpt>
   <trkpt lat="45.70675000000001" lon="6.17637">
    <ele>1302.1200000000001</ele>
   </trkpt>
   <trkpt lat="45.70655000000001" lon="6.175800000000001">
    <ele>1294.6000000000001</ele>
   </trkpt>
   <trkpt lat="45.706520000000005" lon="6.175490000000001">
    <ele>1288.48</ele>
   </trkpt>
   <trkpt lat="45.706500000000005" lon="6.17492">
    <ele>1278.48</ele>
   </trkpt>
   <trkpt lat="45.70656" lon="6.174600000000001">
    <ele>1272.2</ele>
   </trkpt>
   <trkpt lat="45.706570000000006" lon="6.17431">
    <ele>1266.44</ele>
   </trkpt>
   <trkpt lat="45.706520000000005" lon="6.17424">
    <ele>1264.1</ele>
   </trkpt>
   <trkpt lat="45.70651" lon="6.17417">
    <ele>1264.1</ele>
   </trkpt>
   <trkpt lat="45.70653" lon="6.173900000000001">
    <ele>1257.93</ele>
   </trkpt>
   <trkpt lat="45.706500000000005" lon="6.173850000000001">
    <ele>1256.5700000000002</ele>
   </trkpt>
   <trkpt lat="45.706430000000005" lon="6.1738100000000005">
    <ele>1255.14</ele>
   </trkpt>
   <trkpt lat="45.706410000000005" lon="6.17311">
    <ele>1236.31</ele>
   </trkpt>
   <trkpt lat="45.70628000000001" lon="6.17292">
    <ele>1229.2</ele>
   </trkpt>
   <trkpt lat="45.7062" lon="6.172860000000001">
    <ele>1229.2</ele>
   </trkpt>
   <trkpt lat="45.70613" lon="6.172750000000001">
    <ele>1225.39</ele>
   </trkpt>
   <trkpt lat="45.70611" lon="6.172680000000001">
    <ele>1224.28</ele>
   </trkpt>
   <trkpt lat="45.70591" lon="6.172560000000001">
    <ele>1219.1200000000001</ele>
   </trkpt>
   <trkpt lat="45.7058" lon="6.172470000000001">
    <ele>1217.39</ele>
   </trkpt>
   <trkpt lat="45.70577" lon="6.172370000000001">
    <ele>1216.4</ele>
   </trkpt>
   <trkpt lat="45.70575" lon="6.17201">
    <ele>1209.66</ele>
   </trkpt>
   <trkpt lat="45.70564" lon="6.172090000000001">
    <ele>1207.24</ele>
   </trkpt>
  </trkseg>
 </trk>
</gpx>
